,Unnamed: 0,ticker,fiscalDateEnding,reportedCurrency_x,totalAssets,totalCurrentAssets,cashAndCashEquivalentsAtCarryingValue,cashAndShortTermInvestments,inventory,currentNetReceivables,totalNonCurrentAssets,propertyPlantEquipment,intangibleAssets,intangibleAssetsExcludingGoodwill,goodwill,shortTermInvestments,otherCurrentAssets,totalLiabilities,totalCurrentLiabilities,currentAccountsPayable,shortTermDebt,totalNonCurrentLiabilities,capitalLeaseObligations,longTermDebt,shortLongTermDebtTotal,otherCurrentLiabilities,otherNonCurrentLiabilities,totalShareholderEquity,retainedEarnings,commonStock,commonStockSharesOutstanding,reportedCurrency_y,grossProfit,totalRevenue,costOfRevenue,costofGoodsAndServicesSold,operatingIncome,sellingGeneralAndAdministrative,researchAndDevelopment,operatingExpenses,netInterestIncome,interestIncome,interestExpense,depreciationAndAmortization,incomeBeforeTax,incomeTaxExpense,netIncomeFromContinuingOperations,ebit,ebitda,netIncome,Unnamed: 0_was_missing,totalAssets_was_missing,totalCurrentAssets_was_missing,cashAndCashEquivalentsAtCarryingValue_was_missing,cashAndShortTermInvestments_was_missing,inventory_was_missing,currentNetReceivables_was_missing,totalNonCurrentAssets_was_missing,propertyPlantEquipment_was_missing,intangibleAssets_was_missing,intangibleAssetsExcludingGoodwill_was_missing,goodwill_was_missing,shortTermInvestments_was_missing,otherCurrentAssets_was_missing,totalLiabilities_was_missing,totalCurrentLiabilities_was_missing,currentAccountsPayable_was_missing,shortTermDebt_was_missing,totalNonCurrentLiabilities_was_missing,capitalLeaseObligations_was_missing,longTermDebt_was_missing,shortLongTermDebtTotal_was_missing,otherCurrentLiabilities_was_missing,otherNonCurrentLiabilities_was_missing,totalShareholderEquity_was_missing,retainedEarnings_was_missing,commonStock_was_missing,commonStockSharesOutstanding_was_missing,grossProfit_was_missing,totalRevenue_was_missing,costOfRevenue_was_missing,costofGoodsAndServicesSold_was_missing,operatingIncome_was_missing,sellingGeneralAndAdministrative_was_missing,researchAndDevelopment_was_missing,operatingExpenses_was_missing,netInterestIncome_was_missing,interestIncome_was_missing,interestExpense_was_missing,depreciationAndAmortization_was_missing,incomeBeforeTax_was_missing,incomeTaxExpense_was_missing,netIncomeFromContinuingOperations_was_missing,ebit_was_missing,ebitda_was_missing,netIncome_was_missing,close_price,price_date,future_return_1y
71,71,ADBE,2020-02-29,USD,21214000000.0,6455000000,2688000000.0,2688000000.0,1478040500.0,1389000000.0,14759000000,1340000000.0,1626000000.0,1626000000.0,10691000000.0,1483000000.0,895000000.0,10749000000,5228000000.0,265000000.0,84000000.0,5521000000.0,598000000.0,4113000000.0,4711000000.0,1241000000.0,1235000000.0,10465000000,15390000000.0,8000000.0,488000000,USD,2639000000,3091000000,452000000.0,452000000.0,937000000,271000000.0,532000000.0,1702000000,-14000000.0,19000000.0,33000000.0,188000000.0,919000000,-36000000.0,955000000.0,952000000.0,1140000000,955000000,0,0,0,0,0,1,0,0,0,0,0,0,0,0,0,0,0,0,0,0,0,0,0,0,0,0,1,0,0,0,0,0,0,0,0,0,0,0,0,0,0,0,0,0,0,0,345.1199951171875,2020-02-28,0.3605992523405477
1263,1263,AAPL,2020-03-31,USD,320400000000.0,143753000000,40174000000.0,40174000000.0,3334000000.0,30677000000.0,176647000000,35889000000.0,986000000.0,986000000.0,4290000000.0,53877000000.0,15691000000.0,241975000000,96094000000.0,32421000000.0,20421000000.0,145881000000.0,0.0,89086000000.0,109507000000.0,37324000000.0,56795000000.0,78425000000,33182000000.0,48032000000.0,17618764000,USD,22370000000,58313000000,35943000000.0,35943000000.0,12853000000,4952000000.0,4565000000.0,9517000000,292000000.0,1049000000.0,757000000.0,2786000000.0,13135000000,1886000000.0,11249000000.0,13892000000.0,16678000000,11249000000,0,0,0,0,0,0,0,0,0,1,1,1,0,0,0,0,0,0,0,1,0,0,0,0,0,0,0,0,0,0,0,0,0,0,0,0,0,0,0,0,0,0,0,0,0,0,61.44304656982422,2020-03-31,0.9363224242788475
238,238,ADP,2020-03-31,USD,43383400000.0,35708700000,1705000000.0,1705000000.0,30834400000.0,2620600000.0,7674700000,743100000.0,1106700000.0,1106700000.0,2299300000.0,3200000.0,31379900000.0,37892700000,34672800000.0,115500000.0,1001800000.0,3219900000.0,361200000.0,1002800000.0,2365800000.0,33289600000.0,1106800000.0,5490700000,18416500000.0,63900000.0,431800000,USD,1953100000,4047800000,2094699999.0,2094699999.0,1052099999,756600000.0,172100000.0,901000000,-7900000.0,12100000.0,20000000.0,120600000.0,1076700000,255800000.0,820900000.0,1096700000.0,1217300000,820900000,0,0,0,0,0,0,0,0,0,0,0,0,0,0,0,0,0,0,0,0,0,0,0,0,0,0,0,0,0,0,0,0,0,0,0,0,0,0,0,0,0,0,0,0,0,0,121.02425384521484,2020-03-31,0.4109768515713812
666,666,AEP,2020-03-31,USD,77724000000.0,5292000000,1554600000.0,1554600000.0,1195900000.0,1741500000.0,72432000000,61048900000.0,986000000.0,986000000.0,52500000.0,185200000.0,614800000.0,57716300000,11654700000.0,1593400000.0,6808100000.0,46061600000.0,970600000.0,25783000000.0,33327400000.0,1636800000.0,12200200000.0,19728400000,10038800000.0,3350200000.0,496608918,USD,1082900000,3757400000,2674500000.0,2674500000.0,761800000,602100000.0,0.0,321100000,-292100000.0,260700000.0,291200000.0,695600000.0,545800000,46500000.0,469700000.0,807400000.0,1503000000,495200000,0,0,0,0,0,0,0,0,0,1,1,0,0,0,0,0,0,0,0,0,0,0,0,0,0,0,0,0,0,0,0,0,0,0,1,0,0,0,0,0,0,0,0,0,0,0,64.42422485351562,2020-03-31,0.09619464788425502
642,642,ALGN,2020-03-31,USD,3964840000.0,1576525000,790696000.0,790696000.0,120977000.0,616046000.0,2388315000,663491000.0,10467000.0,10467000.0,63284000.0,0.0,48806000.0,1111851000,910686000.0,72690000.0,20225000.0,201165000.0,73970000.0,53745000.0,73970000.0,223910000.0,201165000.0,2852989000,1958043000.0,8000.0,79028000,USD,394356000,550963000,156607000.0,156607000.0,69918000,282906000.0,41532000.0,324438000,1986000.0,1986000.0,16563000.0,20738000.0,53355000,-1464776000.0,1518131000.0,69918000.0,90656000,1518131000,0,0,0,0,0,0,0,0,0,0,0,0,0,0,0,0,0,0,0,0,0,0,0,0,0,0,0,0,0,0,0,0,0,0,0,0,0,0,0,0,0,0,0,0,0,0,173.9499969482422,2020-03-31,2.113136181646523
618,618,AMD,2020-03-31,USD,5864000000.0,4390000000,1330000000.0,1330000000.0,1056000000.0,1708000000.0,1474000000,540000000.0,194000000.0,194000000.0,289000000.0,55000000.0,241000000.0,2827000000,1985000000.0,653000000.0,0.0,842000000.0,211000000.0,488000000.0,699000000.0,1332000000.0,143000000.0,3037000000,-6933000000.0,12000000.0,1224000000,USD,818000000,1786000000,968000000.0,968000000.0,177000000,199000000.0,442000000.0,641000000,-13000000.0,0.0,13000000.0,78000000.0,168000000,6000000.0,162000000.0,177000000.0,255000000,162000000,0,0,0,0,0,0,0,0,0,0,0,0,0,0,0,0,0,1,0,0,0,0,0,0,0,0,0,0,0,0,0,0,0,0,0,0,0,1,0,0,0,0,0,0,0,0,45.47999954223633,2020-03-31,0.726033438656891
143,143,AMGN,2020-03-31,USD,61669000000.0,18813000000,7687000000.0,7687000000.0,3682000000.0,5009000000.0,42856000000,4879000000.0,18653000000.0,18653000000.0,14683000000.0,325000000.0,2110000000.0,52184000000,11827000000.0,1338000000.0,1840000000.0,40357000000.0,0.0,30008000000.0,31848000000.0,8649000000.0,9922000000.0,9485000000,-21378000000.0,31525000000.0,594000000,USD,4648000000,6161000000,1513000000.0,1513000000.0,2355000000,1316000000.0,952000000.0,2293000000,-335000000.0,11000000.0,346000000.0,897000000.0,2020000000,195000000.0,1825000000.0,2366000000.0,3263000000,1825000000,0,0,0,0,0,0,0,0,0,0,0,0,0,0,0,0,0,0,0,1,0,0,0,0,0,0,0,0,0,0,0,0,0,0,0,0,0,0,0,0,0,0,0,0,0,0,168.56817626953125,2020-03-31,0.2616426806806089
119,119,AMZN,2020-03-31,USD,221238000000.0,85985000000,27201000000.0,27201000000.0,18857000000.0,17836000000.0,135253000000,77779000000.0,986000000.0,986000000.0,14739000000.0,22091000000.0,3836000000.0,155966000000,79711000000.0,40056000000.0,1311000000.0,76255000000.0,40300000000.0,23437000000.0,63737000000.0,30791000000.0,12518000000.0,65272000000,33755000000.0,5000000.0,10120000000,USD,31195000000,75452000000,44257000000.0,44257000000.0,3989000000,1452000000.0,7993000000.0,27134027000,-200000000.0,202000000.0,402000000.0,5362000000.0,3279000000,744000000.0,2639000000.0,3989000000.0,9351000000,2535000000,0,0,0,0,0,0,0,0,0,1,1,0,0,0,0,0,0,0,0,0,0,0,0,0,0,0,0,0,0,0,0,0,0,0,0,0,0,0,0,0,0,0,0,0,0,0,97.48600006103516,2020-03-31,0.5869355051404068
687,687,ANSS,2020-03-31,USD,4526085000.0,1290700000,717748000.0,717748000.0,1.0,524773000.0,3235385000,82471000.0,458136000.0,458136000.0,2398684000.0,282000.0,47897000.0,1233735000,537142000.0,12571000.0,27225000.0,696593000.0,107035000.0,423607000.0,530642000.0,144382000.0,203208000.0,3292350000,3416770000.0,946000.0,87369000,USD,254869000,304985000,50116000.0,50116000.0,34073000,130522000.0,86112000.0,220796000,-876000.0,2775000.0,3651000.0,20702000.0,33324000,-12740000.0,46064000.0,35023000.0,55725000,46064000,0,0,0,0,0,0,0,0,0,0,0,0,0,0,0,0,0,0,0,0,0,0,0,0,0,0,0,0,0,0,0,0,0,0,0,0,0,0,0,0,0,0,0,0,0,0,,,
1239,1239,AZN,2020-03-31,USD,57211000000.0,12822000000,3413000000.0,3413000000.0,3123000000.0,5080000000.0,44389000000,2047000000.0,19718000000.0,19718000000.0,11569000000.0,752000000.0,454000000.0,44995000000,17043000000.0,12633000000.0,2470000000.0,27952000000.0,0.0,0.0,18576000000.0,680000000.0,0.0,10778000000,448000000.0,328000000.0,2626000000,USD,4934000000,6354000000,1420000000.0,1420000000.0,1220000000,2719000000.0,1388000000.0,3714000000,0.0,0.0,332000000.0,841000000.0,935000000,185000000.0,471000000.0,1267000000.0,2108000000,780000000,0,0,0,0,0,0,0,0,1,0,0,0,0,0,0,0,0,0,0,1,1,0,0,1,0,0,0,0,0,0,0,0,0,0,0,0,1,1,0,0,0,0,1,0,0,0,78.2477798461914,2020-03-31,0.14389114841294837
1311,1311,BIDU,2020-03-31,CNY,299017000000.0,165285000000,21761000000.0,21761000000.0,1009000000.0,9688000000.0,133732000000,24633000000.0,7164000000.0,7164000000.0,18250000000.0,123916000000.0,8911000000.0,128204000000,56015000000.0,31040000000.0,11042000000.0,72189000000.0,6879000000.0,59278000000.0,74783000000.0,2584000000.0,482000000.0,163046000000,124714000000.0,8000000.0,347625000,CNY,7858000000,22545000000,14687000000.0,14687000000.0,-437000000,3852000000.0,4443000000.0,8295000000,690000000.0,1441000000.0,751000000.0,1799000000.0,-1480000000,198000000.0,-1678000000.0,-729000000.0,1070000000,41000000,0,0,0,0,0,0,0,0,0,0,0,0,0,0,0,0,0,0,0,0,0,0,0,0,0,0,1,0,0,0,0,0,0,0,0,0,0,0,0,0,0,0,0,0,0,0,100.79000091552734,2020-03-31,1.1584482694279137
1335,1335,BIIB,2020-03-31,USD,26119200000.0,8007200000,2591300000.0,2591300000.0,858800000.0,2604200000.0,18112000000,3281600000.0,3446900000.0,3446900000.0,5752000000.0,1269100000.0,683800000.0,13582300000,4638600000.0,389000000.0,1501800000.0,8943700000.0,403700000.0,4459900000.0,6365400000.0,2437800000.0,1761000000.0,12546900000,15673100000.0,100000.0,173100000,USD,3080000000,3534300000,454300000.0,454300000.0,1819900000,570100000.0,622800000.0,1260100000,-19900000.0,24400000.0,44300000.0,119900000.0,1684600000,292000000.0,1407400000.0,1890300000.0,2010200000,1399100000,0,0,0,0,0,0,0,0,0,0,0,0,0,0,0,0,0,0,0,0,0,0,0,0,0,0,0,0,0,0,0,0,0,0,0,0,0,0,0,0,0,0,0,0,0,0,316.3800048828125,2020-03-31,-0.115778507862342
734,734,CDNS,2020-03-31,USD,3767973000.0,1399507000,946285000.0,946285000.0,60575000.0,300078000.0,2368466000,281207000.0,258617000.0,258617000.0,778992000.0,0.0,92569000.0,1609979000,1012429000.0,233334000.0,350000000.0,597550000.0,0.0,346205000.0,696205000.0,236813000.0,155842000.0,2157994000,1883677000.0,2099425000.0,279265000,USD,543494000,617957000,74463000.0,74463000.0,138284000,33592000.0,241668000.0,405210000,-4637000.0,0.0,4637000.0,34027000.0,130180000,6192000.0,123988000.0,134111000.0,168138000,123988000,0,0,0,0,0,0,0,0,0,0,0,0,1,0,0,0,0,0,0,1,0,0,0,0,0,0,0,0,0,0,0,0,0,0,0,0,0,1,0,0,0,0,0,0,0,0,66.04000091552734,2020-03-31,1.0743489338891714
1359,1359,CHTR,2020-03-31,USD,146552000000.0,5759000000,2908000000.0,2908000000.0,1478040500.0,2091000000.0,140793000000,34096000000.0,74709000000.0,74709000000.0,29554000000.0,0.0,760000000.0,109830000000,13215000000.0,733000000.0,5123000000.0,96615000000.0,218000000.0,74787000000.0,79910000000.0,6371000000.0,4163000000.0,29628000000,436000000.0,8000000.0,212810613,USD,3950000000,11738000000,7788000000.0,7788000000.0,1809000000,856000000.0,0.0,2141000000,-980000000.0,1298000000.0,980000000.0,2497000000.0,496000000,29000000.0,467000000.0,1476000000.0,3973000000,396000000,0,0,0,0,0,1,0,0,0,0,0,0,1,0,0,0,0,0,0,0,0,0,0,0,0,0,1,0,0,0,0,0,0,0,1,0,0,0,0,0,0,0,0,0,0,0,436.30999755859375,2020-03-31,0.4141780453893633
1119,1119,DDOG,2020-03-31,USD,1066656000.0,933065000,194350000.0,194350000.0,1478040500.0,108437000.0,133591000,85370000.0,1176000.0,1176000.0,8891000.0,600384000.0,29894000.0,263761000,210638000.0,14205000.0,13436000.0,53123000.0,59478000.0,0.0,59478000.0,41755000.0,3141000.0,802895000,-117137000.0,3000.0,327801000,USD,104769000,131248000,26479000.0,26479000.0,3778000,14952000.0,40824000.0,100991000,0.0,0.0,707000.0,3688000.0,6674000,195000.0,6479000.0,6674000.0,10362000,6479000,0,0,0,0,0,1,0,0,0,0,0,0,0,0,0,0,0,0,0,0,1,0,0,0,0,0,0,0,0,0,0,0,0,0,0,0,1,1,0,0,0,0,0,0,0,0,35.97999954223633,2020-03-31,1.3162867537021277
262,262,FISV,2020-03-31,USD,72598000000.0,12933000000,896000000.0,896000000.0,78088000.0,2582000000.0,59665000000,2047000000.0,17004000000.0,17004000000.0,35695000000.0,0.0,9376912000.0,39052000000,12119000000.0,370000000.0,338000000.0,26933000000.0,0.0,0.0,21968000000.0,10126000000.0,0.0,31843000000,12875000000.0,8000000.0,691200000,USD,1602000000,3769000000,2167000000.0,2167000000.0,629000000,368000000.0,0.0,973000000,0.0,0.0,189000000.0,832000000.0,456000000,79000000.0,471000000.0,651000000.0,1483000000,392000000,0,0,0,0,0,0,0,0,1,0,0,0,1,0,0,0,0,0,0,1,1,0,0,1,0,0,0,0,0,0,0,0,0,1,1,0,1,1,0,0,0,0,1,0,0,0,94.98999786376952,2020-03-31,0.2531845835626745
828,828,FTNT,2020-03-31,USD,3206200000.0,2035300000,626100000.0,626100000.0,105000000.0,474700000.0,1170900000,374200000.0,27100000.0,27100000.0,67200000.0,775200000.0,54300000.0,2669900000,1543000000.0,87800000.0,0.0,1126900000.0,0.0,0.0,28300000.0,143700000.0,1126900000.0,536300000,-589200000.0,200000.0,871000000,USD,449000000,577700000,128700000.0,128700000.0,116700000,28800000.0,80300000.0,332300000,9200000.0,9200000.0,9200000.0,17600000.0,117900000,13300000.0,104000000.0,116700000.0,134300000,104600000,0,0,0,0,0,0,0,0,0,0,0,0,0,0,0,0,0,1,0,1,1,0,0,0,0,0,0,0,0,0,0,0,0,0,0,0,0,0,0,0,0,0,0,0,0,0,20.233999252319336,2020-03-31,0.8228724045555036
286,286,GILD,2020-03-31,USD,59741000000.0,26950000000,10051000000.0,10051000000.0,986000000.0,3907000000.0,32791000000,4564000000.0,13502000000.0,13502000000.0,4117000000.0,10734000000.0,1272000000.0,37562000000,8879000000.0,590000000.0,1999000000.0,28683000000.0,0.0,22098000000.0,24097000000.0,5645000000.0,6585000000.0,22067000000,18709000000.0,1000000.0,1270000000,USD,4579000000,5548000000,969000000.0,969000000.0,2402000000,1076000000.0,1004000000.0,2177000000,-241000000.0,500000000.0,241000000.0,349000000.0,2003000000,465000000.0,1538000000.0,2244000000.0,2593000000,1551000000,0,0,0,0,0,0,0,0,0,0,0,0,0,0,0,0,0,0,0,1,0,0,0,0,0,0,0,0,0,0,0,0,0,0,0,0,0,0,0,0,0,0,0,0,0,0,59.84553527832031,2020-03-31,-0.09854649509935764
95,95,GOOGL,2020-03-31,USD,273403000000.0,147018000000,19644000000.0,19644000000.0,889000000.0,23735000000.0,126385000000,87966000000.0,1840000000.0,1840000000.0,20734000000.0,97585000000.0,5165000000.0,69744000000,40189000000.0,4099000000.0,1312000000.0,29555000000.0,12844000000.0,3960000000.0,16804000000.0,31927000000.0,22460000000.0,203659000000,151068000000.0,53688000000.0,13845334461,USD,22177000000,41159000000,18982000000.0,18982000000.0,7977000000,2880000000.0,6820000000.0,14200000000,565000000.0,586000000.0,21000000.0,3108000000.0,7757000000,921000000.0,6836000000.0,7778000000.0,10886000000,6836000000,0,0,0,0,0,0,0,0,0,0,0,0,0,0,0,0,0,0,0,0,0,0,0,0,0,0,0,0,0,0,0,0,0,0,0,0,0,0,0,0,0,0,0,0,0,0,57.66182327270508,2020-03-31,0.775050459121942
852,852,IDXX,2020-03-31,USD,1886245000.0,721351000,81395000.0,81395000.0,211644000.0,333803000.0,1164894000,546158000.0,57948000.0,57948000.0,233211000.0,0.0,94509000.0,1778190000,846241000.0,74210000.0,502317000.0,931949000.0,80836000.0,697363000.0,1265023000.0,198335000.0,195678000.0,107674000,1705646000.0,10591000.0,86705000,USD,359590000,626336000,266746000.0,266746000.0,144325000,65812000.0,33310000.0,215265000,-7552000.0,140000.0,7692000.0,23204000.0,136773000,24917000.0,111856000.0,145165000.0,168369000,111827000,0,0,0,0,0,0,0,0,0,0,0,0,1,0,0,0,0,0,0,0,0,0,0,0,0,0,0,0,0,0,0,0,0,0,0,0,0,0,0,0,0,0,0,0,0,0,242.2400054931641,2020-03-31,1.0199388476830342
23,23,INTC,2020-03-31,USD,147710000000.0,41501000000,11380000000.0,11380000000.0,9246000000.0,8455000000.0,106209000000,56770000000.0,10429000000.0,10429000000.0,26276000000.0,9423000000.0,2997000000.0,71356000000,23895000000.0,4638000000.0,3464000000.0,47461000000.0,0.0,36455000000.0,39919000000.0,9115000000.0,7626000000.0,76354000000,52644000000.0,25251000000.0,4312000000,USD,12016000000,19828000000,7812000000.0,7812000000.0,7038000000,1541000000.0,3275000000.0,4978000000,-42000000.0,93000000.0,135000000.0,3050000000.0,6614000000,953000000.0,5661000000.0,7200000000.0,10250000000,5661000000,0,0,0,0,0,0,0,0,0,0,0,0,0,0,0,0,0,0,0,1,0,0,0,0,0,0,0,0,0,0,0,0,0,0,0,0,0,0,0,0,0,0,0,0,0,0,47.97391128540039,2020-03-31,0.2133430682216937
333,333,ISRG,2020-03-31,USD,9891100000.0,7408700000,1223800000.0,1223800000.0,620300000.0,527600000.0,2482400000,1369200000.0,488000000.0,488000000.0,335000000.0,2029600000.0,290200000.0,1360600000,1360600000.0,994400000.0,440500000.0,414700000.0,0.0,0.0,6120000000.0,440500000.0,414700000.0,8530500000,2570900000.0,100000.0,359400000,USD,738200000,1099500000,361300000.0,361300000.0,283000000,308100000.0,147100000.0,455200000,25100000.0,25100000.0,58000000.0,63400000.0,308100000,-8100000.0,316200000.0,283000000.0,346400000,313500000,0,0,0,0,0,0,0,0,0,0,0,0,0,0,0,0,0,0,0,1,1,1,0,0,0,0,0,0,0,0,0,0,0,0,0,0,0,0,1,0,0,0,0,0,0,0,165.07000732421875,2020-03-31,0.4921750063874857
356,356,JD,2020-03-31,CNY,259723704000.0,139094558000,36971420000.0,36971420000.0,57932156000.0,10424655000.0,120629146000,32197789000.0,15001776000.0,15001776000.0,6643669000.0,24602777000.0,5629561000.0,159099473000,140017021000.0,90428382000.0,3193480000.0,19082452000.0,8732526000.0,17131484000.0,20324964000.0,26989946000.0,206812000.0,81855970000,-11912679000.0,381000.0,1490130500,CNY,22535510000,146205209000,123669699000.0,123669699000.0,2320449000,1411796000.0,3935159000.0,20215061000,315954000.0,523054000.0,207100000.0,180323877.0,1383627000,326444000.0,1057183000.0,388448516.0,1590727000,1073603000,0,0,0,0,0,0,0,0,0,0,0,0,0,0,0,0,0,0,0,0,0,0,0,0,0,0,0,0,0,0,0,0,0,0,0,0,0,0,0,0,0,0,0,0,0,0,36.74989700317383,2020-03-31,1.0822222672029058
380,380,KHC,2020-03-31,USD,104073000000.0,11708000000,5403000000.0,5403000000.0,2831000000.0,2321000000.0,92365000000,6813000000.0,48259000000.0,48259000000.0,35062000000.0,0.0,1153000000.0,52949000000,7934000000.0,3956000000.0,1248000000.0,45015000000.0,0.0,31531000000.0,32779000000.0,2730000000.0,250000000.0,51009000000,-2686000000.0,12000000.0,1224000000,USD,1858000000,6157000000,4299000000.0,4299000000.0,770000000,788000000.0,0.0,1088000000,-301000000.0,9000000.0,310000000.0,243000000.0,541000000,160000000.0,701000000.0,851000000.0,1094000000,378000000,0,0,0,0,0,0,0,0,0,0,0,0,1,0,0,0,0,0,0,1,0,0,0,0,0,0,0,0,0,0,0,0,0,0,1,0,0,0,0,0,0,0,0,0,0,0,18.91193008422852,2020-03-31,0.6936660905199215
876,876,KLAC,2020-03-31,USD,8845946000.0,4318465000,1634531000.0,1634531000.0,1264130000.0,1119263000.0,4527481000,497743000.0,1437844000.0,1437844000.0,2043129000.0,688356000.0,300541000.0,6520750000,1653274000.0,243234000.0,28520000.0,4867476000.0,96044000.0,3443937000.0,3472457000.0,830899000.0,776319000.0,2307433000,376656000.0,2019071000.0,157172000,USD,833806000,1423964000,590158000.0,590158000.0,432613000,185760000.0,215433000.0,401193000,-39231000.0,39231000.0,39231000.0,81990000.0,115199000,37190000.0,78009000.0,154271000.0,236261000,78452000,0,0,0,0,0,0,0,0,0,0,0,0,0,0,0,0,0,0,0,0,0,0,0,0,0,0,0,0,0,0,0,0,0,0,0,0,0,0,0,0,0,0,0,0,0,0,134.2681884765625,2020-03-31,1.3349923858444894
1215,1215,LCID,2020-03-31,USD,25527300000.0,352189000,-352189000.0,-352189000.0,1478040500.0,1735000000.0,-352189000,2047000000.0,986000000.0,986000000.0,4290000000.0,704378000.0,501776500.0,-454685000,4427000000.0,582187500.0,0.0,-454685000.0,0.0,0.0,6120000000.0,1414000000.0,0.0,454685000,3807700000.0,8000000.0,161862153,USD,8000,8000,1138000000.0,1138000000.0,-123996000,368000000.0,109759000.0,124004000,0.0,0.0,58000000.0,1502000.0,-129655000,-72000.0,471000000.0,-123996000.0,-122494000,-129583000,0,1,0,0,0,1,1,0,1,1,1,1,0,1,0,1,1,1,0,1,1,1,1,1,0,1,1,0,0,0,1,1,0,1,0,0,1,1,1,0,0,0,1,0,0,0,98.9000015258789,2020-09-18,1.3437815922692713
1191,1191,META,2020-03-31,USD,138371000000.0,69349000000,23618000000.0,23618000000.0,1478040500.0,7289000000.0,69022000000,37127000000.0,838000000.0,838000000.0,18811000000.0,36671000000.0,1771000000.0,33067000000,15069000000.0,829000000.0,835000000.0,17998000000.0,10344000000.0,0.0,10344000000.0,13158000000.0,17998000000.0,105304000000,59160000000.0,46688000000.0,2868000000,USD,14278000000,17737000000,3459000000.0,3459000000.0,5893000000,1583000000.0,4015000000.0,8385000000,228000000.0,228000000.0,228000000.0,1597000000.0,5861000000,959000000.0,4902000000.0,5893000000.0,7490000000,4902000000,0,0,0,0,0,1,0,0,0,0,0,0,0,0,0,0,0,0,0,0,1,0,0,0,0,0,0,0,0,0,0,0,0,0,0,0,0,0,0,0,0,0,0,0,0,0,165.6429443359375,2020-03-31,0.7657671965080435
947,947,MRNA,2020-03-31,USD,2067541000.0,1249936000,391720000.0,391720000.0,1478040500.0,18793000.0,817605000,302599000.0,986000000.0,986000000.0,4290000000.0,825981000.0,13442000.0,426667000,134582000.0,11034000.0,55020000.0,292085000.0,147849000.0,0.0,147849000.0,64706000.0,1247000.0,1640874000,-1620684000.0,37000.0,353000000,USD,940000,8389000,7449000.0,7449000.0,-130862000,24114000.0,115137000.0,131806000,6186000.0,7852000.0,1666000.0,7449000.0,-124164000,66000.0,-124230000.0,-122498000.0,-115049000,-124230000,0,0,0,0,0,1,0,0,0,1,1,1,0,0,0,0,0,0,0,0,1,0,0,0,0,0,0,0,0,0,0,0,0,0,0,0,0,0,0,0,0,0,0,0,0,0,29.950000762939453,2020-03-31,3.372286931968347
47,47,MSFT,2020-03-31,USD,285449000000.0,170505000000,11710000000.0,11710000000.0,1644000000.0,22699000000.0,114944000000,41221000000.0,6855000000.0,6855000000.0,42064000000.0,125916000000.0,8536000000.0,170948000000,58707000000.0,9246000000.0,3748000000.0,112241000000.0,7248000000.0,62862000000.0,73858000000.0,18701000000.0,49194000000.0,114501000000,32012000000.0,79813000000.0,7675000000,USD,24046000000,35021000000,10975000000.0,10975000000.0,12975000000,1273000000.0,4887000000.0,11071000000,-614000000.0,153000000.0,614000000.0,3118000000.0,12843000000,2091000000.0,10752000000.0,13457000000.0,16575000000,10752000000,0,0,0,0,0,0,0,0,0,0,0,0,0,0,0,0,0,0,0,0,0,0,0,0,0,0,0,0,0,0,0,0,0,0,0,0,0,0,0,0,0,0,0,0,0,0,149.80975341796875,2020-03-31,0.5101510175462614
923,923,MTCH,2020-03-31,USD,8434749000.0,3536309000,2822729000.0,2822729000.0,1478040500.0,375854000.0,4898440000,373561000.0,671467000.0,671467000.0,3042139000.0,69912000.0,267814000.0,4937494000,1064416000.0,102367000.0,13750000.0,3873078000.0,0.0,3625008000.0,3638758000.0,514571000.0,210274000.0,2424410000,1478885000.0,280000.0,204658000,USD,400748000,544642000,143894000.0,143894000.0,137372000,79319000.0,43770000.0,263376000,-44866000.0,25116000.0,31894000.0,15797000.0,109332000,-48202000.0,-182643000.0,141226000.0,157023000,-202830000,0,0,0,0,0,1,0,0,0,0,0,0,0,0,0,0,0,0,0,1,0,0,0,0,0,0,0,0,0,0,0,0,0,0,0,0,0,0,0,0,0,0,0,0,0,0,64.14512634277344,2020-03-31,1.0802547210093687
427,427,NXPI,2020-03-31,USD,19511000000.0,3249000000,1079000000.0,1079000000.0,1227000000.0,616000000.0,16262000000,2610000000.0,3218000000.0,3218000000.0,9935000000.0,0.0,327000000.0,10253000000,1831000000.0,895000000.0,59000000.0,8422000000.0,0.0,7366000000.0,7366000000.0,936000000.0,857000000.0,9036000000,-2933000000.0,64000000.0,279933000,USD,997000000,2021000000,1024000000.0,1024000000.0,68000000,224000000.0,425000000.0,929000000,-82000000.0,4000000.0,82000000.0,540000000.0,-11000000,2000000.0,-13000000.0,72000000.0,612000000,-21000000,0,0,0,0,0,0,0,0,0,0,0,0,1,0,0,0,0,0,0,1,0,0,0,0,0,0,0,0,0,0,0,0,0,0,0,0,0,0,0,0,0,0,0,0,0,0,75.31305694580078,2020-03-31,1.4572825444897406
993,993,PDD,2020-03-31,CNY,76057336000.0,73001463000,5768186000.0,5768186000.0,27577671000.0,3416502000.0,3055873000,528247000.0,1994292000.0,1994292000.0,4290000000.0,35288827000.0,950277000.0,51410470000,45767806000.0,29926488000.0,1014482000.0,5642664000.0,515408000.0,5430487000.0,6649757000.0,14220866000.0,7050000.0,24646866000,-18295461000.0,148000.0,929999200,CNY,4710812000,6541059000,1830247000.0,1830247000.0,-4397233000,338274000.0,1473150000.0,9108045000,309648000.0,460282000.0,150634000.0,159458000.0,-4119329000,-309568000.0,-4119329000.0,-4397233000.0,-4237775000,-4119329000,0,0,0,0,0,0,0,0,0,0,0,1,0,0,0,0,0,0,0,0,0,0,0,0,0,0,0,0,0,0,0,0,0,0,0,0,0,0,0,0,0,0,0,0,0,0,36.02999877929688,2020-03-31,2.715792656638695
451,451,PYPL,2020-03-31,USD,54266000000.0,38184000000,7854000000.0,7854000000.0,1478040500.0,26941000000.0,16082000000,1646000000.0,1369000000.0,1369000000.0,9124000000.0,2332000000.0,1057000000.0,38255000000,27449000000.0,25034000000.0,122000000.0,10806000000.0,0.0,7967000000.0,8697000000.0,2276000000.0,0.0,15967000000,8258000000.0,8000000.0,1185000000,USD,2288000000,4618000000,2330000000.0,2330000000.0,398000000,486000000.0,605000000.0,1890000000,-4000000.0,33000000.0,37000000.0,293000000.0,263000000,179000000.0,84000000.0,300000000.0,593000000,84000000,0,0,0,0,0,1,0,0,0,0,0,0,0,0,0,0,0,0,0,1,0,0,0,1,0,0,1,0,0,0,0,0,0,0,0,0,0,0,0,0,0,0,0,0,0,0,95.2308578491211,2020-03-31,1.5364527232158633
475,475,QCOM,2020-03-31,USD,31938000000.0,15313000000,8403000000.0,8403000000.0,1700000000.0,3081000000.0,16625000000,3358000000.0,1889000000.0,1889000000.0,6294000000.0,1543000000.0,586000000.0,28893000000,9774000000.0,2061000000.0,2631000000.0,19119000000.0,0.0,13449000000.0,16469000000.0,2674000000.0,4702000000.0,3045000000,2990000000.0,8000000.0,1151000000,USD,2919000000,5216000000,2297000000.0,2297000000.0,991000000,483000000.0,1468000000.0,1928000000,-99000000.0,47000000.0,146000000.0,340000000.0,598000000,130000000.0,468000000.0,968000000.0,1308000000,468000000,0,0,0,0,0,0,0,0,0,0,0,0,0,0,0,0,0,0,0,1,0,0,0,0,0,0,1,0,0,0,0,0,0,0,0,0,0,0,0,0,0,0,0,0,0,0,59.6973991394043,2020-03-31,1.003763231809188
499,499,REGN,2020-03-31,USD,15757500000.0,8644100000,2208200000.0,2208200000.0,1480900000.0,2933200000.0,7113400000,2944600000.0,986000000.0,986000000.0,4290000000.0,1795200000.0,226600000.0,3624500000,2055200000.0,347800000.0,1143200000.0,1569300000.0,715200000.0,0.0,1858400000.0,85000000.0,1118800000.0,12133000000,8004400000.0,100000.0,115100000,USD,1554800000,1828200000,273400000.0,273400000.0,700100000,367300000.0,527799999.0,854700000,-6100000.0,62900000.0,6100000.0,56100000.0,668600000,44000000.0,624600000.0,674700000.0,730800000,624600000,0,0,0,0,0,0,0,0,0,1,1,1,0,0,0,0,0,0,0,0,1,0,0,0,0,0,0,0,0,0,0,0,0,0,0,0,0,0,0,0,0,0,0,0,0,0,485.013427734375,2020-03-31,-0.031026708748297938
594,594,SBUX,2020-03-31,USD,27478900000.0,5749900000,2572300000.0,2572300000.0,1492200000.0,1331800000.0,21729000000,6387000000.0,678700000.0,678700000.0,3493000000.0,52900000.0,300700000.0,35011800000,8265800000.0,997700000.0,3610000000.0,26746000000.0,8903900000.0,11658700000.0,22919100000.0,2001400000.0,751400000.0,-7530100000,-7050600000.0,1200000.0,1180700000,USD,1276600000,5995700000,4719100000.0,4719100000.0,487400000,406500000.0,0.0,789200000,-97200000.0,2000000.0,99200000.0,377700000.0,390200000,65400000.0,324800000.0,489400000.0,867100000,328400000,0,0,0,0,0,0,0,0,0,0,0,0,0,0,0,0,0,0,0,0,0,0,0,0,0,0,0,0,0,0,0,0,0,0,1,0,0,0,0,0,0,0,0,0,0,0,57.45003509521485,2020-03-31,0.6957536104145352
1008,1008,SGEN,2020-03-31,USD,2091463000.0,1160447000,249116000.0,249116000.0,84740000.0,224613000.0,931016000,174693000.0,300000000.0,300000000.0,274671000.0,549971000.0,52007000.0,325845000,257219000.0,70374000.0,9718000.0,68626000.0,74865000.0,0.0,74865000.0,177127000.0,68626000.0,1765618000,-1651640000.0,173000.0,172350000,USD,205093000,234514000,29421000.0,29421000.0,-112355000,122249000.0,195199000.0,317448000,0.0,56047000.0,58000000.0,8493000.0,-168402000,56047000.0,-112355000.0,-56308000.0,-47815000,-168402000,0,0,0,0,0,0,0,0,0,0,0,0,0,0,0,0,0,0,0,0,1,0,0,0,0,0,0,0,0,0,0,0,0,0,0,0,1,0,1,0,0,0,0,0,0,0,,,
546,546,SIRI,2020-03-31,USD,10935000000.0,883000000,40000000.0,40000000.0,12000000.0,604000000.0,10052000000,1609000000.0,3429000000.0,3429000000.0,3843000000.0,0.0,15000000.0,11682000000,3102000000.0,1029000000.0,49000000.0,8580000000.0,492000000.0,7847000000.0,8340000000.0,101000000.0,663000000.0,-747000000,-850000000.0,4000000.0,451500000,USD,1003000000,1952000000,949000000.0,949000000.0,468000000,107000000.0,71000000.0,535000000,-99000000.0,99000000.0,99000000.0,132000000.0,373000000,80000000.0,293000000.0,472000000.0,604000000,293000000,0,0,0,0,0,0,0,0,0,0,0,0,1,0,0,0,0,0,0,0,0,0,0,0,0,0,0,0,0,0,0,0,0,0,0,0,0,0,0,0,0,0,0,0,0,0,41.07118606567383,2020-03-31,0.24459797530595884
570,570,SWKS,2020-03-31,USD,4981900000.0,2220800000,912400000.0,912400000.0,648900000.0,367600000.0,2761100000,1207900000.0,85400000.0,85400000.0,1189800000.0,161500000.0,130400000.0,839100000,362200000.0,169500000.0,0.0,476900000.0,151900000.0,0.0,151900000.0,192700000.0,476900000.0,4142800000,4600800000.0,41900000.0,171100000,USD,372500000,766100000,393600000.0,393600000.0,200700000,58600000.0,113200000.0,171800000,0.0,0.0,1100000.0,91800000.0,203000000,21900000.0,181100000.0,203000000.0,294800000,181100000,0,0,0,0,0,0,0,0,0,0,0,0,0,0,0,0,0,1,0,0,1,0,0,0,0,0,0,0,0,0,0,0,0,0,0,0,1,1,0,0,0,0,0,0,0,0,76.76753234863281,2020-03-31,1.080910158283471
167,167,ADI,2020-04-30,USD,21350938000.0,2051293000,784937000.0,784937000.0,590268000.0,588244000.0,19299645000,1189332000.0,3928902000.0,3928902000.0,12253670000.0,0.0,87844000.0,9760080000,1582002000.0,194211000.0,448945000.0,8178078000.0,0.0,5142223000.0,5591168000.0,787155000.0,1035211000.0,11590858000,6945442000.0,61405000.0,371305000,USD,846674000,1317060000,470386000.0,470386000.0,344020000,141775000.0,252413000.0,502654000,-48651000.0,1334000.0,49985000.0,203312000.0,295061000,27365000.0,267696000.0,345046000.0,548358000,267696000,0,0,0,0,0,0,0,0,0,0,0,0,1,0,0,0,0,0,0,1,0,0,0,0,0,0,0,0,0,0,0,0,0,0,0,0,0,0,0,0,0,0,0,0,0,0,98.63066864013672,2020-04-30,0.42463724652430956
214,214,ADSK,2020-04-30,USD,5543900000.0,2024300000,1389700000.0,1389700000.0,1.0,356500000.0,3519600000,164200000.0,67000000.0,67000000.0,2430200000.0,77200000.0,200900000.0,5683000000,2578300000.0,85200000.0,46000000.0,3104700000.0,448000000.0,1635600000.0,2083600000.0,258000000.0,144900000.0,-139100000,-2361300000.0,2401300000.0,221300000,USD,791800000,883000000,91200000.0,91200000.0,131300000,104800000.0,217300000.0,660500000,-22300000.0,40700000.0,21300000.0,30000000.0,90500000,24000000.0,66500000.0,111800000.0,141800000,66500000,0,0,0,0,0,0,0,0,0,0,0,0,0,0,0,0,0,0,0,0,0,0,0,0,0,0,0,0,0,0,0,0,0,0,0,0,0,0,0,0,0,0,0,0,0,0,187.1300048828125,2020-04-30,0.5599315772204134
191,191,AMAT,2020-04-30,USD,21815000000.0,12735000000,5281000000.0,5281000000.0,3725000000.0,2777000000.0,9080000000,1534000000.0,132000000.0,132000000.0,3426000000.0,423000000.0,529000000.0,12791000000,4765000000.0,1062000000.0,659000000.0,8026000000.0,244000000.0,6215000000.0,7059000000.0,1528000000.0,1811000000.0,9024000000,25638000000.0,9000000.0,923000000,USD,1749000000,3957000000,2208000000.0,2208000000.0,932000000,137000000.0,550000000.0,817000000,-54000000.0,7000000.0,61000000.0,91000000.0,878000000,123000000.0,755000000.0,939000000.0,1030000000,755000000,0,0,0,0,0,0,0,0,0,0,0,0,0,0,0,0,0,0,0,0,0,0,0,0,0,0,0,0,0,0,0,0,0,0,0,0,0,0,0,0,0,0,0,0,0,0,47.03181457519531,2020-04-30,1.7039503587769689
710,710,AVGO,2020-04-30,USD,81548000000.0,14222000000,9207000000.0,9207000000.0,953000000.0,3211000000.0,67326000000,3231000000.0,19909000000.0,19909000000.0,43457000000.0,0.0,851000000.0,57578000000,6601000000.0,1230000000.0,819000000.0,50977000000.0,0.0,45044000000.0,45891000000.0,1487000000.0,5222000000.0,23970000000,0.0,8000000.0,4169999910,USD,3189000000,5742000000,2553000000.0,2553000000.0,766000000,501000000.0,1269000000.0,2423000000,-487000000.0,0.0,487000000.0,1730000000.0,409000000,-159000000.0,568000000.0,896000000.0,2626000000,563000000,0,0,0,0,0,0,0,0,0,0,0,0,1,0,0,0,0,0,0,1,0,0,0,0,0,0,1,0,0,0,0,0,0,0,0,0,0,1,0,0,0,0,0,0,0,0,23.764955520629883,2020-04-30,0.740415505019751
804,804,CPRT,2020-04-30,USD,3161583000.0,794152000,306387000.0,306387000.0,19809000.0,377822000.0,2367431000,1838297000.0,48671000.0,48671000.0,338039000.0,0.0,90134000.0,880572000,286568000.0,250841000.0,26938000.0,594004000.0,112636000.0,403653000.0,516289000.0,-26938000.0,132627000.0,2281011000,1773580000.0,23000.0,954364000,USD,242613000,550360000,307747000.0,307747000.0,195101000,47512000.0,0.0,47512000,-5578000.0,225000.0,5803000.0,26711000.0,191800000,44313000.0,147487000.0,197607000.0,224318000,147487000,0,0,0,0,0,0,0,0,0,0,0,0,1,0,0,0,0,0,0,0,0,0,0,0,0,0,0,0,0,0,0,0,0,0,1,0,0,0,0,0,0,0,0,0,0,0,20.02750015258789,2020-04-30,0.5542379376806754
1095,1095,CRWD,2020-04-30,USD,1519396000.0,1195052000,1004991000.0,1004991000.0,53410000.0,144187000.0,324344000,161034000.0,419000.0,419000.0,7652000.0,0.0,45874000.0,766243000,555644000.0,6528000.0,6673000.0,210599000.0,39580000.0,0.0,39580000.0,76874000.0,7288000.0,752153000,-656709000.0,108000.0,213129000,USD,131183000,178078000,46895000.0,46895000.0,-22576000,25043000.0,40578000.0,153759000,-143000.0,143000.0,143000.0,8305000.0,-18186000,1036000.0,-19222000.0,-18043000.0,-9738000,-19222000,0,0,0,0,0,0,0,0,0,0,0,0,0,0,0,0,0,0,0,0,1,0,0,0,0,0,0,0,0,0,0,0,0,0,0,0,0,0,0,0,0,0,0,0,0,0,67.66000366210938,2020-04-30,2.0817319423765377
1287,1287,CSCO,2020-04-30,USD,91394000000.0,41307000000,10366000000.0,10366000000.0,1212000000.0,9272000000.0,50087000000,2535000000.0,1744000000.0,1744000000.0,33453000000.0,18208000000.0,2249000000.0,55686000000,25937000000.0,2393000000.0,4506000000.0,29749000000.0,0.0,11578000000.0,16084000000.0,7281000000.0,18171000000.0,35708000000,-3874000000.0,40691000000.0,4243000000,USD,7771000000,11983000000,4212000000.0,4212000000.0,3414000000,457000000.0,1546000000.0,4357000000,88000000.0,218000000.0,130000000.0,446000000.0,3444000000,670000000.0,2774000000.0,3542000000.0,3988000000,2774000000,0,0,0,0,0,0,0,0,0,0,0,0,0,0,0,0,0,0,0,1,0,0,0,0,0,0,0,0,0,0,0,0,0,0,0,0,0,0,0,0,0,0,0,0,0,0,35.75960922241211,2020-04-30,0.24064527546820957
309,309,INTU,2020-04-30,USD,7764000000.0,4862000000,3371000000.0,3371000000.0,1478040500.0,225000000.0,2902000000,745000000.0,34000000.0,34000000.0,1653000000.0,600000000.0,666000000.0,3024000000,2713000000.0,384000000.0,400000000.0,311000000.0,265000000.0,48000000.0,663000000.0,583000000.0,241000000.0,4740000000,10581000000.0,6132000000.0,264000000,USD,2576000000,3002000000,426000000.0,426000000.0,1413000000,181000000.0,332000000.0,1163000000,8000000.0,10000000.0,2000000.0,54000000.0,1408000000,324000000.0,1084000000.0,1410000000.0,1464000000,1084000000,0,0,0,0,0,1,0,0,0,0,0,0,0,0,0,0,0,0,0,0,0,0,0,0,0,0,0,0,0,0,0,0,0,0,0,0,0,0,0,0,0,0,0,0,0,0,260.09228515625,2020-04-30,0.5375696492568556
899,899,MRVL,2020-04-30,USD,10981529000.0,1478964000,667548000.0,667548000.0,270374000.0,468760000.0,9502565000,2047000000.0,2935013000.0,2935013000.0,5337405000.0,0.0,72282000.0,2445907000,690641000.0,185711000.0,30128000.0,1755266000.0,0.0,0.0,1597175000.0,361126000.0,0.0,8535622000,2388517000.0,1330000.0,663547000,USD,326902000,693641000,366739000.0,366739000.0,-95996000,115521100.0,279584000.0,422898000,0.0,0.0,16830000.0,163405000.0,-108014000,5019000.0,471000000.0,-91184000.0,72221000,-113033000,0,0,0,0,0,0,0,0,1,0,0,0,1,0,0,0,0,0,0,1,1,0,0,1,0,0,0,0,0,0,0,0,0,0,0,0,1,1,0,0,0,0,1,0,0,0,26.09731101989746,2020-04-30,0.6999595176527225
403,403,NVDA,2020-04-30,USD,23254000000.0,19584000000,15494000000.0,15494000000.0,1128000000.0,1907000000.0,3670000000,1715000000.0,80000000.0,80000000.0,628000000.0,860000000.0,195000000.0,10155000000,1903000000.0,761000000.0,100000000.0,8252000000.0,619000000.0,6959000000.0,7578000000.0,868000000.0,1293000000.0,13099000000,15790000000.0,1000000.0,24880000000,USD,2004000000,3080000000,1076000000.0,1076000000.0,976000000,293000000.0,735000000.0,1028000000,6000000.0,31000000.0,25000000.0,107000000.0,981000000,64000000.0,917000000.0,1006000000.0,1113000000,917000000,0,0,0,0,0,0,0,0,0,0,0,0,0,0,0,0,0,0,0,0,0,0,0,0,0,0,0,0,0,0,0,0,0,0,0,0,0,0,0,0,0,0,0,0,0,0,7.278857707977295,2020-04-30,1.0569950443734504
970,970,OKTA,2020-04-30,USD,2037007000.0,1633523000,619221000.0,619221000.0,1.0,111039000.0,403484000,224677000.0,31032000.0,31032000.0,48023000.0,827556000.0,75707000.0,1623911000,570388000.0,8021000.0,102198000.0,1053523000.0,194889000.0,845862000.0,1142949000.0,68048000.0,6702000.0,413096000,-758786000.0,13000.0,123494000,USD,134373000,182859000,48486000.0,48486000.0,-52199000,34035000.0,48494000.0,186572000,-5865000.0,4899000.0,10764000.0,5466000.0,-58064000,-402000.0,-57662000.0,-47300000.0,-41834000,-57662000,0,0,0,0,0,0,0,0,0,0,0,0,0,0,0,0,0,0,0,0,0,0,0,0,0,0,0,0,0,0,0,0,0,0,0,0,0,0,0,0,0,0,0,0,0,0,151.3000030517578,2020-04-30,0.7825512674627659
1143,1143,PANW,2020-04-30,USD,6501800000.0,3014000000,1484700000.0,1484700000.0,1478040500.0,668800000.0,3487800000,357200000.0,380600000.0,380600000.0,1812900000.0,554100000.0,306400000.0,5757100000,2335700000.0,52300000.0,57300000.0,3421400000.0,344600000.0,1477000000.0,1821600000.0,428800000.0,83800000.0,744700000,-1109000000.0,1855700000.0,580200000,USD,611100000,869400000,258300000.0,258300000.0,-56500000,82900000.0,196300000.0,667600000,-11100000.0,8300000.0,19400000.0,66300000.0,-67800000,7000000.0,-74800000.0,-48400000.0,17900000,-74800000,0,0,0,0,0,1,0,0,0,0,0,0,0,0,0,0,0,0,0,0,0,0,0,0,0,0,0,0,0,0,0,0,0,0,0,0,0,0,0,0,0,0,0,0,0,0,32.75166702270508,2020-04-30,0.7983308899160029
522,522,ROST,2020-04-30,USD,10728046000.0,4587915000,2669535000.0,2669535000.0,1757263000.0,49624000.0,6140131000,2047000000.0,986000000.0,986000000.0,4290000000.0,0.0,111493000.0,7910654000,2623617000.0,706267000.0,1375832000.0,5287037000.0,0.0,0.0,6293215000.0,541518000.0,0.0,2817392000,1794567000.0,3559000.0,352202000,USD,-47318000,1842673000,1889991000.0,1889991000.0,-462623000,368000000.0,0.0,415305000,0.0,0.0,10002000.0,90598000.0,-469289000,-163447000.0,471000000.0,-459287000.0,-368689000,-305842000,0,0,0,0,0,0,0,0,1,1,1,1,1,0,0,0,0,0,0,1,1,0,0,1,0,0,0,0,0,0,0,0,0,1,1,0,1,1,0,0,0,0,1,0,0,0,86.40140533447266,2020-04-30,0.4365699895053381
1024,1024,SPLK,2020-04-30,USD,5224268000.0,2629181000,922507000.0,922507000.0,100013000.0,645151000.0,2595087000,168221000.0,223684000.0,223684000.0,1292840000.0,834067000.0,227456000.0,3414213000,1160044000.0,24874000.0,0.0,2254169000.0,364837000.0,1735046000.0,2099883000.0,366126000.0,365982000.0,1810055000,-1867050000.0,158000.0,157534000,USD,305460000,434077000,128617000.0,128617000.0,-288612000,82724000.0,192124000.0,594072000,-17962000.0,6475000.0,24437000.0,55213.0,-307248000,-1669000.0,-305579000.0,-262372213.0,-262317000,-305579000,0,0,0,0,0,0,0,0,0,0,0,0,0,0,0,0,0,1,0,0,0,0,0,0,0,0,0,0,0,0,0,0,0,0,0,0,0,0,0,0,0,0,0,0,0,0,,,
1048,1048,WDAY,2020-04-30,USD,7227503000.0,3349866000,1214213000.0,1214213000.0,1478040500.0,584219000.0,3877637000,937008000.0,309676000.0,309676000.0,1819261000.0,1384793000.0,166641000.0,4625499000,2770963000.0,35430000.0,336901000.0,1854536000.0,324946000.0,1508784000.0,2099867000.0,386554000.0,345752000.0,2602004000,-2785927000.0,235000.0,232939000,USD,712755000,1018385000,305630000.0,305630000.0,-144457000,95171000.0,443484000.0,857212000,-9672000.0,7867000.0,17539000.0,71514000.0,-155430000,2938000.0,-158368000.0,-137891000.0,-66377000,-158368000,0,0,0,0,0,1,0,0,0,0,0,0,0,0,0,0,0,0,0,0,0,0,0,0,0,0,0,0,0,0,0,0,0,0,0,0,0,0,0,0,0,0,0,0,0,0,153.89999389648438,2020-04-30,0.604938335255141
1072,1072,ZM,2020-04-30,USD,2067709000.0,1782957000,488653000.0,488653000.0,415451000.0,257512000.0,284752000,125795000.0,986000000.0,986000000.0,4290000000.0,616714000.0,420078000.0,1166078000,1033728000.0,3472000.0,8722000.0,132350000.0,71711000.0,0.0,71711000.0,481511000.0,2420000.0,901631000,27227000.0,280000.0,295184958,USD,224460000,328167000,103707000.0,103707000.0,23385000,53130000.0,26389000.0,201075000,5790000.0,5790000.0,58000000.0,5339000.0,29175000,2100000.0,27075000.0,23385000.0,28724000,27075000,0,0,0,0,0,0,0,0,0,1,1,1,0,0,0,0,0,0,0,0,1,0,0,0,0,0,0,0,0,0,0,0,0,0,0,0,0,0,1,0,0,0,0,0,0,0,135.1699981689453,2020-04-30,1.3642081205386782
1167,1167,ZS,2020-04-30,USD,735964000.0,552116000,124592000.0,124592000.0,26316000.0,105583000.0,183848000,98425000.0,10146000.0,10146000.0,13350000.0,266722000.0,55219000.0,401170000,345638000.0,9392000.0,12939000.0,55532000.0,40848000.0,0.0,40848000.0,48581000.0,1558000.0,334794000,-290022000.0,130000.0,129682000,USD,85652000,110524000,24872000.0,24872000.0,-20072000,14615000.0,23832000.0,105724000,1528000.0,1528000.0,1598000.0,5441000.0,-18916000,421000.0,-19337000.0,-18916000.0,-13475000,-19337000,0,0,0,0,0,0,0,0,0,0,0,0,0,0,0,0,0,0,0,0,1,0,0,0,0,0,0,0,0,0,0,0,0,0,0,0,0,0,0,0,0,0,0,0,0,0,67.08000183105469,2020-04-30,1.7972569211049203
70,70,ADBE,2020-05-31,USD,21603000000.0,6649000000,3044000000.0,3044000000.0,1478040500.0,1366000000.0,14954000000,1387000000.0,1535000000.0,1535000000.0,10695000000.0,1307000000.0,932000000.0,10722000000,5164000000.0,289000000.0,85000000.0,5558000000.0,583000000.0,4114000000.0,4697000000.0,1303000000.0,1197000000.0,10881000000,16428000000.0,8000000.0,485000000,USD,2713000000,3128000000,415000000.0,415000000.0,1016000000,224000000.0,532000000.0,1697000000,-17000000.0,11000000.0,27000000.0,188000000.0,1000000000,-100000000.0,1100000000.0,1028000000.0,1216000000,1100000000,0,0,0,0,0,1,0,0,0,0,0,0,0,0,0,0,0,0,0,0,0,0,0,0,0,0,1,0,0,0,0,0,0,0,0,0,0,0,0,0,0,0,0,0,0,0,389.6799926757813,2020-06-01,0.2726083273018145
757,757,CTAS,2020-05-31,USD,7978391000.0,1463088000,145402000.0,145402000.0,408898000.0,870369000.0,6515303000,1403065000.0,485228000.0,485228000.0,2870020000.0,0.0,38419000.0,4743189000,885195000.0,230995000.0,43031000.0,3857994000.0,165726000.0,2539705000.0,2705431000.0,584070000.0,621204000.0,3235202000,7296509000.0,1102689000.0,424924000,USD,707820000,1619584000,911764000.0,911764000.0,207434000,1570666000.0,21500000.0,500386000,-25756000.0,196000.0,25952000.0,96560000.0,181678000,37093000.0,144585000.0,207630000.0,304190000,144585000,0,0,0,0,0,0,0,0,0,0,0,0,1,0,0,0,0,0,0,0,0,0,0,0,0,0,0,0,0,0,0,0,0,0,0,0,0,0,0,0,0,0,0,0,0,0,59.16557312011719,2020-06-01,0.4275950199549965
780,780,STZ,2020-05-31,USD,26149800000.0,3396200000,302800000.0,302800000.0,1332600000.0,700500000.0,22753600000,5474600000.0,2735400000.0,2735400000.0,7684900000.0,0.0,1060300000.0,14772200000,1752400000.0,505500000.0,534700000.0,13019800000.0,0.0,11639300000.0,12174000000.0,712200000.0,0.0,11066000000,13374100000.0,2200000.0,192897000,USD,1079400000,1963000000,883600000.0,883600000.0,753700000,353300000.0,0.0,325700000,-100000000.0,671200000.0,99600000.0,72400000.0,-68200000,104400000.0,-172600000.0,31399999.0,103799999,-177900000,0,0,0,0,0,0,0,0,0,0,0,0,1,0,0,0,0,0,0,1,0,0,0,1,0,0,0,0,0,0,0,0,0,0,1,0,0,0,0,0,0,0,0,0,0,0,157.20867919921875,2020-06-01,0.3906655531859795
1262,1262,AAPL,2020-06-30,USD,317344000000.0,140065000000,33383000000.0,33383000000.0,3978000000.0,32075000000.0,177279000000,35687000000.0,986000000.0,986000000.0,4290000000.0,59642000000.0,10987000000.0,245062000000,95318000000.0,35325000000.0,18675000000.0,149744000000.0,0.0,94048000000.0,112723000000.0,35005000000.0,55696000000.0,72282000000,24136000000.0,48696000000.0,17419152000,USD,22680000000,59685000000,37005000000.0,37005000000.0,13091000000,4831000000.0,4758000000.0,9589000000,204000000.0,901000000.0,697000000.0,2752000000.0,13137000000,1884000000.0,11253000000.0,13834000000.0,16586000000,11253000000,0,0,0,0,0,0,0,0,0,1,1,1,0,0,0,0,0,0,0,1,0,0,0,0,0,0,0,0,0,0,0,0,0,0,0,0,0,0,0,0,0,0,0,0,0,0,88.38375091552734,2020-06-30,0.5118732700685003
237,237,ADP,2020-06-30,USD,39165500000.0,31564100000,1908500000.0,1908500000.0,26708100000.0,2441300000.0,7601400000,703900000.0,1215800000.0,1215800000.0,2309400000.0,0.0,27214300000.0,33413300000,30126600000.0,102000000.0,1001800000.0,3286700000.0,344400000.0,1002800000.0,2349000000.0,28770200000.0,837000000.0,5752200000,18436300000.0,63900000.0,430600000,USD,1445900000,3376800000,1930900000.0,1930900000.0,544000000,2237400000.0,165100000.0,901900000,-85700000.0,14500000.0,15600000.0,124500000.0,531300000,119800000.0,411600000.0,546900000.0,671400000,411500000,0,0,0,0,0,0,0,0,0,0,0,0,0,0,0,0,0,0,0,0,0,0,0,0,0,0,0,0,0,0,0,0,0,0,0,0,0,0,0,0,0,0,0,0,0,0,132.60902404785156,2020-06-30,0.3634606787858006
665,665,AEP,2020-06-30,USD,77804800000.0,4273200000,348800000.0,348800000.0,1279800000.0,1791500000.0,73531600000,61926800000.0,986000000.0,986000000.0,52500000.0,192300000.0,660800000.0,57526600000,10122000000.0,1628000000.0,5450700000.0,47404600000.0,924900000.0,26637700000.0,32776900000.0,1474300000.0,12577700000.0,20007400000,10221900000.0,3355400000.0,497337980,USD,1031599999,3484200000,2452600000.0,2452600000.0,714100000,566000000.0,0.0,317500000,-294000000.0,258900000.0,292600000.0,701700000.0,527100000,12600000.0,495300000.0,800500000.0,1502200000,520800000,0,0,0,0,0,0,0,0,0,1,1,0,0,0,0,0,0,0,0,0,0,0,0,0,0,0,0,0,0,0,0,0,0,0,1,0,0,0,0,0,0,0,0,0,0,0,64.72515106201172,2020-06-30,0.0989096091248407
641,641,ALGN,2020-06-30,USD,4025857000.0,1149244000,404359000.0,404359000.0,131276000.0,567109000.0,2876613000,668951000.0,127675000.0,127675000.0,415536000.0,0.0,46500000.0,1180812000,941592000.0,94987000.0,20860000.0,239220000.0,71479000.0,50619000.0,71479000.0,212181000.0,239220000.0,2845045000,1917441000.0,8000.0,78769000,USD,224328000,352314000,127986000.0,127986000.0,-73000000,256967000.0,40361000.0,297328000,473000.0,473000.0,493000.0,23545000.0,-73493000,-32891000.0,-40602000.0,-73000000.0,-49455000,-40602000,0,0,0,0,0,0,0,0,0,0,0,0,0,0,0,0,0,0,0,0,0,0,0,0,0,0,0,0,0,0,0,0,0,0,0,0,0,0,0,0,0,0,0,0,0,0,274.44000244140625,2020-06-30,1.226351823949026
617,617,AMD,2020-06-30,USD,6583000000.0,5109000000,1775000000.0,1775000000.0,1324000000.0,1799000000.0,1474000000,585000000.0,174000000.0,174000000.0,289000000.0,59000000.0,211000000.0,3278000000,2434000000.0,802000000.0,200000000.0,844000000.0,204000000.0,490000000.0,894000000.0,1432000000.0,150000000.0,3305000000,-6776000000.0,12000000.0,1227000000,USD,848000000,1932000000,1084000000.0,1084000000.0,173000000,215000000.0,460000000.0,675000000,-14000000.0,14000000.0,14000000.0,82000000.0,160000000,4000000.0,156000000.0,173000000.0,255000000,157000000,0,0,0,0,0,0,0,0,0,0,0,0,0,0,0,0,0,0,0,0,0,0,0,0,0,0,0,0,0,0,0,0,0,0,0,0,0,0,0,0,0,0,0,0,0,0,52.61000061035156,2020-06-30,0.7854019999135693
142,142,AMGN,2020-06-30,USD,65011000000.0,22895000000,9145000000.0,9145000000.0,3840000000.0,5366000000.0,42116000000,4843000000.0,17948000000.0,17948000000.0,14678000000.0,2276000000.0,2268000000.0,54352000000,10523000000.0,1150000000.0,91000000.0,43829000000.0,0.0,34133000000.0,34224000000.0,9282000000.0,9437000000.0,10659000000,-20168000000.0,31610000000.0,592000000,USD,4718000000,6206000000,1488000000.0,1488000000.0,2323000000,1295000000.0,964000000.0,2395000000,-293000000.0,3000000.0,296000000.0,930000000.0,2030000000,227000000.0,1803000000.0,2326000000.0,3256000000,1803000000,0,0,0,0,0,0,0,0,0,0,0,0,0,0,0,0,0,0,0,1,0,0,0,0,0,0,0,0,0,0,0,0,0,0,0,0,0,0,0,0,0,0,0,0,0,0,197.4429168701172,2020-06-30,0.06264968079817512
118,118,AMZN,2020-06-30,USD,258314000000.0,110908000000,37466000000.0,37466000000.0,19599000000.0,19918000000.0,147406000000,86517000000.0,986000000.0,986000000.0,14751000000.0,33925000000.0,4618000000.0,184586000000,93896000000.0,51036000000.0,1884000000.0,90690000000.0,42798000000.0,33128000000.0,75926000000.0,33863000000.0,14764000000.0,73728000000,38998000000.0,5000000.0,10180000000,USD,36252000000,88912000000,52660000000.0,52660000000.0,5843000000,1580000000.0,8945000000.0,30326583000,-268000000.0,135000000.0,403000000.0,5748000000.0,6227000000,984000000.0,5237000000.0,5843000000.0,11591000000,5243000000,0,0,0,0,0,0,0,0,0,1,1,0,0,0,0,0,0,0,0,0,0,0,0,0,0,0,0,0,0,0,0,0,0,0,0,0,0,0,0,0,0,0,0,0,0,0,137.9409942626953,2020-06-30,0.24696792657515654
686,686,ANSS,2020-06-30,USD,4671866000.0,1294264000,744546000.0,744546000.0,1.0,503293000.0,3377602000,88792000.0,481694000.0,481694000.0,2474299000.0,433000.0,45992000.0,1233818000,543806000.0,10505000.0,46668000.0,690012000.0,103585000.0,423683000.0,527268000.0,161535000.0,199668000.0,3438048000,3513334000.0,946000.0,86934000,USD,331801000,385661000,53860000.0,53860000.0,112807000,128698000.0,86133000.0,218994000,-2106000.0,934000.0,3040000.0,20654000.0,112585000,16021000.0,96564000.0,113116000.0,133770000,96564000,0,0,0,0,0,0,0,0,0,0,0,0,0,0,0,0,0,0,0,0,0,0,0,0,0,0,0,0,0,0,0,0,0,0,0,0,0,0,0,0,0,0,0,0,0,0,,,
1238,1238,AZN,2020-06-30,USD,59929000000.0,14930000000,5673000000.0,5673000000.0,3562000000.0,5024000000.0,44999000000,2047000000.0,19728000000.0,19728000000.0,11645000000.0,442000000.0,229000000.0,46271000000,18183000000.0,12028000000.0,4132000000.0,28088000000.0,0.0,0.0,19747000000.0,647000000.0,0.0,12237000000,1913000000.0,328000000.0,2626000000,USD,5291000000,6275000000,984000000.0,984000000.0,1284000000,2635000000.0,1389000000.0,4007000000,0.0,0.0,329000000.0,710000000.0,961000000,223000000.0,471000000.0,1290000000.0,2000000000,756000000,0,0,0,0,0,0,0,0,1,0,0,0,0,0,0,0,0,0,0,1,1,0,0,1,0,0,0,0,0,0,0,0,0,0,0,0,1,1,0,0,0,0,1,0,0,0,92.66736602783205,2020-06-30,0.16365866335498547
1310,1310,BIDU,2020-06-30,CNY,304468000000.0,172048000000,20349000000.0,20349000000.0,1528000000.0,8343000000.0,132420000000,24246000000.0,7376000000.0,7376000000.0,18767000000.0,132174000000.0,9654000000.0,132672000000,60448000000.0,31986000000.0,13504000000.0,72224000000.0,6783000000.0,59262000000.0,77170000000.0,2850000000.0,394000000.0,164509000000,124398000000.0,164509000000.0,345000000,CNY,12900000000,26034000000,13134000000.0,13134000000.0,3644000000,4417000000.0,4839000000.0,9256000000,492000000.0,1312000000.0,820000000.0,8090000000.0,4010000000,1222000000.0,2788000000.0,4830000000.0,12920000000,3579000000,0,0,0,0,0,0,0,0,0,0,0,0,0,0,0,0,0,0,0,0,0,0,0,0,0,0,0,0,0,0,0,0,0,0,0,0,0,0,0,0,0,0,0,0,0,0,119.88999938964844,2020-06-30,0.7007256229420715
1334,1334,BIIB,2020-06-30,USD,25511800000.0,8493800000,2384900000.0,2384900000.0,952700000.0,2574700000.0,17018000000,3330700000.0,3383800000.0,3383800000.0,5751000000.0,1942700000.0,638800000.0,14222600000,3447100000.0,383900000.0,0.0,10775500000.0,414800000.0,7423800000.0,7838600000.0,2486500000.0,1890200000.0,11308700000,14466700000.0,100000.0,160900000,USD,3270500000,3681600000,411100000.0,411100000.0,1974500000,555100000.0,709100000.0,1296000000,-58400000.0,7600000.0,66000000.0,112900000.0,2052600000,446100000.0,1591400000.0,1984500000.0,2097400000,1542100000,0,0,0,0,0,0,0,0,0,0,0,0,0,0,0,0,0,1,0,0,0,0,0,0,0,0,0,0,0,0,0,0,0,0,0,0,0,0,0,0,0,0,0,0,0,0,267.54998779296875,2020-06-30,0.29422539642056345
733,733,CDNS,2020-06-30,USD,3999497000.0,1639783000,1189186000.0,1189186000.0,43924000.0,322998000.0,2359714000,282738000.0,242543000.0,242543000.0,778857000.0,0.0,83675000.0,1742866000,1151887000.0,305789000.0,350000000.0,590979000.0,0.0,346394000.0,696394000.0,306948000.0,244585000.0,2256631000,2014965000.0,2143016000.0,279080000,USD,563203000,638418000,75215000.0,75215000.0,151950000,35641000.0,250821000.0,411528000,-5914000.0,0.0,5914000.0,37377000.0,150666000,19378000.0,131288000.0,155784000.0,193161000,131288000,0,0,0,0,0,0,0,0,0,0,0,0,1,0,0,0,0,0,0,1,0,0,0,0,0,0,0,0,0,0,0,0,0,0,0,0,0,1,0,0,0,0,0,0,0,0,95.95999908447266,2020-06-30,0.4258025076029588
1358,1358,CHTR,2020-06-30,USD,145136000000.0,4765000000,2097000000.0,2097000000.0,1478040500.0,1994000000.0,140371000000,34074000000.0,74231000000.0,74231000000.0,29554000000.0,0.0,674000000.0,108735000000,9142000000.0,667000000.0,929000000.0,99593000000.0,223000000.0,77663000000.0,78592000000.0,6493000000.0,4141000000.0,29356000000,1202000000.0,8000000.0,210906946,USD,4059000000,11696000000,7637000000.0,7637000000.0,1971000000,368000000.0,0.0,2088000000,-957000000.0,0.0,957000000.0,2428000000.0,1042000000,166000000.0,876000000.0,1999000000.0,4427000000,766000000,0,0,0,0,0,1,0,0,0,0,0,0,1,0,0,0,0,0,0,0,0,0,0,0,0,0,1,0,0,0,0,0,0,1,1,0,0,1,0,0,0,0,0,0,0,0,510.0400085449219,2020-06-30,0.4144969024395453
1118,1118,DDOG,2020-06-30,USD,1783706000.0,1626072000,206202000.0,206202000.0,1.0,124078000.0,157634000,95352000.0,2586000.0,2586000.0,16860000.0,1259597000.0,36195000.0,870835000,241408000.0,18010000.0,14524000.0,629427000.0,67405000.0,559621000.0,627026000.0,46016000.0,3305000.0,912871000,-116853000.0,3000.0,330847000,USD,111134000,140012000,28878000.0,28878000.0,654000,13547000.0,45664000.0,110480000,172000.0,4466000.0,4294000.0,3707000.0,826000,542000.0,284000.0,5120000.0,8827000,284000,0,0,0,0,0,0,0,0,0,0,0,0,0,0,0,0,0,0,0,0,0,0,0,0,0,0,0,0,0,0,0,0,0,0,0,0,0,0,0,0,0,0,0,0,0,0,86.94999694824219,2020-06-30,0.19700983880435663
261,261,FISV,2020-06-30,USD,77093000000.0,17482000000,869000000.0,869000000.0,79857000.0,2512000000.0,59611000000,2047000000.0,16636000000.0,16636000000.0,36088000000.0,0.0,14021143000.0,43807000000,16760000000.0,400000000.0,359000000.0,27047000000.0,0.0,0.0,21874000000.0,14755000000.0,0.0,31583000000,12877000000.0,8000000.0,680800000,USD,1545000000,3465000000,1920000000.0,1920000000.0,165000000,368000000.0,0.0,1380000000,0.0,0.0,176000000.0,817000000.0,-18000000,-27000000.0,471000000.0,168000000.0,985000000,2000000,0,0,0,0,0,0,0,0,1,0,0,0,1,0,0,0,0,0,0,1,1,0,0,1,0,0,0,0,0,0,0,0,0,1,1,0,1,1,0,0,0,0,1,0,0,0,97.62000274658205,2020-06-30,0.094960012110745
827,827,FTNT,2020-06-30,USD,3330600000.0,2208700000,916400000.0,916400000.0,126000000.0,498700000.0,1121900000,392600000.0,23400000.0,23400000.0,67200000.0,610500000.0,57100000.0,2786700000,1611900000.0,107200000.0,0.0,1174800000.0,0.0,0.0,27600000.0,151600000.0,1174800000.0,543900000,-613100000.0,200000.0,827000000,USD,482500000,617600000,135100000.0,135100000.0,118800000,28900000.0,82100000.0,363700000,4000000.0,4000000.0,4000000.0,17800000.0,123700000,9900000.0,112100000.0,123700000.0,141500000,113800000,0,0,0,0,0,0,0,0,0,0,0,0,0,0,0,0,0,1,0,1,1,0,0,0,0,0,0,0,0,0,0,0,0,0,0,0,0,0,0,0,0,0,0,0,0,0,27.45400047302246,2020-06-30,0.7351934023273765
285,285,GILD,2020-06-30,USD,55934000000.0,24643000000,6746000000.0,6746000000.0,1052000000.0,3194000000.0,31291000000,4653000000.0,13225000000.0,13225000000.0,4117000000.0,12168000000.0,1483000000.0,37792000000,10564000000.0,532000000.0,2999000000.0,27228000000.0,0.0,21103000000.0,24102000000.0,6122000000.0,6125000000.0,18027000000,14445000000.0,1000000.0,1255000000,USD,4079000000,5143000000,1064000000.0,1064000000.0,-2983000000,1239000000.0,1299000000.0,7062000000,-240000000.0,0.0,240000000.0,349000000.0,-2973000000,373000000.0,-3346000000.0,-2733000000.0,-2384000000,-3339000000,0,0,0,0,0,0,0,0,0,0,0,0,0,0,0,0,0,0,0,1,0,0,0,0,0,0,0,0,0,0,0,0,0,0,0,0,0,1,0,0,0,0,0,0,0,0,62.13887786865234,2020-06-30,-0.06534441494047571
94,94,GOOGL,2020-06-30,USD,278492000000.0,149069000000,17742000000.0,17742000000.0,815000000.0,21595000000.0,129423000000,90315000000.0,1697000000.0,1697000000.0,20824000000.0,103338000000.0,5579000000.0,71170000000,43658000000.0,4064000000.0,1416000000.0,27512000000.0,13180000000.0,2963000000.0,16143000000.0,35142000000.0,21697000000.0,207322000000,151681000000.0,55937000000.0,13740474503,USD,19744000000,38297000000,18553000000.0,18553000000.0,6383000000,2585000000.0,6875000000.0,13361000000,420000000.0,433000000.0,13000000.0,3386000000.0,8277000000,1318000000.0,6959000000.0,8290000000.0,11676000000,6959000000,0,0,0,0,0,0,0,0,0,0,0,0,0,0,0,0,0,0,0,0,0,0,0,0,0,0,0,0,0,0,0,0,0,0,0,0,0,0,0,0,0,0,0,0,0,0,70.37079620361328,2020-06-30,0.721935188067272
851,851,IDXX,2020-06-30,USD,1960713000.0,779612000,105293000.0,105293000.0,229377000.0,354949000.0,1181101000,550895000.0,55619000.0,55619000.0,235426000.0,0.0,89993000.0,1687313000,540584000.0,73903000.0,138069000.0,1146729000.0,85070000.0,899562000.0,1106228000.0,236605000.0,210568000.0,272963000,1854586000.0,10603000.0,86402000,USD,379342000,637592000,258250000.0,258250000.0,193248000,60268000.0,31645000.0,186094000,-9426000.0,69000.0,9495000.0,23582000.0,183822000,34826000.0,148996000.0,194017000.0,217599000,148940000,0,0,0,0,0,0,0,0,0,0,0,0,1,0,0,0,0,0,0,0,0,0,0,0,0,0,0,0,0,0,0,0,0,0,0,0,0,0,0,0,0,0,0,0,0,0,330.1600036621094,2020-06-30,0.9128603731156555
22,22,INTC,2020-06-30,USD,152539000000.0,44390000000,8736000000.0,8736000000.0,8969000000.0,7441000000.0,108149000000,58036000000.0,10303000000.0,10303000000.0,26943000000.0,17079000000.0,2165000000.0,70529000000,22481000000.0,5045000000.0,2254000000.0,48048000000.0,0.0,36093000000.0,38347000000.0,10387000000.0,7903000000.0,82010000000,57646000000.0,25516000000.0,4284000000,USD,10507000000,19728000000,9221000000.0,9221000000.0,5697000000,1447000000.0,3354000000.0,4801000000,-103000000.0,83000000.0,186000000.0,3063000000.0,5935000000,830000000.0,5105000000.0,5706000000.0,8769000000,5105000000,0,0,0,0,0,0,0,0,0,0,0,0,0,0,0,0,0,0,0,1,0,0,0,0,0,0,0,0,0,0,0,0,0,0,0,0,0,0,0,0,0,0,0,0,0,0,53.33504104614258,2020-06-30,-0.03675846179451492
332,332,ISRG,2020-06-30,USD,10103600000.0,7594600000,2035600000.0,2035600000.0,645500000.0,508800000.0,2509000000,1450300000.0,101000000.0,101000000.0,336800000.0,2452700000.0,256400000.0,1337200000,1337200000.0,965700000.0,435100000.0,412400000.0,0.0,0.0,6120000000.0,435100000.0,412400000.0,8766400000,2633000000.0,100000.0,359100000,USD,502900000,852100000,349200000.0,349200000.0,80600000,279100000.0,143200000.0,422300000,26600000.0,26600000.0,58000000.0,63800000.0,107200000,37000000.0,70200000.0,80600000.0,144400000,68000000,0,0,0,0,0,0,0,0,0,0,0,0,0,0,0,0,0,0,0,1,1,1,0,0,0,0,0,0,0,0,0,0,0,0,0,0,0,0,1,0,0,0,0,0,0,0,189.94332885742188,2020-06-30,0.6138848530292833
355,355,JD,2020-06-30,CNY,49826894587.0,29046334091,10929288531.0,10929288531.0,8028789810.0,1905361671.0,20780560495,37153570000.0,623256244.0,623256244.0,1310682206.0,6888552324.0,1294341753.0,27774114728,24306768917.0,14165746172.0,2322683309.0,3467345810.0,11602841000.0,13590025000.0,5302989779.0,2076764425.0,184592000.0,19273936472,3807700000.0,136345754000.0,1520622000,CNY,28635487000,201054058000,172418571000.0,172418571000.0,5044075000,1423127000.0,3603600000.0,23591412000,213809000.0,538027000.0,324218000.0,184363454.0,17209573000,796550000.0,16413023000.0,1908709802.0,17533791000,16447407000,0,0,0,0,0,0,0,0,0,0,0,0,0,0,0,0,0,0,0,0,0,0,0,0,0,1,0,0,0,0,0,0,0,0,0,0,0,0,0,0,0,0,0,0,0,0,54.60762023925781,2020-06-30,0.3261882241499512
379,379,KHC,2020-06-30,USD,98306000000.0,8776000000,2812000000.0,2812000000.0,2815000000.0,2045000000.0,89530000000,6777000000.0,47202000000.0,47202000000.0,33310000000.0,0.0,1104000000.0,49141000000,8050000000.0,3880000000.0,763000000.0,41091000000.0,0.0,28097000000.0,28860000000.0,3407000000.0,1620000000.0,49040000000,-4336000000.0,12000000.0,1223000000,USD,2452000000,6648000000,4196000000.0,4196000000.0,-1339000000,845000000.0,0.0,3791000000,-434000000.0,8000000.0,442000000.0,247000000.0,-1703000000,-51000000.0,-1754000000.0,-1261000000.0,-1014000000,-1651000000,0,0,0,0,0,0,0,0,0,0,0,0,1,0,0,0,0,0,0,1,0,0,0,0,0,0,0,0,0,0,0,0,0,0,1,0,0,0,0,0,0,0,0,0,0,0,24.69593048095703,2020-06-30,0.33436743596199503
875,875,KLAC,2020-06-30,USD,9279960000.0,4723545000,1234409000.0,1234409000.0,1310985000.0,1264098000.0,4556415000,519824000.0,1391413000.0,1391413000.0,2045402000.0,746063000.0,167990000.0,6598950000,1699786000.0,264280000.0,28994000.0,4899164000.0,99879000.0,3469670000.0,3569549000.0,686246000.0,672284000.0,2665424000,654930000.0,155000.0,156183000,USD,838049000,1459593000,621544000.0,621544000.0,453158000,566358000.0,217100000.0,384891000,-18575000.0,0.0,39942000.0,78937000.0,405069000,-5246000.0,756711000.0,445290000.0,524227000,411253000,0,0,0,0,0,0,0,0,0,0,0,0,0,0,0,0,0,0,0,0,0,0,0,0,0,0,0,0,0,0,0,0,0,0,0,0,0,1,0,0,0,0,0,0,0,0,182.54248046875,2020-06-30,0.690441377087418
1214,1214,LCID,2020-06-30,USD,383000.0,172100,172100.0,172100.0,1478040500.0,1735000000.0,210900,2047000000.0,986000000.0,986000000.0,4290000000.0,0.0,210900.0,359000,359000.0,301000.0,300000.0,6665793000.0,0.0,0.0,300000.0,59000.0,0.0,24000,-1000.0,5175.0,161862153,USD,-59000,118000,59000.0,59000.0,-113420000,368000000.0,97940000.0,113361000,0.0,0.0,58000000.0,1790000.0,-117313000,-28000.0,471000000.0,-113420000.0,-111630000,-117285000,0,0,0,0,0,1,1,0,1,1,1,1,1,0,0,0,0,0,1,1,1,0,0,1,0,0,0,0,0,0,0,0,0,1,0,0,1,1,1,0,0,0,1,0,0,0,98.9000015258789,2020-09-18,1.914054679075194
1190,1190,META,2020-06-30,USD,139691000000.0,68130000000,21045000000.0,21045000000.0,1478040500.0,7483000000.0,71561000000,39006000000.0,859000000.0,859000000.0,19029000000.0,37195000000.0,2407000000.0,29244000000,11308000000.0,920000000.0,899000000.0,17936000000.0,10532000000.0,0.0,10532000000.0,9225000000.0,17936000000.0,110447000000,62784000000.0,47805000000.0,2879000000,USD,14858000000,18687000000,3829000000.0,3829000000.0,5963000000,1593000000.0,4462000000.0,8895000000,162000000.0,162000000.0,162000000.0,1704000000.0,6131000000,953000000.0,5178000000.0,5963000000.0,7667000000,5178000000,0,0,0,0,0,1,0,0,0,0,0,0,0,0,0,0,0,0,0,0,1,0,0,0,0,0,0,0,0,0,0,0,0,0,0,0,0,0,0,0,0,0,0,0,0,0,225.49484252929688,2020-06-30,0.5312898945258604
946,946,MRNA,2020-06-30,USD,3486006000.0,2796744000,1761629000.0,1761629000.0,-354916000.0,57850000.0,689262000,321985000.0,986000000.0,986000000.0,4290000000.0,955384000.0,21881000.0,539121000,161647000.0,18817000.0,89204000.0,377474000.0,167772000.0,0.0,167772000.0,97586000.0,1224000.0,2946885000,-1737397000.0,39000.0,381000000,USD,58751000,66351000,7600000.0,7600000.0,-122127000,36622000.0,151856000.0,180878000,5214000.0,7092000.0,1878000.0,7596000.0,-116565000,148000.0,-116713000.0,-114683000.0,-107087000,-116713000,0,0,0,0,0,0,0,0,0,1,1,1,0,0,0,0,0,0,0,0,1,0,0,0,0,0,0,0,0,0,0,0,0,0,0,0,0,0,0,0,0,0,0,0,0,0,64.20999908447266,2020-06-30,2.6595545721532674
46,46,MSFT,2020-06-30,USD,301311000000.0,181915000000,13576000000.0,13576000000.0,1895000000.0,32011000000.0,119396000000,44151000000.0,7038000000.0,7038000000.0,43351000000.0,122951000000.0,11482000000.0,183007000000,72310000000.0,12530000000.0,3749000000.0,110697000000.0,7671000000.0,59578000000.0,70998000000.0,20031000000.0,50915000000.0,118304000000,34566000000.0,80552000000.0,7650000000,USD,25694000000,38033000000,12339000000.0,12339000000.0,13407000000,1656000000.0,5214000000.0,12287000000,-686000000.0,0.0,686000000.0,3504000000.0,13422000000,2220000000.0,11202000000.0,14108000000.0,17612000000,11202000000,0,0,0,0,0,0,0,0,0,0,0,0,0,0,0,0,0,0,0,0,0,0,0,0,0,0,0,0,0,0,0,0,0,0,0,0,0,1,0,0,0,0,0,0,0,0,193.85389709472656,2020-06-30,0.3440275734195899
922,922,MTCH,2020-06-30,USD,2334732000.0,451748000,129294000.0,129294000.0,1.0,186447000.0,1882984000,101647000.0,222792000.0,222792000.0,1240302000.0,0.0,136007000.0,4042726000,459042000.0,11959000.0,71264000.0,3583684000.0,0.0,3527660000.0,3527660000.0,214975000.0,25579000.0,-1708175000,-8764286000.0,242000.0,207840000,USD,406597000,555450000,148853000.0,148853000.0,195594000,68204000.0,41929000.0,211003000,-45647000.0,0.0,34751000.0,10069000.0,178253000,36856000.0,132921000.0,213004000.0,223073000,74917000,0,0,0,0,0,0,0,0,0,0,0,0,1,0,0,0,0,0,0,1,0,0,0,0,0,0,0,0,0,0,0,0,0,0,0,0,0,1,0,0,0,0,0,0,0,0,103.97843933105467,2020-06-30,0.5063054612404361
426,426,NXPI,2020-06-30,USD,21057000000.0,5215000000,3266000000.0,3266000000.0,1228000000.0,481000000.0,15842000000,2528000000.0,2824000000.0,2824000000.0,9946000000.0,0.0,240000000.0,12002000000,2992000000.0,729000000.0,1349000000.0,9010000000.0,0.0,8004000000.0,9353000000.0,914000000.0,870000000.0,8862000000,-3155000000.0,64000000.0,279142000,USD,860000000,1817000000,957000000.0,957000000.0,-145000000,220000000.0,402000000.0,1004000000,-91000000.0,4000000.0,94000000.0,543000000.0,-242000000,-33000000.0,-209000000.0,-146000000.0,397000000,-214000000,0,0,0,0,0,0,0,0,0,0,0,0,1,0,0,0,0,0,0,1,0,0,0,0,0,0,0,0,0,0,0,0,0,0,0,0,0,0,0,0,0,0,0,0,0,0,103.94606018066406,2020-06-30,0.8242367490486568
992,992,PDD,2020-06-30,CNY,90900666000.0,85581966000,4209623000.0,4209623000.0,32468267000.0,2857547000.0,5318700000,562451000.0,1706291000.0,1706291000.0,4290000000.0,44801078000.0,1245451000.0,61406806000,55385755000.0,33978503000.0,2898759000.0,6021051000.0,554824000.0,5572449000.0,8881739000.0,17757945000.0,38071000.0,29493860000,-23314139000.0,153000.0,956248600,CNY,9531200000,12193315000,2662115000.0,2662115000.0,-1639582000,394842000.0,1662356000.0,11170782000,675358000.0,838276000.0,162918000.0,159457750.0,-899349000,-675622000.0,-899349000.0,-1639582000.0,-1480124250,-899349000,0,0,0,0,0,0,0,0,0,0,0,1,0,0,0,0,0,0,0,0,0,0,0,0,0,0,0,0,0,0,0,0,0,0,0,0,0,0,0,0,0,0,0,0,0,0,85.83999633789062,2020-06-30,0.4797297537511487
450,450,PYPL,2020-06-30,USD,63166000000.0,46500000000,6353000000.0,6353000000.0,1478040500.0,32612000000.0,16666000000,1717000000.0,1254000000.0,1254000000.0,9118000000.0,6695000000.0,840000000.0,45482000000,33729000000.0,31283000000.0,129000000.0,11753000000.0,0.0,8934000000.0,9674000000.0,2119000000.0,0.0,17640000000,9788000000.0,8000000.0,1184000000,USD,2978000000,5261000000,2283000000.0,2283000000.0,951000000,512000000.0,631000000.0,2027000000,-33000000.0,22000000.0,55000000.0,297000000.0,1799000000,269000000.0,1530000000.0,1854000000.0,2151000000,1530000000,0,0,0,0,0,1,0,0,0,0,0,0,0,0,0,0,0,0,0,1,0,0,0,1,0,0,1,0,0,0,0,0,0,0,0,0,0,0,0,0,0,0,0,0,0,0,173.30343627929688,2020-06-30,0.6729612399223992
474,474,QCOM,2020-06-30,USD,32328000000.0,15558000000,6120000000.0,6120000000.0,2343000000.0,1847000000.0,16770000000,3487000000.0,1749000000.0,1749000000.0,6299000000.0,4480000000.0,768000000.0,29022000000,7914000000.0,2046000000.0,628000000.0,21108000000.0,0.0,15425000000.0,16427000000.0,2818000000.0,4819000000.0,3306000000,3081000000.0,113000000.0,1139000000,USD,2813000000,4893000000,2080000000.0,2080000000.0,782000000,511000000.0,1520000000.0,2031000000,-113000000.0,30000000.0,143000000.0,363000000.0,868000000,23000000.0,845000000.0,782000000.0,1145000000,845000000,0,0,0,0,0,0,0,0,0,0,0,0,0,0,0,0,0,0,0,1,0,0,0,0,0,0,0,0,0,0,0,0,0,0,0,0,0,0,0,0,0,0,0,0,0,0,81.11077880859375,2020-06-30,0.5978883965087414
498,498,REGN,2020-06-30,USD,14428700000.0,7860200000,1992200000.0,1992200000.0,1640900000.0,2811300000.0,6568500000,3031400000.0,986000000.0,986000000.0,4290000000.0,1152000000.0,263800000.0,5371300000,3702400000.0,380100000.0,1500000000.0,1668900000.0,715900000.0,0.0,2215900000.0,1360800000.0,1278600000.0,9057400000,8901700000.0,100000.0,117910643,USD,1617700000,1952000000,334300000.0,334300000.0,656400000,348300000.0,663200000.0,961300000,-9700000.0,0.0,9700000.0,58800000.0,918900000,21600000.0,897300000.0,928600000.0,987400000,897300000,0,0,0,0,0,0,0,0,0,1,1,1,0,0,0,0,0,0,0,0,1,0,0,0,0,0,0,0,0,0,0,0,0,0,0,0,0,1,0,0,0,0,0,0,0,0,619.465087890625,2020-06-30,-0.10440171534712295
593,593,SBUX,2020-06-30,USD,29140600000.0,7581000000,3965900000.0,3965900000.0,1583800000.0,1524900000.0,21559600000,6295600000.0,599600000.0,599600000.0,3510100000.0,229900000.0,276500000.0,37764900000,8002000000.0,860800000.0,3423200000.0,29762900000.0,8890700000.0,14645600000.0,25722400000.0,2163800000.0,821100000.0,-8621600000,-8208300000.0,1200000.0,1168900000,USD,200300000,4222100000,4021800000.0,4021800000.0,-703900000,399900000.0,0.0,904200000,-108100000.0,12700000.0,120800000.0,377100000.0,-812000000,-133900000.0,-678100000.0,-691200000.0,-314100000,-678400000,0,0,0,0,0,0,0,0,0,0,0,0,0,0,0,0,0,0,0,0,0,0,0,0,0,0,0,0,0,0,0,0,0,0,1,0,0,0,0,0,0,0,0,0,0,0,64.67354583740234,2020-06-30,0.5474997850037238
1007,1007,SGEN,2020-06-30,USD,2164556000.0,1330582000,117320000.0,117320000.0,90002000.0,290074000.0,833974000,185288000.0,295289000.0,295289000.0,274671000.0,778348000.0,54838000.0,350479000,282615000.0,59226000.0,0.0,67864000.0,63663000.0,0.0,63663000.0,223389000.0,67864000.0,1814077000,-1672830000.0,174000.0,173406000,USD,229754000,277998000,48244000.0,48244000.0,-93965000,125642000.0,198077000.0,323719000,0.0,0.0,58000000.0,17928000.0,-21190000,-72775000.0,-93965000.0,-166740000.0,-148812000,-21190000,0,0,0,0,0,0,0,0,0,0,0,0,0,0,0,0,0,1,0,0,1,0,0,0,0,0,0,0,0,0,0,0,0,0,0,0,1,1,1,0,0,0,0,0,0,0,,,
545,545,SIRI,2020-06-30,USD,12465000000.0,2495000000,1770000000.0,1770000000.0,12000000.0,497000000.0,9970000000,1592000000.0,3398000000.0,3398000000.0,3860000000.0,0.0,11000000.0,13133000000,4552000000.0,1022000000.0,1538000000.0,8581000000.0,476000000.0,7841000000.0,9809000000.0,159000000.0,670000000.0,-668000000,-607000000.0,4000000.0,445700000,USD,960000000,1874000000,914000000.0,914000000.0,415000000,119000000.0,61000000.0,545000000,-102000000.0,0.0,102000000.0,152000000.0,317000000,74000000.0,243000000.0,419000000.0,571000000,243000000,0,0,0,0,0,0,0,0,0,0,0,0,1,0,0,0,0,0,0,0,0,0,0,0,0,0,0,0,0,0,0,0,0,0,0,0,0,1,0,0,0,0,0,0,0,0,48.915565490722656,2020-06-30,0.12502306416587428
569,569,SWKS,2020-06-30,USD,5072400000.0,2337400000,791300000.0,791300000.0,698200000.0,346100000.0,2735000000,1206900000.0,62900000.0,62900000.0,1189800000.0,347000000.0,154800000.0,890000000,401100000.0,200900000.0,0.0,488900000.0,155800000.0,0.0,155800000.0,200200000.0,488900000.0,4182400000,4657000000.0,41800000.0,168300000,USD,331300000,736800000,405500000.0,405500000.0,159300000,55000000.0,117000000.0,172000000,0.0,0.0,27100000.0,90600000.0,144000000,14300000.0,129700000.0,144000000.0,234600000,129700000,0,0,0,0,0,0,0,0,0,0,0,0,0,0,0,0,0,1,0,0,1,0,0,0,0,0,0,0,0,0,0,0,0,0,0,0,1,1,0,0,0,0,0,0,0,0,110.24856567382812,2020-06-30,0.518864537559254
166,166,ADI,2020-07-31,USD,21599568000.0,2485237000,1090264000.0,1090264000.0,612646000.0,681728000.0,19114331000,1134236000.0,3796932000.0,3796932000.0,12273799000.0,82953000.0,100599000.0,9822008000,1687776000.0,215894000.0,449324000.0,8134232000.0,0.0,5143653000.0,5592977000.0,873182000.0,438061000.0,11777560000,7079309000.0,61529000.0,372003000,USD,972578000,1456136000,483558000.0,483558000.0,419124000,144653000.0,260793999.0,553454000,-45410000.0,504000.0,45914000.0,201463000.0,373029000,10364000.0,362665000.0,418943000.0,620406000,362665000,0,0,0,0,0,0,0,0,0,0,0,0,0,0,0,0,0,0,0,1,0,0,0,0,0,0,0,0,0,0,0,0,0,0,0,0,0,0,0,0,0,0,0,0,0,0,103.91706085205078,2020-07-31,0.484306915024481
213,213,ADSK,2020-07-31,USD,5747300000.0,2203900000,1439800000.0,1439800000.0,1478040500.0,490100000.0,3543400000,594000000.0,61000000.0,61000000.0,2459100000.0,79700000.0,194300000.0,5680000000,2619600000.0,99200000.0,53800000.0,3060400000.0,447100000.0,1636100000.0,2083200000.0,332000000.0,144100000.0,67300000,-2270900000.0,2492700000.0,222200000,USD,821300000,911500000,90200000.0,90200000.0,148800000,93200000.0,232500000.0,672500000,-8000000.0,0.0,3600000.0,30000000.0,129000000,30800000.0,98200000.0,132600000.0,162600000,98200000,0,0,0,0,0,1,0,0,0,0,0,0,0,0,0,0,0,0,0,0,0,0,0,0,0,0,0,0,0,0,0,0,0,0,0,0,0,1,0,0,0,0,0,0,0,0,236.42999267578125,2020-07-31,0.35824563224168093
190,190,AMAT,2020-07-31,USD,21171000000.0,12248000000,4350000000.0,4350000000.0,3952000000.0,2806000000.0,8923000000,1784000000.0,157000000.0,157000000.0,3474000000.0,406000000.0,734000000.0,11602000000,4285000000.0,2895000000.0,63000000.0,7317000000.0,259000000.0,5447000000.0,5510000000.0,-63000000.0,215000000.0,9569000000,26278000000.0,9000000.0,922000000,USD,1955000000,4395000000,2440000000.0,2440000000.0,1108000000,145000000.0,572000000.0,847000000,-61000000.0,0.0,61000000.0,94000000.0,1040000000,199000000.0,841000000.0,1108000000.0,1202000000,841000000,0,0,0,0,0,0,0,0,0,0,0,0,0,0,0,0,0,0,0,0,0,0,0,0,0,0,0,0,0,0,0,0,0,0,0,0,0,1,0,0,0,0,0,0,0,0,61.14340591430664,2020-07-31,1.1968821921271253
709,709,AVGO,2020-07-31,USD,79298000000.0,13681000000,8857000000.0,8857000000.0,1081000000.0,2684000000.0,65617000000,3173000000.0,18357000000.0,18357000000.0,43447000000.0,0.0,1059000000.0,55713000000,6702000000.0,1092000000.0,822000000.0,49011000000.0,713000000.0,42603000000.0,44023000000.0,1995000000.0,5140000000.0,23585000000,0.0,8000000.0,4219999910,USD,3316000000,5821000000,2505000000.0,2505000000.0,1008000000,428000000.0,1228000000.0,2308000000,-464000000.0,0.0,464000000.0,1719000000.0,593000000,-96000000.0,689000000.0,1057000000.0,2776000000,688000000,0,0,0,0,0,0,0,0,0,0,0,0,1,0,0,0,0,0,0,0,0,0,0,0,0,0,1,0,0,0,0,0,0,0,0,0,0,1,0,0,0,0,0,0,0,0,27.99905014038086,2020-07-31,0.5840807555209739
803,803,CPRT,2020-07-31,USD,3455261000.0,963759000,477718000.0,477718000.0,20080000.0,376947000.0,2491502000,2041053000.0,47772000.0,47772000.0,343622000.0,0.0,89014000.0,965745000,356044000.0,132919000.0,25572000.0,609701000.0,121156000.0,397036000.0,518622000.0,79555000.0,430000.0,2489516000,1937853000.0,24000.0,955708000,USD,250431000,525659000,275228000.0,275228000.0,205715000,44716000.0,0.0,44716000,-4803000.0,99000.0,4902000.0,27501000.0,201883000,36350000.0,165533000.0,206663000.0,234164000,165533000,0,0,0,0,0,0,0,0,0,0,0,0,1,0,0,0,0,0,0,0,0,0,0,0,0,0,0,0,0,0,0,0,0,0,1,0,0,0,0,0,0,0,0,0,0,0,23.3125,2020-07-31,0.5764075067024128
1094,1094,CRWD,2020-07-31,USD,1616952000.0,1262144000,1064733999.0,1064733999.0,53837000.0,149236000.0,354808000,179357000.0,347000.0,347000.0,8131000.0,0.0,48174000.0,824937000,603292000.0,10118000.0,8643000.0,221644999.0,44777000.0,0.0,44777000.0,69450000.0,10752000.0,790965000,-686583000.0,110000.0,216695000,USD,144580000,198971000,54391000.0,54391000.0,-29991000,28961000.0,50483000.0,174571000,-174000.0,0.0,174000.0,9523000.0,-29433000,441000.0,-29874000.0,-29259000.0,-19736000,-29874000,0,0,0,0,0,0,0,0,0,0,0,0,0,0,0,0,0,0,0,0,1,0,0,0,0,0,0,0,0,0,0,0,0,0,0,0,0,1,0,0,0,0,0,0,0,0,113.1999969482422,2020-07-31,1.2403710905249254
1286,1286,CSCO,2020-07-31,USD,94853000000.0,43573000000,11809000000.0,11809000000.0,1282000000.0,10523000000.0,51280000000,3374000000.0,1576000000.0,1576000000.0,33806000000.0,17610000000.0,2349000000.0,56933000000,25331000000.0,2218000000.0,3005000000.0,31602000000.0,0.0,11578000000.0,14583000000.0,7863000000.0,2147000000.0,37920000000,-2763000000.0,41202000000.0,4242000000,USD,7684000000,12154000000,4470000000.0,4470000000.0,3247000000,494000000.0,1565000000.0,4437000000,68000000.0,187000000.0,119000000.0,444000000.0,3306000000,670000000.0,2636000000.0,3425000000.0,3869000000,2636000000,0,0,0,0,0,0,0,0,0,0,0,0,0,0,0,0,0,0,0,1,0,0,0,0,0,0,0,0,0,0,0,0,0,0,0,0,0,0,0,0,0,0,0,0,0,0,40.05533599853516,2020-07-31,0.21302203201328407
308,308,INTU,2020-07-31,USD,10931000000.0,7980000000,6442000000.0,6442000000.0,1478040500.0,161000000.0,2951000000,960000000.0,28000000.0,28000000.0,1654000000.0,608000000.0,769000000.0,5825000000,3529000000.0,305000000.0,1384000000.0,2296000000.0,267000000.0,2031000000.0,3636000000.0,733000000.0,42000000.0,5106000000,10885000000.0,3000000.0,264000000,USD,1494000000,1816000000,322000000.0,322000000.0,483000000,193000000.0,393000000.0,1011000000,-1000000.0,6000000.0,12000000.0,50000000.0,486000000,41000000.0,445000000.0,498000000.0,548000000,445000000,0,0,0,0,0,1,0,0,0,0,0,0,0,0,0,0,0,0,0,0,0,0,0,0,0,0,0,0,0,0,0,0,0,0,0,0,0,0,0,0,0,0,0,0,0,0,295.8406066894531,2020-07-31,0.7401895275530852
898,898,MRVL,2020-07-31,USD,10926482000.0,1632087000,831534000.0,831534000.0,262875000.0,483542000.0,9294395000,331769000.0,2489815000.0,2489815000.0,5337405000.0,0.0,54136000.0,2508945000,1224830000.0,238537000.0,448248000.0,1284115000.0,143894000.0,992801000.0,1441049000.0,407470000.0,274270000.0,8417537000,2190505000.0,1340000.0,667574000,USD,359256000,727297000,368041000.0,368041000.0,-151267000,99794000.0,277139000.0,510523000,-15458000.0,608000.0,15635000.0,163184000.0,-166765000,-8872000.0,-22908000.0,-151130000.0,12054000,-157893000,0,0,0,0,0,0,0,0,0,0,0,0,1,0,0,0,0,0,0,0,0,0,0,0,0,0,0,0,0,0,0,0,0,0,0,0,0,0,0,0,0,0,0,0,0,0,35.64957046508789,2020-07-31,0.6673725814233669
402,402,NVDA,2020-07-31,USD,25180000000.0,14681000000,3274000000.0,3274000000.0,1401000000.0,2084000000.0,10499000000,2665000000.0,2854000000.0,2854000000.0,4193000000.0,7707000000.0,215000000.0,11266000000,2410000000.0,893000000.0,124000000.0,8856000000.0,735000000.0,6960000000.0,7695000000.0,1171000000.0,43000000.0,13914000000,16313000000.0,1000000.0,25040000000,USD,2275000000,3866000000,1591000000.0,1591000000.0,651000000,627000000.0,997000000.0,1624000000,-41000000.0,13000000.0,54000000.0,404000000.0,609000000,-13000000.0,622000000.0,663000000.0,1067000000,622000000,0,0,0,0,0,0,0,0,0,0,0,0,0,0,0,0,0,0,0,0,0,0,0,0,0,0,0,0,0,0,0,0,0,0,0,0,0,0,0,0,0,0,0,0,0,0,10.578692436218262,2020-07-31,0.8391203187216514
969,969,OKTA,2020-07-31,USD,3115015000.0,2706935000,957234000.0,957234000.0,1478040500.0,110540000.0,408080000,221187000.0,30031000.0,30031000.0,48023000.0,1557279000.0,81882000.0,2429818000,533580000.0,4726000.0,43578000.0,1896238000.0,189208000.0,1689438000.0,1922224000.0,94030000.0,12018000.0,685197000,-818886000.0,13000.0,126319000,USD,149299000,200446000,51147000.0,51147000.0,-45388000,42499000.0,53866000.0,194687000,-12971000.0,3960000.0,16931000.0,7225000.0,-60533000,-433000.0,-60100000.0,-43602000.0,-36377000,-60100000,0,0,0,0,0,1,0,0,0,0,0,0,0,0,0,0,0,0,0,0,0,0,0,0,0,0,0,0,0,0,0,0,0,0,0,0,0,0,0,0,0,0,0,0,0,0,220.97999572753903,2020-07-31,0.12132318796697605
1142,1142,PANW,2020-07-31,USD,9065400000.0,5129200000,2958000000.0,2958000000.0,2.0,1037100000.0,3936200000,606800000.0,358200000.0,358200000.0,1812900000.0,789800000.0,344300000.0,7963600000,2691700000.0,63600000.0,0.0,5271900000.0,336600000.0,3084100000.0,3420700000.0,579000000.0,90100000.0,1101800000,-1167900000.0,2259200000.0,576000000,USD,660000000,950400000,290400000.0,290400000.0,-17800000,70700000.0,215900000.0,677800000,-28000000.0,3400000.0,31400000.0,73700000.0,-48400000,10500000.0,-58900000.0,-17000000.0,56700000,-58900000,0,0,0,0,0,0,0,0,0,0,0,0,0,0,0,0,0,1,0,0,0,0,0,0,0,0,0,0,0,0,0,0,0,0,0,0,0,0,0,0,0,0,0,0,0,0,42.6533317565918,2020-07-31,0.559276346297372
521,521,ROST,2020-07-31,USD,11322245000.0,5347361000,3793043000.0,3793043000.0,1117983000.0,162723000.0,5974884000,2047000000.0,986000000.0,986000000.0,4290000000.0,0.0,273612000.0,8455046000,3153072000.0,1009704000.0,1381784000.0,5301974000.0,0.0,0.0,6269333000.0,761584000.0,0.0,2867199000,1816614000.0,3560000.0,354232000,USD,604592000,2684712000,2080120000.0,2080120000.0,85097000,368000000.0,0.0,519495000,0.0,0.0,29612000.0,89028000.0,56242000,34195000.0,471000000.0,85854000.0,174882000,22047000,0,0,0,0,0,0,0,0,1,1,1,1,1,0,0,0,0,0,0,1,1,0,0,1,0,0,0,0,0,0,0,0,0,1,1,0,1,1,0,0,0,0,1,0,0,0,84.80313110351562,2020-07-31,0.3747060362476424
1023,1023,SPLK,2020-07-31,USD,5646492000.0,3080394000,1467895000.0,1467895000.0,112598000.0,793081000.0,2566098000,572760000.0,209124000.0,209124000.0,1292840000.0,588773000.0,230644999.0,3977011000,1233667000.0,40804000.0,0.0,2743344000.0,349751000.0,2248396000.0,2598147000.0,432269000.0,1889000.0,1669481000,-2128372000.0,160000.0,158952000,USD,359606000,491658000,132052000.0,132052000.0,-239459000,78081000.0,197297000.0,599065000,-26567000.0,3581000.0,30148000.0,55806.0,-260109000,1213000.0,-261322000.0,-207825806.0,-207770000,-261322000,0,0,0,0,0,0,0,0,0,0,0,0,0,0,0,0,0,1,0,0,0,0,0,0,0,0,0,0,0,0,0,0,0,0,0,0,0,0,0,0,0,0,0,0,0,0,,,
1047,1047,WDAY,2020-07-31,USD,7501451000.0,3608831000,1239696000.0,1239696000.0,1478040500.0,694289000.0,3892620000,1282089000.0,293129000.0,293129000.0,1819261000.0,1513842000.0,161004000.0,4662973000,2553115000.0,57764000.0,113298000.0,2109858000.0,347405000.0,1752004000.0,2136909000.0,378598000.0,21782000.0,2838478000,-2813943000.0,238000.0,236002000,USD,777690000,1061967000,284277000.0,284277000.0,-16754000,99266000.0,418681000.0,794444000,-14324000.0,4978000.0,19302000.0,73178000.0,-28207000,-191000.0,-28016000.0,-8905000.0,64273000,-28016000,0,0,0,0,0,1,0,0,0,0,0,0,0,0,0,0,0,0,0,0,0,0,0,0,0,0,0,0,0,0,0,0,0,0,0,0,0,0,0,0,0,0,0,0,0,0,180.9199981689453,2020-07-31,0.2956002446871506
1071,1071,ZM,2020-07-31,USD,2624941000.0,2232102000,748944000.0,748944000.0,446608000.0,295330000.0,392839000,156586000.0,6800000.0,6800000.0,24340000.0,732995000.0,454833000.0,1426129000,1287326000.0,12615000.0,9667000.0,138803000.0,72772000.0,0.0,72772000.0,517941000.0,3220000.0,1198812000,213216000.0,283000.0,297162309,USD,471249000,663520000,192271000.0,192271000.0,188104000,81238000.0,42734000.0,283145000,2081000.0,2081000.0,58000000.0,6475000.0,190185000,4196000.0,185989000.0,188104000.0,194579000,185989000,0,0,0,0,0,0,0,0,0,0,0,0,0,0,0,0,0,0,0,0,1,0,0,0,0,0,0,0,0,0,0,0,0,0,0,0,0,0,1,0,0,0,0,0,0,0,253.91000366210935,2020-07-31,0.48911031723930054
1166,1166,ZS,2020-07-31,USD,1833458000.0,1581793000,141851000.0,141851000.0,32240000.0,147584000.0,251665000,111853000.0,24024000.0,24024000.0,30059000.0,1228722000.0,67436000.0,1348629000,423901000.0,5233000.0,15600000.0,924728000.0,43623000.0,861615000.0,905238000.0,65805000.0,2586000.0,484829000,-339571000.0,133000.0,131660000,USD,94479000,125887000,31408000.0,31408000.0,-44884000,17409000.0,32784999.0,139363000,-3953000.0,1072000.0,5025000.0,17933000.0,-49092000,457000.0,-49549000.0,-44067000.0,-26134000,-49549000,0,0,0,0,0,0,0,0,0,0,0,0,0,0,0,0,0,0,0,0,0,0,0,0,0,0,0,0,0,0,0,0,0,0,0,0,0,0,0,0,0,0,0,0,0,0,129.85000610351562,2020-07-31,0.816788545038984
69,69,ADBE,2020-08-31,USD,22414000000.0,7387000000,3767000000.0,3767000000.0,1478040500.0,1318000000.0,15027000000,1974000000.0,1445000000.0,1445000000.0,10739000000.0,1497000000.0,805000000.0,10701000000,5130000000.0,229000000.0,90000000.0,5571000000.0,610000000.0,4116000000.0,4726000000.0,1317000000.0,221000000.0,11713000000,17383000000.0,8000000.0,485000000,USD,2798000000,3225000000,427000000.0,427000000.0,1069000000,230000000.0,566000000.0,1729000000,-21000000.0,7000000.0,27000000.0,191000000.0,1060000000,105000000.0,955000000.0,1088000000.0,1279000000,955000000,0,0,0,0,0,1,0,0,0,0,0,0,0,0,0,0,0,0,0,0,0,0,0,0,0,0,1,0,0,0,0,0,0,0,0,0,0,0,0,0,0,0,0,0,0,0,513.3900146484375,2020-08-31,0.29277935540200173
756,756,CTAS,2020-08-31,USD,8043381000.0,1909813000,421542000.0,421542000.0,488165000.0,866414000.0,6133568000,1378385000.0,483264000.0,483264000.0,2886048000.0,240431000.0,133692000.0,4438577000,1093350000.0,252513000.0,293222000.0,3345227000.0,165141000.0,2290447000.0,2705396000.0,524364000.0,669631000.0,3604804000,7596514000.0,1345233000.0,428516000,USD,826201000,1746575000,920374000.0,920374000.0,349706000,476495000.0,0.0,476495000,-24486000.0,64000.0,24550000.0,96179000.0,325220000,25215000.0,300005000.0,349739000.0,445918000,300005000,0,0,0,0,0,0,0,0,0,0,0,0,0,0,0,0,0,0,0,0,0,0,0,0,0,0,0,0,0,0,0,0,0,0,1,0,0,0,0,0,0,0,0,0,0,0,78.56991577148438,2020-08-31,0.20828502446419406
779,779,STZ,2020-08-31,USD,26462500000.0,3537200000,204600000.0,204600000.0,1328400000.0,926300000.0,22925300000,5601500000.0,2738300000.0,2738300000.0,7717400000.0,0.0,1077900000.0,14458700000,1909900000.0,651200000.0,533800000.0,12548800000.0,0.0,11066800000.0,11600600000.0,724900000.0,0.0,11688000000,13742200000.0,2200000.0,195142000,USD,1231600000,2259900000,1028300000.0,1028300000.0,870500000,399100000.0,0.0,361100000,-100200000.0,180900000.0,99500000.0,73000000.0,657200000,135400000.0,521800000.0,756700000.0,829700000,512100000,0,0,0,0,0,0,0,0,0,0,0,0,1,0,0,0,0,0,0,1,0,0,0,1,0,0,0,0,0,0,0,0,0,0,1,0,0,0,0,0,0,0,0,0,0,0,168.13082885742188,2020-08-31,0.1607648397413035
1261,1261,AAPL,2020-09-30,USD,323888000000.0,143713000000,38016000000.0,38016000000.0,4061000000.0,37445000000.0,180175000000,36766000000.0,986000000.0,986000000.0,4290000000.0,52927000000.0,11264000000.0,258549000000,105392000000.0,42296000000.0,13769000000.0,153157000000.0,0.0,98667000000.0,112436000000.0,42684000000.0,26320000000.0,65339000000,14966000000.0,50779000000.0,17256521000,USD,24689000000,64698000000,40009000000.0,40009000000.0,14775000000,4936000000.0,4978000000.0,9914000000,134000000.0,134000000.0,634000000.0,2702000000.0,14901000000,2228000000.0,12673000000.0,15535000000.0,18237000000,12673000000,0,0,0,0,0,0,0,0,0,1,1,1,0,0,0,0,0,0,0,1,0,0,0,0,0,0,0,0,0,0,0,0,0,0,0,0,0,0,0,0,0,0,0,0,0,0,112.4361343383789,2020-09-30,0.22968748059760768
236,236,ADP,2020-09-30,USD,42390100000.0,34815400000,1613100000.0,1613100000.0,29950300000.0,2489100000.0,7574700000,1180500000.0,1215900000.0,1215900000.0,2326300000.0,3400000.0,762900000.0,36581200000,32329600000.0,111200000.0,2915000000.0,4251600000.0,330400000.0,1993900000.0,4908900000.0,29098400000.0,813900000.0,5808900000,18644700000.0,63900000.0,430000000,USD,1577500000,3470700000,1893200000.0,1893200000.0,755400000,681000000.0,168700000.0,822100000,-1300000.0,13800000.0,15100000.0,131100000.0,765200000,163100000.0,602100000.0,780300000.0,911400000,602100000,0,0,0,0,0,0,0,0,0,0,0,0,0,0,0,0,0,0,0,0,0,0,0,0,0,0,0,0,0,0,0,0,0,0,0,0,0,0,0,0,0,0,0,0,0,0,125.0660629272461,2020-09-30,0.4617834727117791
664,664,AEP,2020-09-30,USD,78689300000.0,4338200000,409700000.0,409700000.0,1267300000.0,1850700000.0,74351100000,62786400000.0,986000000.0,986000000.0,52500000.0,209000000.0,601500000.0,58054700000,9047200000.0,1659600000.0,4545100000.0,49007500000.0,927000000.0,28155500000.0,33391100000.0,1560100000.0,12535700000.0,20365900000,10621400000.0,3357600000.0,497458523,USD,1269800000,4054400000,2784600000.0,2784600000.0,932100000,702900000.0,0.0,337700000,-291300000.0,0.0,290000000.0,666200000.0,747000000,-1200000.0,733500000.0,1022300000.0,1688500000,748600000,0,0,0,0,0,0,0,0,0,1,1,0,0,0,0,0,0,0,0,0,0,0,0,0,0,0,0,0,0,0,0,0,0,0,1,0,0,1,0,0,0,0,0,0,0,0,66.97289276123047,2020-09-30,0.027728353339740774
640,640,ALGN,2020-09-30,USD,4415091000.0,1473247000,615532000.0,615532000.0,123093000.0,695760000.0,2941844000,703657000.0,128604000.0,128604000.0,427342000.0,0.0,38862000.0,1381620000,1121794000.0,119184000.0,20674000.0,259826000.0,86192000.0,65518000.0,86192000.0,282258000.0,259826000.0,3033471000,2056812000.0,8000.0,79163000,USD,534088000,734144000,200056000.0,200056000.0,177069000,312492000.0,44527000.0,357019000,329000.0,329000.0,7476000.0,24486000.0,184545000,45174000.0,139371000.0,177069000.0,201555000,139371000,0,0,0,0,0,0,0,0,0,0,0,0,0,0,0,0,0,0,0,0,0,0,0,0,0,0,0,0,0,0,0,0,0,0,0,0,0,0,0,0,0,0,0,0,0,0,327.3599853515625,2020-09-30,1.032716344244561
616,616,AMD,2020-09-30,USD,7023000000.0,5500000000,1296000000.0,1296000000.0,1292000000.0,2138000000.0,1523000000,595000000.0,194000000.0,194000000.0,289000000.0,475000000.0,299000000.0,3156000000,2417000000.0,752000000.0,72000000.0,739000000.0,205000000.0,373000000.0,578000000.0,1665000000.0,161000000.0,3867000000,-6386000000.0,12000000.0,1215000000,USD,1230000000,2801000000,1571000000.0,1571000000.0,449000000,273000000.0,508000000.0,781000000,-11000000.0,0.0,11000000.0,93000000.0,401000000,12000000.0,389000000.0,449000000.0,542000000,390000000,0,0,0,0,0,0,0,0,0,0,0,0,0,0,0,0,0,0,0,0,0,0,0,0,0,0,0,0,0,0,0,0,0,0,0,0,0,1,0,0,0,0,0,0,0,0,81.98999786376953,2020-09-30,0.2550311526639186
141,141,AMGN,2020-09-30,USD,64637000000.0,22661000000,9087000000.0,9087000000.0,3942000000.0,4094000000.0,41976000000,4816000000.0,17254000000.0,17254000000.0,14674000000.0,3273000000.0,2265000000.0,53678000000,9953000000.0,1161000000.0,91000000.0,43725000000.0,0.0,34196000000.0,34287000000.0,8701000000.0,9319000000.0,10959000000,-19851000000.0,31713000000.0,589000000,USD,4862000000,6423000000,1561000000.0,1561000000.0,2453000000,1346000000.0,1062000000.0,2409000000,-247000000.0,55000000.0,302000000.0,901000000.0,2206000000,185000000.0,2021000000.0,2508000000.0,3409000000,2021000000,0,0,0,0,0,0,0,0,0,0,0,0,0,0,0,0,0,0,0,1,0,0,0,0,0,0,0,0,0,0,0,0,0,0,0,0,0,0,0,0,0,0,0,0,0,0,214.1873779296875,2020-09-30,-0.13880930547473735
117,117,AMZN,2020-09-30,USD,282179000000.0,112969000000,29930000000.0,29930000000.0,23735000000.0,20832000000.0,169210000000,99981000000.0,986000000.0,986000000.0,14960000000.0,38472000000.0,4432000000.0,199404000000,101912000000.0,58334000000.0,880000000.0,97492000000.0,48589000000.0,32929000000.0,81518000000.0,34327000000.0,15974000000.0,82775000000,45329000000.0,5000000.0,10240000000,USD,39039000000,96145000000,57106000000.0,57106000000.0,6194000000,1668000000.0,9334000000.0,32756065000,-310000000.0,118000000.0,428000000.0,6523000000.0,6900000000,569000000.0,6240000000.0,6194000000.0,12717000000,6331000000,0,0,0,0,0,0,0,0,0,1,1,0,0,0,0,0,0,0,0,0,0,0,0,0,0,0,0,0,0,0,0,0,0,0,0,0,0,0,0,0,0,0,0,0,0,0,157.43649291992188,2020-09-30,0.04329050943044033
685,685,ANSS,2020-09-30,USD,4846295000.0,1458721000,844741000.0,844741000.0,1.0,569605000.0,3387574000,90299000.0,474785000.0,474785000.0,2491590000.0,468000.0,43907000.0,1256682000,561847000.0,10578000.0,53384000.0,694835000.0,101941000.0,423759000.0,525700000.0,171394000.0,207347000.0,3589613000,3588961000.0,946000.0,87224000,USD,313580000,366965000,53385000.0,53385000.0,90085000,132642000.0,86616000.0,223495000,-1099000.0,754000.0,1853000.0,20841000.0,90144000,14517000.0,75627000.0,91634000.0,112475000,75627000,0,0,0,0,0,0,0,0,0,0,0,0,0,0,0,0,0,0,0,0,0,0,0,0,0,0,0,0,0,0,0,0,0,0,0,0,0,0,0,0,0,0,0,0,0,0,,,
1237,1237,AZN,2020-09-30,USD,64112000000.0,18166000000,8072000000.0,8072000000.0,3683000000.0,5668000000.0,45946000000,2047000000.0,20613000000.0,20613000000.0,11711000000.0,374000000.0,369000000.0,50494000000,18942000000.0,13406000000.0,3585000000.0,31552000000.0,0.0,0.0,22339000000.0,630000000.0,0.0,12195000000,1876000000.0,328000000.0,2624000000,USD,5208000000,6578000000,1370000000.0,1370000000.0,1171000000,2730000000.0,1495000000.0,4037000000,0.0,0.0,324000000.0,801000000.0,853000000,202000000.0,471000000.0,1177000000.0,1978000000,648000000,0,0,0,0,0,0,0,0,1,0,0,0,0,0,0,0,0,0,0,1,1,0,0,1,0,0,0,0,0,0,0,0,0,0,0,0,1,1,0,0,0,0,1,0,0,0,96.78140258789062,2020-09-30,0.12612094031121934
1309,1309,BIDU,2020-09-30,CNY,304468000000.0,172048000000,20349000000.0,20349000000.0,1528000000.0,8343000000.0,132420000000,26802000000.0,7376000000.0,7376000000.0,18767000000.0,132174000000.0,9654000000.0,132672000000,60448000000.0,31986000000.0,13504000000.0,72224000000.0,9243000000.0,56852000000.0,77170000000.0,2850000000.0,316000000.0,164509000000,124398000000.0,176291000000.0,345000000,CNY,15417000000,28232000000,12815000000.0,12815000000.0,6156000000,4700000000.0,4561000000.0,9261000000,542000000.0,1297000000.0,755000000.0,8090000000.0,15050000000,1618000000.0,13432000000.0,15805000000.0,23895000000,13678000000,0,0,0,0,0,0,0,0,0,0,0,0,0,0,0,0,0,0,0,0,0,0,0,0,0,0,0,0,0,0,0,0,0,0,0,0,0,0,0,0,0,0,0,0,0,0,126.58999633789062,2020-09-30,0.21455094752996606
1333,1333,BIIB,2020-09-30,USD,24934100000.0,7843100000,2224800000.0,2224800000.0,1027700000.0,2552100000.0,17091000000,3359900000.0,3323600000.0,3323600000.0,5755700000.0,1355000000.0,683500000.0,14189600000,3804000000.0,398400000.0,0.0,10385600000.0,409100000.0,7425000000.0,7834100000.0,3286200000.0,1837200000.0,10758500000,13961000000.0,100000.0,157200000,USD,2927000000,3376100000,449100000.0,449100000.0,1086400000,573100000.0,1223500000.0,1840600000,-50300000.0,6000000.0,56300000.0,114700000.0,944700000,240800000.0,717000000.0,1057400000.0,1172100000,701500000,0,0,0,0,0,0,0,0,0,0,0,0,0,0,0,0,0,1,0,0,0,0,0,0,0,0,0,0,0,0,0,0,0,0,0,0,0,0,0,0,0,0,0,0,0,0,283.67999267578125,2020-09-30,-0.0024323267739041476
732,732,CDNS,2020-09-30,USD,4140152000.0,1736482000,1306564000.0,1306564000.0,47979000.0,309090000.0,2403670000,288163000.0,227753000.0,227753000.0,780842000.0,0.0,72849000.0,1744434000,1117889000.0,289835000.0,350000000.0,626545000.0,0.0,346584000.0,696584000.0,290886000.0,279961000.0,2395718000,2176595000.0,2186850000.0,280024000,USD,584323000,666607000,82284000.0,82284000.0,169272000,35928000.0,250934000.0,415038000,-5325000.0,0.0,5325000.0,37679000.0,165713000,4083000.0,161630000.0,170476000.0,208155000,161630000,0,0,0,0,0,0,0,0,0,0,0,0,1,0,0,0,0,0,0,1,0,0,0,0,0,0,0,0,0,0,0,0,0,0,0,0,0,1,0,0,0,0,0,0,0,0,106.62999725341795,2020-09-30,0.42023826636225436
1357,1357,CHTR,2020-09-30,USD,144193000000.0,4060000000,1283000000.0,1283000000.0,1478040500.0,2068000000.0,140133000000,34196000000.0,73372000000.0,73372000000.0,29554000000.0,0.0,709000000.0,110481000000,10256000000.0,728000000.0,1948000000.0,100225000000.0,233000000.0,77947000000.0,79895000000.0,6518000000.0,4349000000.0,26906000000,2016000000.0,26906000000.0,208722129,USD,4428000000,12039000000,7611000000.0,7611000000.0,2186000000,83000000.0,0.0,2242000000,-946000000.0,0.0,946000000.0,2370000000.0,1109000000,177000000.0,932000000.0,2055000000.0,4425000000,814000000,0,0,0,0,0,1,0,0,0,0,0,0,1,0,0,0,0,0,0,0,0,0,0,0,0,0,0,0,0,0,0,0,0,0,1,0,0,1,0,0,0,0,0,0,0,0,624.3400268554688,2020-09-30,0.16532653083769033
1117,1117,DDOG,2020-09-30,USD,1814284000.0,1652975000,198523000.0,198523000.0,1478040500.0,120992000.0,161309000,97424000.0,2327000.0,2327000.0,17211000.0,1296261000.0,37199000.0,878096000,254650000.0,21199000.0,15058000.0,623446000.0,64733000.0,567683000.0,632416000.0,54383000.0,3644000.0,936188000,-132003000.0,3000.0,302554000,USD,120691000,154675000,33984000.0,33984000.0,-9267000,16376000.0,56440000.0,129958000,-5838000.0,6585000.0,12423000.0,3972000.0,-14555000,595000.0,-15150000.0,-2132000.0,1840000,-15150000,0,0,0,0,0,1,0,0,0,0,0,0,0,0,0,0,0,0,0,0,0,0,0,0,0,0,0,0,0,0,0,0,0,0,0,0,0,0,0,0,0,0,0,0,0,0,102.16000366210938,2020-09-30,0.3836139490658772
260,260,FISV,2020-09-30,USD,72372000000.0,14025000000,937000000.0,937000000.0,82817000.0,2323000000.0,58347000000,2047000000.0,15649000000.0,15649000000.0,35908000000.0,0.0,10682183000.0,39683000000,13263000000.0,373000000.0,365000000.0,26420000000.0,0.0,0.0,21259000000.0,11292000000.0,0.0,31692000000,13141000000.0,8000000.0,680300000,USD,1918000000,3786000000,1868000000.0,1868000000.0,542000000,368000000.0,0.0,1376000000,0.0,0.0,176000000.0,787000000.0,400000000,124000000.0,471000000.0,557000000.0,1344000000,264000000,0,0,0,0,0,0,0,0,1,0,0,0,1,0,0,0,0,0,0,1,1,0,0,1,0,0,0,0,0,0,0,0,0,1,1,0,1,1,0,0,0,0,1,0,0,0,103.0500030517578,2020-09-30,0.052886916902902925
826,826,FTNT,2020-09-30,USD,3586200000.0,2384600000,882300000.0,882300000.0,134500000.0,546600000.0,1201600000,419400000.0,25300000.0,25300000.0,68200000.0,774400000.0,46800000.0,2873000000,1645600000.0,95900000.0,0.0,1227400000.0,0.0,0.0,31000000.0,170400000.0,1227400000.0,713200000,-466900000.0,200000.0,828000000,USD,511900000,651100000,139200000.0,139200000.0,126900000,29400000.0,90000000.0,385000000,2500000.0,2500000.0,2500000.0,16700000.0,128400000,5000000.0,123400000.0,128400000.0,145100000,123400000,0,0,0,0,0,0,0,0,0,0,0,0,0,0,0,0,0,1,0,1,1,0,0,0,0,0,0,0,0,0,0,0,0,0,0,0,0,0,0,0,0,0,0,0,0,0,23.562000274658203,2020-09-30,1.47890672545594
284,284,GILD,2020-09-30,USD,60878000000.0,30926000000,12886000000.0,12886000000.0,1008000000.0,3913000000.0,29952000000,4810000000.0,12939000000.0,12939000000.0,4117000000.0,11089000000.0,2030000000.0,43407000000,9509000000.0,527000000.0,1498000000.0,33898000000.0,0.0,27792000000.0,29290000000.0,6541000000.0,6106000000.0,17445000000,13709000000.0,1000000.0,1261000000,USD,5436000000,6577000000,1141000000.0,1141000000.0,2001000000,1106000000.0,1158000000.0,3435000000,-236000000.0,0.0,236000000.0,355000000.0,825000000,472000000.0,353000000.0,1061000000.0,1416000000,360000000,0,0,0,0,0,0,0,0,0,0,0,0,0,0,0,0,0,0,0,1,0,0,0,0,0,0,0,0,0,0,0,0,0,0,0,0,0,1,0,0,0,0,0,0,0,0,51.56871795654297,2020-09-30,0.15394110114858006
93,93,GOOGL,2020-09-30,USD,299243000000.0,164369000000,20129000000.0,20129000000.0,835000000.0,25513000000.0,134874000000,93582000000.0,1520000000.0,1520000000.0,20870000000.0,112467000000.0,5425000000.0,86323000000,48200000000.0,4391000000.0,1535000000.0,38123000000.0,12519000000.0,13902000000.0,26421000000.0,38873000000.0,22248000000.0,212920000000,155567000000.0,57307000000.0,13717014513,USD,25056000000,46173000000,21117000000.0,21117000000.0,11213000000,2756000000.0,6856000000.0,13843000000,412000000.0,460000000.0,48000000.0,3478000000.0,13359000000,2112000000.0,11247000000.0,13407000000.0,16885000000,11247000000,0,0,0,0,0,0,0,0,0,0,0,0,0,0,0,0,0,0,0,0,0,0,0,0,0,0,0,0,0,0,0,0,0,0,0,0,0,0,0,0,0,0,0,0,0,0,72.73046875,2020-09-30,0.824181405754874
850,850,IDXX,2020-09-30,USD,2047407000.0,868679000,175587000.0,175587000.0,217597000.0,382005000.0,1178728000,547624000.0,53467000.0,53467000.0,238100000.0,0.0,93490000.0,1606292000,526841000.0,71933000.0,66581000.0,1079451000.0,87253000.0,853316000.0,990552000.0,305715000.0,198545000.0,440576000,2000805000.0,10628000.0,86690000,USD,422606000,721789000,299183000.0,299183000.0,171856000,105031000.0,37517000.0,250750000,-7902000.0,208000.0,8110000.0,24651000.0,163954000,17633000.0,146321000.0,172764000.0,197415000,146219000,0,0,0,0,0,0,0,0,0,0,0,0,1,0,0,0,0,0,0,0,0,0,0,0,0,0,0,0,0,0,0,0,0,0,0,0,0,0,0,0,0,0,0,0,0,0,393.1099853515625,2020-09-30,0.5820000701785548
21,21,INTC,2020-09-30,USD,145261000000.0,36785000000,3356000000.0,3356000000.0,9273000000.0,7140000000.0,108476000000,59205000000.0,9881000000.0,9881000000.0,26955000000.0,14897000000.0,2119000000.0,70707000000,22112000000.0,5159000000.0,504000000.0,48595000000.0,0.0,36059000000.0,36563000000.0,11638000000.0,8160000000.0,74554000000,52159000000.0,23335000000.0,4211000000,USD,9741000000,18333000000,8592000000.0,8592000000.0,5059000000,1435000000.0,3272000000.0,4682000000,-107000000.0,53000000.0,160000000.0,3123000000.0,5041000000,765000000.0,4276000000.0,5034000000.0,8157000000,4276000000,0,0,0,0,0,0,0,0,0,0,0,0,0,0,0,0,0,0,0,1,0,0,0,0,0,0,0,0,0,0,0,0,0,0,0,0,0,0,0,0,0,0,0,0,0,0,46.47240829467773,2020-09-30,0.055984327635553166
331,331,ISRG,2020-09-30,USD,10617500000.0,6300300000,1370600000.0,1370600000.0,662900000.0,588600000.0,4317200000,1509700000.0,88900000.0,88900000.0,336300000.0,3347600000.0,330600000.0,1330800000,894700000.0,116000000.0,441100000.0,436100000.0,0.0,0.0,275700000.0,415600000.0,436100000.0,9286700000,2937200000.0,100000.0,361800000,USD,724300000,1077700000,353400000.0,353400000.0,270400000,298900000.0,155000000.0,453900000,84800000.0,0.0,58000000.0,69200000.0,355200000,38400000.0,316800000.0,270400000.0,339600000,313900000,0,0,0,0,0,0,0,0,0,0,0,0,0,0,0,0,0,0,0,1,1,0,0,0,0,0,0,0,0,0,0,0,0,0,0,0,0,1,1,0,0,0,0,0,0,0,236.51333618164065,2020-09-30,0.40111900939204514
354,354,JD,2020-09-30,CNY,54958477813.0,30477094235,11493401168.0,11493401168.0,8880229495.0,2072372331.0,24481383578,42607484000.0,989723959.0,989723959.0,1604528675.0,7106896308.0,924194931.0,29251949901,25342201421.0,15461581064.0,1659803247.0,3909748480.0,14438915000.0,13187265000.0,4987552051.0,1890473108.0,157431000.0,22106491498,37418433000.0,150558471000.0,1595579500,CNY,26795018000,174214464000,147419446000.0,147419446000.0,4383349000,1596342000.0,4106739000.0,22411669000,435696000.0,733498000.0,297802000.0,1521071000.0,8275858000,690373000.0,7585485000.0,4039367000.0,8573660000,7562358000,0,0,0,0,0,0,0,0,0,0,0,0,0,0,0,0,0,0,0,0,0,0,0,0,0,0,0,0,0,0,0,0,0,0,0,0,0,0,0,0,0,0,0,0,0,0,70.42369079589844,2020-09-30,-0.06919223008233288
378,378,KHC,2020-09-30,USD,98122000000.0,10065000000,2720000000.0,2720000000.0,2661000000.0,1979000000.0,88057000000,6558000000.0,46418000000.0,46418000000.0,32861000000.0,0.0,2705000000.0,48783000000,7694000000.0,4052000000.0,535000000.0,41089000000.0,0.0,27882000000.0,28417000000.0,3107000000.0,1746000000.0,49218000000,-3739000000.0,12000000.0,1229000000,USD,2344000000,6441000000,4097000000.0,4097000000.0,1147000000,821000000.0,0.0,1197000000,-314000000.0,6000000.0,314000000.0,232000000.0,906000000,308000000.0,1214000000.0,1220000000.0,1452000000,597000000,0,0,0,0,0,0,0,0,0,0,0,0,1,0,0,0,0,0,0,1,0,0,0,0,0,0,0,0,0,0,0,0,0,0,1,0,0,0,0,0,0,0,0,0,0,0,23.459325790405277,2020-09-30,0.28250214257670025
874,874,KLAC,2020-09-30,USD,9320096000.0,4754699000,2043453000.0,2043453000.0,1394225000.0,1028883000.0,4565397000,561852000.0,1340913000.0,1340913000.0,2045432000.0,827633000.0,288138000.0,6557751000,1748828000.0,254458000.0,29418000.0,4808923000.0,98849000.0,3420403000.0,3449821000.0,970129000.0,731644000.0,2747184000,753915000.0,2072715000.0,156442000,USD,918058000,1538620000,620562000.0,620562000.0,526389000,172631000.0,219038000.0,391669000,-39386000.0,0.0,39386000.0,80066000.0,483806000,63664000.0,420142000.0,523192000.0,603258000,420567000,0,0,0,0,0,0,0,0,0,0,0,0,0,0,0,0,0,0,0,0,0,0,0,0,0,0,0,0,0,0,0,0,0,0,0,0,0,1,0,0,0,0,0,0,0,0,182.63082885742188,2020-09-30,0.748892086436725
1213,1213,LCID,2020-09-30,USD,2075486833.0,5310021,4218387.0,4218387.0,1478040500.0,1735000000.0,2070176813,2047000000.0,986000000.0,986000000.0,4290000000.0,2070167783.0,1091634.0,72483333,33333.0,33333.0,0.0,72450000.0,0.0,0.0,6120000000.0,33333.0,72450000.0,2003003501,-156614.0,1998009391.0,161862153,USD,-275000,334000,609000.0,609000.0,-162100000,27935000.0,133890000.0,161825000,-10000.0,0.0,10000.0,2155000.0,-161382000,-145000.0,-155614.0,-162100000.0,-159945000,-161237000,0,0,0,0,0,1,1,0,1,1,1,1,0,0,0,0,0,1,0,1,1,1,0,0,0,0,0,0,0,0,0,0,0,0,0,0,0,1,0,0,0,0,0,0,0,0,97.8000030517578,2020-09-30,1.59509197476652
1189,1189,META,2020-09-30,USD,146437000000.0,65799000000,11617000000.0,11617000000.0,1478040500.0,8024000000.0,80638000000,42291000000.0,744000000.0,744000000.0,19031000000.0,44003000000.0,2155000000.0,28706000000,11944000000.0,1106000000.0,975000000.0,16762000000.0,10616000000.0,0.0,10616000000.0,9484000000.0,16762000000.0,117731000000,68513000000.0,8000000.0,2891000000,USD,17276000000,21470000000,4194000000.0,4194000000.0,8040000000,1790000000.0,4763000000.0,9236000000,146000000.0,146000000.0,146000000.0,1698000000.0,8133000000,287000000.0,7846000000.0,8040000000.0,9738000000,7846000000,0,0,0,0,0,1,0,0,0,0,0,0,0,0,0,0,0,0,0,0,1,0,0,0,0,0,1,0,0,0,0,0,0,0,0,0,0,0,0,0,0,0,0,0,0,0,260.083251953125,2020-09-30,0.29587623591829915
945,945,MRNA,2020-09-30,USD,4650873000.0,3577211000,1505581000.0,1505581000.0,-691969000.0,213453000.0,1073662000,368593000.0,986000000.0,986000000.0,4290000000.0,1770721000.0,87456000.0,1891075000,1473561000.0,20521000.0,4731000.0,417514000.0,212294000.0,0.0,212294000.0,213803000.0,2183000.0,2759798000,-1971033000.0,40000.0,395000000,USD,149410000,157910000,8500000.0,8500000.0,-235117000,48541000.0,344486000.0,384527000,2737000.0,5571000.0,2834000.0,8500000.0,-232772000,864000.0,-233636000.0,-229938000.0,-221438000,-233636000,0,0,0,0,0,0,0,0,0,1,1,1,0,0,0,0,0,0,0,0,1,0,0,0,0,0,0,0,0,0,0,0,0,0,0,0,0,0,0,0,0,0,0,0,0,0,70.75,2020-09-30,4.439717107442579
45,45,MSFT,2020-09-30,USD,301001000000.0,177077000000,17205000000.0,17205000000.0,2705000000.0,22851000000.0,123924000000,47927000000.0,6923000000.0,6923000000.0,43890000000.0,120772000000.0,13544000000.0,177609000000,70056000000.0,12509000000.0,6497000000.0,107553000000.0,7753000000.0,57055000000.0,71305000000.0,17574000000.0,50311000000.0,123392000000,39193000000.0,81089000000.0,7637000000,USD,26152000000,37154000000,11002000000.0,11002000000.0,15876000000,1119000000.0,4926000000.0,10276000000,-589000000.0,0.0,589000000.0,2645000000.0,16124000000,2231000000.0,13893000000.0,16713000000.0,19358000000,13893000000,0,0,0,0,0,0,0,0,0,0,0,0,0,0,0,0,0,0,0,0,0,0,0,0,0,0,0,0,0,0,0,0,0,0,0,0,0,1,0,0,0,0,0,0,0,0,200.83462524414065,2020-09-30,0.3526690451483516
921,921,MTCH,2020-09-30,USD,2670092000.0,738159000,398884000.0,398884000.0,1478040500.0,199682000.0,1931933000,106006000.0,226126000.0,226126000.0,1252715000.0,347976000.0,139593000.0,4110413000,488195000.0,16347000.0,26382000.0,3622218000.0,0.0,3521092000.0,3521092000.0,230894000.0,70258000.0,-1442934000,-8631705000.0,264000.0,305696000,USD,469947000,639770000,169823000.0,169823000.0,200167000,88961000.0,39280000.0,269780000,-43189000.0,0.0,32009000.0,11680000.0,166235000,26122000.0,131487000.0,198244000.0,209924000,141207000,0,0,0,0,0,1,0,0,0,0,0,0,0,0,0,0,0,0,0,1,0,0,0,0,0,0,0,0,0,0,0,0,0,0,0,0,0,1,0,0,0,0,0,0,0,0,107.4751434326172,2020-09-30,0.4187981499514941
425,425,NXPI,2020-09-30,USD,21122000000.0,5604000000,3566000000.0,3566000000.0,1064000000.0,755000000.0,15518000000,2470000000.0,2380000000.0,2380000000.0,9959000000.0,0.0,219000000.0,12049000000,3411000000.0,697000000.0,1749000000.0,8638000000.0,0.0,7607000000.0,9356000000.0,965000000.0,895000000.0,8876000000,-3313000000.0,64000000.0,279467000,USD,1090000000,2267000000,1177000000.0,1177000000.0,32000000,203000000.0,431000000.0,1059000000,-101000000.0,3000000.0,100000000.0,589000000.0,-75000000,-57000000.0,-18000000.0,26000000.0,615000000,-22000000,0,0,0,0,0,0,0,0,0,0,0,0,1,0,0,0,0,0,0,1,0,0,0,0,0,0,0,0,0,0,0,0,0,0,0,0,0,0,0,0,0,0,0,0,0,0,114.10578155517578,2020-09-30,0.5864006547708076
991,991,PDD,2020-09-30,CNY,99410926000.0,90170569000,5715676000.0,5715676000.0,345299000.0,4645408000.0,9240357000,580585000.0,1486959000.0,1486959000.0,4290000000.0,39859089000.0,82446000.0,71007264000,65075548000.0,40299835000.0,2955341000.0,5931716000.0,573121000.0,5504873000.0,8851017000.0,20778279000.0,36040000.0,28403662000,-24098847000.0,153000.0,957255200,CNY,10949627000,14209782000,3260155000.0,3260155000.0,-1295738000,368611000.0,1804886000.0,12245365000,319775000.0,485413000.0,165638000.0,159457750.0,-784708000,-355233000.0,-784708000.0,-1295738000.0,-1136280250,-784708000,0,0,0,0,0,0,0,0,0,0,0,1,0,0,0,0,0,0,0,0,0,0,0,0,0,0,0,0,0,0,0,0,0,0,0,0,0,0,0,0,0,0,0,0,0,0,74.1500015258789,2020-09-30,0.22279158871359983
449,449,PYPL,2020-09-30,USD,65582000000.0,48704000000,6112000000.0,6112000000.0,1478040500.0,33609000000.0,16878000000,1757000000.0,1146000000.0,1146000000.0,9119000000.0,8046000000.0,937000000.0,47055000000,35246000000.0,32689000000.0,133000000.0,11809000000.0,0.0,8937000000.0,9664000000.0,2457000000.0,0.0,18483000000,10809000000.0,8000000.0,1190000000,USD,3093000000,5459000000,2366000000.0,2366000000.0,977000000,503000000.0,674000000.0,2116000000,-41000000.0,17000000.0,58000000.0,298000000.0,1144000000,123000000.0,1021000000.0,1202000000.0,1500000000,1021000000,0,0,0,0,0,1,0,0,0,0,0,0,0,0,0,0,0,0,0,1,0,0,0,1,0,0,1,0,0,0,0,0,0,0,0,0,0,0,0,0,0,0,0,0,0,0,195.9821929931641,2020-09-30,0.32066183381061597
473,473,QCOM,2020-09-30,USD,35594000000.0,18519000000,6707000000.0,6707000000.0,2598000000.0,4003000000.0,17075000000,3711000000.0,1653000000.0,1653000000.0,6323000000.0,4507000000.0,704000000.0,29517000000,8672000000.0,2248000000.0,500000000.0,20845000000.0,0.0,15226000000.0,15726000000.0,4807000000.0,4858000000.0,6077000000,5284000000.0,586000000.0,1148000000,USD,5580000000,8346000000,2766000000.0,2766000000.0,3452000000,551000000.0,1583000000.0,2128000000,-145000000.0,21000000.0,166000000.0,339000000.0,3306000000,346000000.0,2960000000.0,3447000000.0,3786000000,2960000000,0,0,0,0,0,0,0,0,0,0,0,0,0,0,0,0,0,0,0,1,0,0,0,0,0,0,0,0,0,0,0,0,0,0,0,0,0,0,0,0,0,0,0,0,0,0,105.21037292480467,2020-09-30,0.11682011211783738
497,497,REGN,2020-09-30,USD,16084000000.0,9097600000,1573000000.0,1573000000.0,1801600000.0,4039500000.0,6986400000,3138300000.0,986000000.0,986000000.0,4290000000.0,1452900000.0,230600000.0,5958500000,2337800000.0,443100000.0,1303000000.0,3620700000.0,716500000.0,1978300000.0,3281300000.0,96900000.0,1275400000.0,10125500000,9743800000.0,100000.0,113951285,USD,1960700000,2294000000,333300000.0,333300000.0,1053099999,326900000.0,625300000.0,907600000,-26300000.0,0.0,26300000.0,59300000.0,998300000,156200000.0,842100000.0,1024600000.0,1083900000,842100000,0,0,0,0,0,0,0,0,0,1,1,1,0,0,0,0,0,0,0,0,0,0,0,0,0,0,0,0,0,0,0,0,0,0,0,0,0,1,0,0,0,0,0,0,0,0,556.0237426757812,2020-09-30,0.08110314797330775
592,592,SBUX,2020-09-30,USD,29374500000.0,7806400000,4350900000.0,4350900000.0,1551400000.0,1395400000.0,21568100000,6241400000.0,552100000.0,552100000.0,3597200000.0,281200000.0,227500000.0,37173900000,7346800000.0,997900000.0,2937500000.0,29827100000.0,8910500000.0,14659600000.0,25258800000.0,1856700000.0,7661700000.0,-7805100000,-7815600000.0,1200000.0,1179000000,USD,1543100000,6203100000,4660000000.0,4660000000.0,558300000,439000000.0,0.0,984800000,-115900000.0,9000000.0,124900000.0,379200000.0,442400000,49700000.0,392700000.0,567300000.0,946500000,392600000,0,0,0,0,0,0,0,0,0,0,0,0,0,0,0,0,0,0,0,0,0,0,0,0,0,0,0,0,0,0,0,0,0,0,1,0,0,0,0,0,0,0,0,0,0,0,75.92033386230469,2020-09-30,0.30561680549651626
1006,1006,SGEN,2020-09-30,USD,3004961000.0,1718375000,919454000.0,919454000.0,96727000.0,293416000.0,1286586000,192867000.0,289484000.0,289484000.0,274671000.0,798921000.0,57521000.0,746931000,342688000.0,68650000.0,250450000.0,404243000.0,65003000.0,0.0,65003000.0,274038000.0,153793000.0,2258030000,-1036663000.0,175000.0,181877000,USD,983435000,1061731000,78296000.0,78296000.0,638186000,127579000.0,217670000.0,345249000,0.0,0.0,58000000.0,18284000.0,639409000,3242000.0,636167000.0,618679000.0,636963000,636167000,0,0,0,0,0,0,0,0,0,0,0,0,0,0,0,0,0,0,0,0,1,0,0,0,0,0,0,0,0,0,0,0,0,0,0,0,1,1,1,0,0,0,0,0,0,0,,,
544,544,SIRI,2020-09-30,USD,10702000000.0,829000000,33000000.0,33000000.0,10000000.0,582000000.0,9873000000,1587000000.0,3360000000.0,3360000000.0,3860000000.0,0.0,10000000.0,11613000000,3014000000.0,1088000000.0,49000000.0,8599000000.0,463000000.0,7845000000.0,8310000000.0,85000000.0,663000000.0,-911000000,-891000000.0,4000000.0,441500000,USD,1020000000,2025000000,1005000000.0,1005000000.0,478000000,131000000.0,64000000.0,542000000,-96000000.0,0.0,96000000.0,139000000.0,344000000,72000000.0,272000000.0,440000000.0,579000000,272000000,0,0,0,0,0,0,0,0,0,0,0,0,1,0,0,0,0,0,0,0,0,0,0,0,0,0,0,0,0,0,0,0,0,0,0,0,0,1,0,0,0,0,0,0,0,0,44.76412582397461,2020-09-30,0.1493300139322471
568,568,SWKS,2020-09-30,USD,5106700000.0,2179600000,980000000.0,980000000.0,806000000.0,393600000.0,2927100000,1417400000.0,53500000.0,53500000.0,1189800000.0,408100000.0,143200000.0,942500000,942500000.0,226900000.0,0.0,494100000.0,150700000.0,0.0,150700000.0,715600000.0,32100000.0,4164200000,4820400000.0,41400000.0,168600000,USD,458900000,956800000,497900000.0,497900000.0,267600000,176000000.0,126300000.0,191300000,0.0,0.0,1500000.0,55131.0,266100000,19200000.0,246900000.0,358344869.0,358400000,246900000,0,0,0,0,0,0,0,0,0,0,0,0,0,0,0,0,0,1,0,0,1,0,0,0,0,0,0,0,0,0,0,0,0,0,0,0,1,1,0,0,0,0,0,0,0,0,125.89488220214844,2020-09-30,0.14651881240343934
165,165,ADI,2020-10-31,USD,21468603000.0,2517688000,1055860000.0,1055860000.0,608260000.0,737536000.0,18950915000,1120561000.0,3650280000.0,3650280000.0,12278425000.0,86729000.0,116032000.0,9470658000,1364986000.0,227273000.0,214586000.0,8105672000.0,0.0,5145102000.0,5359688000.0,923127000.0,1040975000.0,11997945000,7236238000.0,61582000.0,372322000,USD,1023084000,1526295000,503211000.0,503211000.0,461672000,165115000.0,280239000.0,561412000,-48066000.0,527000.0,48593000.0,202216000.0,417310000,30784000.0,386526000.0,465903000.0,668119000,386526000,0,0,0,0,0,0,0,0,0,0,0,0,0,0,0,0,0,0,0,1,0,0,0,0,0,0,0,0,0,0,0,0,0,0,0,0,0,0,0,0,0,0,0,0,0,0,107.80135345458984,2020-10-30,0.501839064401685
212,212,ADSK,2020-10-31,USD,5944500000.0,2339800000,1537000000.0,1537000000.0,1478040500.0,540400000.0,3604700000,191500000.0,65400000.0,65400000.0,2484200000.0,78500000.0,183900000.0,5875200000,2811600000.0,121300000.0,64100000.0,3063600000.0,462300000.0,1636600000.0,2098900000.0,421500000.0,172400000.0,69300000,-2281400000.0,2507100000.0,222300000,USD,859100000,952600000,93500000.0,93500000.0,170300000,98800000.0,232700000.0,688800000,-14600000.0,0.0,13800000.0,32200000.0,156100000,23900000.0,132200000.0,169900000.0,202100000,132200000,0,0,0,0,0,1,0,0,0,0,0,0,0,0,0,0,0,0,0,0,0,0,0,0,0,0,0,0,0,0,0,0,0,0,0,0,0,1,0,0,0,0,0,0,0,0,235.5399932861328,2020-10-30,0.33739500188807603
189,189,AMAT,2020-10-31,USD,22353000000.0,13369000000,5351000000.0,5351000000.0,3904000000.0,2963000000.0,8984000000,1604000000.0,153000000.0,153000000.0,3466000000.0,387000000.0,764000000.0,11775000000,4459000000.0,1124000000.0,64000000.0,7316000000.0,259000000.0,5448000000.0,5512000000.0,1950000000.0,1868000000.0,10578000000,27209000000.0,9000000.0,921000000,USD,2130000000,4688000000,2558000000.0,2558000000.0,1283000000,156000000.0,560000000.0,847000000,-40000000.0,19000000.0,59000000.0,97000000.0,1243000000,112000000.0,1131000000.0,1302000000.0,1399000000,1131000000,0,0,0,0,0,0,0,0,0,0,0,0,0,0,0,0,0,0,0,0,0,0,0,0,0,0,0,0,0,0,0,0,0,0,0,0,0,0,0,0,0,0,0,0,0,0,56.48308944702149,2020-10-30,1.3753417624436715
708,708,AVGO,2020-10-31,USD,75933000000.0,11895000000,7618000000.0,7618000000.0,1003000000.0,2297000000.0,64038000000,3098000000.0,16782000000.0,16782000000.0,43447000000.0,0.0,977000000.0,52032000000,6371000000.0,836000000.0,827000000.0,45661000000.0,0.0,40235000000.0,41062000000.0,2088000000.0,5426000000.0,23901000000,0.0,8000000.0,4270676600,USD,3747000000,6467000000,2720000000.0,2720000000.0,1526000000,405000000.0,1182000000.0,2221000000,-420000000.0,0.0,420000000.0,1728000000.0,1137000000,-187000000.0,1324000000.0,1557000000.0,3285000000,1324000000,0,0,0,0,0,0,0,0,0,0,0,0,1,0,0,0,0,0,0,1,0,0,0,0,0,0,1,0,0,0,0,0,0,0,0,0,0,1,0,0,0,0,0,0,0,0,31.187232971191406,2020-10-30,0.5584411120676223
802,802,CPRT,2020-10-31,USD,3741188000.0,1138176000,605732000.0,605732000.0,28244000.0,408812000.0,2603012000,2072059000.0,45864000.0,45864000.0,342576000.0,0.0,95388000.0,1030355000,407536000.0,359816000.0,25604000.0,622819000.0,114094000.0,411845000.0,525939000.0,-25604000.0,133148000.0,2710833000,2137649000.0,24000.0,959872000,USD,296769000,592940000,296171000.0,296171000.0,248594000,48175000.0,0.0,48175000,-5032000.0,0.0,5032000.0,28949000.0,246815000,46530000.0,200285000.0,251847000.0,280796000,200285000,0,0,0,0,0,0,0,0,0,0,0,0,1,0,0,0,0,0,0,0,0,0,0,0,0,0,0,0,0,0,0,0,0,0,1,0,0,1,0,0,0,0,0,0,0,0,27.59000015258789,2020-10-30,0.4005981013896476
1093,1093,CRWD,2020-10-31,USD,1749509000.0,1278374000,1059925999.0,1059925999.0,62422000.0,172775000.0,471135000,184847000.0,16356000.0,16356000.0,83132000.0,2500000.0,45673000.0,934724000,702039000.0,7494000.0,8646000.0,232685000.0,42652000.0,0.0,42652000.0,106228000.0,15676000.0,813485000,-711114000.0,111000.0,219401000,USD,170933000,232460000,61527000.0,61527000.0,-24159000,31951000.0,57539000.0,195092000,-193000.0,0.0,193000.0,10479000.0,-24080000,451000.0,-24531000.0,-23887000.0,-13408000,-24531000,0,0,0,0,0,0,0,0,0,0,0,0,0,0,0,0,0,0,0,0,1,0,0,0,0,0,0,0,0,0,0,0,0,0,0,0,0,1,0,0,0,0,0,0,0,0,123.83999633789062,2020-10-30,1.1735305344593097
1285,1285,CSCO,2020-10-31,USD,95003000000.0,42989000000,10822000000.0,10822000000.0,1303000000.0,9085000000.0,52014000000,2412000000.0,1581000000.0,1581000000.0,34535000000.0,19190000000.0,2589000000.0,56846000000,26991000000.0,2294000000.0,5002000000.0,29855000000.0,0.0,9564000000.0,14566000000.0,7614000000.0,20291000000.0,38157000000,-2756000000.0,41360000000.0,4244000000,USD,7581000000,11929000000,4348000000.0,4348000000.0,2570000000,544000000.0,1612000000.0,5011000000,62000000.0,174000000.0,112000000.0,451000000.0,2681000000,507000000.0,2174000000.0,3176000000.0,3627000000,2174000000,0,0,0,0,0,0,0,0,0,0,0,0,0,0,0,0,0,0,0,1,0,0,0,0,0,0,0,0,0,0,0,0,0,0,0,0,0,0,0,0,0,0,0,0,0,0,30.812101364135746,2020-10-30,0.6084967484121213
307,307,INTU,2020-10-31,USD,9707000000.0,6651000000,5174000000.0,5174000000.0,1478040500.0,128000000.0,3056000000,743000000.0,63000000.0,63000000.0,1697000000.0,619000000.0,730000000.0,4462000000,2152000000.0,256000000.0,374000000.0,2310000000.0,277000000.0,2032000000.0,2634000000.0,464000000.0,278000000.0,5245000000,10926000000.0,6283000000.0,265000000,USD,1067000000,1323000000,256000000.0,256000000.0,209000000,169000000.0,325000000.0,858000000,-5000000.0,3000000.0,8000000.0,46000000.0,210000000,12000000.0,198000000.0,218000000.0,264000000,198000000,0,0,0,0,0,1,0,0,0,0,0,0,0,0,0,0,0,0,0,0,0,0,0,0,0,0,0,0,0,0,0,0,0,0,0,0,0,0,0,0,0,0,0,0,0,0,304.4012756347656,2020-10-30,0.9453200276982956
897,897,MRVL,2020-10-31,USD,10824772000.0,1659326000,832041000.0,832041000.0,268396000.0,490271000.0,9165446000,2047000000.0,2599048000.0,2599048000.0,5336356000.0,0.0,68618000.0,2435155000,1168084000.0,224112000.0,381138000.0,1267071000.0,0.0,0.0,1485699000.0,410518000.0,0.0,8389617000,2127368000.0,1343000.0,670487000,USD,381060000,750143000,369083000.0,369083000.0,-9390000,368000000.0,255637000.0,390450000,0.0,0.0,16066000.0,157267000.0,-24549000,-1641000.0,471000000.0,-8483000.0,148784000,-22908000,0,0,0,0,0,0,0,0,1,0,0,0,1,0,0,0,0,0,0,1,1,0,0,1,0,0,0,0,0,0,0,0,0,1,0,0,1,1,0,0,0,0,1,0,0,0,36.71785736083984,2020-10-30,0.8466672332252096
401,401,NVDA,2020-10-31,USD,26881000000.0,14393000000,2251000000.0,2251000000.0,1495000000.0,2546000000.0,12488000000,2059000000.0,2861000000.0,2861000000.0,4193000000.0,7888000000.0,213000000.0,11547000000,3669000000.0,1097000000.0,998000000.0,7878000000.0,720000000.0,5963000000.0,7565000000.0,1339000000.0,1915000000.0,15334000000,17550000000.0,1000000.0,25200000000,USD,2960000000,4726000000,1766000000.0,1766000000.0,1398000000,515000000.0,1047000000.0,1562000000,-46000000.0,7000000.0,53000000.0,299000000.0,1348000000,12000000.0,1336000000.0,1401000000.0,1700000000,1336000000,0,0,0,0,0,0,0,0,0,0,0,0,0,0,0,0,0,0,0,0,0,0,0,0,0,0,0,0,0,0,0,0,0,0,0,0,0,0,0,0,0,0,0,0,0,0,12.495160102844238,2020-10-30,1.0627116593682322
968,968,OKTA,2020-10-31,USD,3170279000.0,2757539000,409769000.0,409769000.0,1478040500.0,139473000.0,412740000,62405000.0,28953000.0,28953000.0,48023000.0,2085373000.0,122924000.0,2489631000,573940000.0,5114000.0,35131000.0,1915691000.0,185860000.0,1709777000.0,1930768000.0,108930000.0,205914000.0,680648000,-891650000.0,13000.0,128813000,USD,160471000,217379000,56908000.0,56908000.0,-51976000,44485000.0,58150000.0,212447000,-20490000.0,1878000.0,22368000.0,11003000.0,-72555000,209000.0,-72764000.0,-50187000.0,-39184000,-72764000,0,0,0,0,0,1,0,0,0,0,0,0,0,0,0,0,0,0,0,0,0,0,0,0,0,0,0,0,0,0,0,0,0,0,0,0,0,0,0,0,0,0,0,0,0,0,209.8300018310547,2020-10-30,0.19239381768528752
1141,1141,PANW,2020-10-31,USD,8726500000.0,4300900000,2142000000.0,2142000000.0,1.0,675500000.0,4425600000,337900000.0,388800000.0,388800000.0,1968600000.0,1075600000.0,407800000.0,7979500000,2635100000.0,48500000.0,0.0,5344400000.0,323900000.0,3119200000.0,3443100000.0,449100000.0,92000000.0,747000000,-1260100000.0,2003900000.0,573000000,USD,668200000,946000000,277800000.0,277800000.0,-44500000,86700000.0,237400000.0,712700000,-37300000.0,2900000.0,40200000.0,68000000.0,-82300000,9900000.0,-92200000.0,-43300000.0,24700000,-92200000,0,0,0,0,0,0,0,0,0,0,0,0,0,0,0,0,0,1,0,0,0,0,0,0,0,0,0,0,0,0,0,0,0,0,0,0,0,0,0,0,0,0,0,0,0,0,36.8650016784668,2020-10-30,1.2980693483268055
520,520,ROST,2020-10-31,USD,12570666000.0,6516567000,4416124000.0,4416124000.0,1630390000.0,122654000.0,6054099000,2047000000.0,986000000.0,986000000.0,4290000000.0,0.0,347399000.0,9551629000,3941629000.0,2426390000.0,590122000.0,5610000000.0,0.0,0.0,5774298000.0,925117000.0,0.0,3019037000,1947814000.0,3564000.0,354457000,USD,1043090000,3754509000,2711419000.0,2711419000.0,405002000,368000000.0,0.0,638088000,0.0,0.0,29070000.0,88567000.0,136493000,5296000.0,471000000.0,165563000.0,254130000,131197000,0,0,0,0,0,0,0,0,1,1,1,1,1,0,0,0,0,0,0,1,1,0,0,1,0,0,0,0,0,0,0,0,0,1,1,0,1,1,0,0,0,0,1,0,0,0,80.54736328125,2020-10-30,0.34822918371615086
1022,1022,SPLK,2020-10-31,USD,5594695000.0,3055247000,1652263000.0,1652263000.0,120762000.0,799960000.0,2539448000,185606000.0,199210000.0,199210000.0,1301073000.0,341409000.0,261614999.0,3985383000,1257046000.0,16479000.0,0.0,2728337000.0,339394000.0,2275313000.0,2614707000.0,476921000.0,342520000.0,1609312000,-2329903000.0,162000.0,160515000,USD,421792000,558572000,136780000.0,136780000.0,-165517000,73941000.0,190222000.0,587309000,-31590000.0,2382000.0,33972000.0,54000.0,-197817000,3714000.0,-201531000.0,-139315000.0,-139261000,-201531000,0,0,0,0,0,0,0,0,0,0,0,0,0,0,0,0,0,1,0,0,0,0,0,0,0,0,0,0,0,0,0,0,0,0,0,0,0,0,0,0,0,0,0,0,0,0,,,
1046,1046,WDAY,2020-10-31,USD,7845027000.0,3848218000,1067038000.0,1067038000.0,1478040500.0,742744000.0,3996809000,976610000.0,278167000.0,278167000.0,1819625000.0,1880772000.0,157664000.0,4766973000,3625205000.0,54949000.0,1175602000.0,1141768000.0,437452000.0,701178000.0,2229680000.0,394237000.0,440590000.0,3078054000,-2838283000.0,240000.0,238059000,USD,810779000,1105960000,295181000.0,295181000.0,-14077000,102024000.0,419962000.0,824856000,-12760000.0,3610000.0,16370000.0,73864000.0,-22923000,1417000.0,-24340000.0,-6553000.0,67311000,-24340000,0,0,0,0,0,1,0,0,0,0,0,0,0,0,0,0,0,0,0,0,0,0,0,0,0,0,0,0,0,0,0,0,0,0,0,0,0,0,0,0,0,0,0,0,0,0,210.1199951171875,2020-10-30,0.3709785551991718
1070,1070,ZM,2020-10-31,USD,3050311000.0,2624276000,730506000.0,730506000.0,468000000.0,280896000.0,426035000,171085000.0,9524000.0,9524000.0,24340000.0,1141425000.0,471449000.0,1550393000,1413948000.0,12666000.0,9850000.0,136445000.0,70372000.0,0.0,70372000.0,525090000.0,3229000.0,1499918000,411858000.0,284000.0,299258765,USD,518469000,777196000,258727000.0,258727000.0,192242000,93488000.0,42582000.0,326227000,1779000.0,1779000.0,58000000.0,7587000.0,194021000,-4621000.0,198642000.0,192242000.0,199829000,198642000,0,0,0,0,0,0,0,0,0,0,0,0,0,0,0,0,0,0,0,0,1,0,0,0,0,0,0,0,0,0,0,0,0,0,0,0,0,0,1,0,0,0,0,0,0,0,460.9100036621094,2020-10-30,-0.39480592691605876
1165,1165,ZS,2020-10-31,USD,1852947000.0,1579525000,102016000.0,102016000.0,35589000.0,105942000.0,273422000,83976000.0,22447000.0,22447000.0,30059000.0,1313938000.0,61129000.0,1360842000,416462000.0,7663000.0,17796000.0,944380000.0,53062000.0,874359000.0,927421000.0,50968000.0,70021000.0,492105000,-394577000.0,134000.0,133452000,USD,110778000,142578000,31800000.0,31800000.0,-42251000,20859000.0,35770000.0,153029000,-12109000.0,940000.0,13049000.0,20860000.0,-54508000,498000.0,-55006000.0,-41459000.0,-20599000,-55006000,0,0,0,0,0,0,0,0,0,0,0,0,0,0,0,0,0,0,0,0,0,0,0,0,0,0,0,0,0,0,0,0,0,0,0,0,0,0,0,0,0,0,0,0,0,0,135.75,2020-10-30,1.3475505906134897
68,68,ADBE,2020-11-30,USD,24284000000.0,8146000000,4478000000.0,4478000000.0,1478040500.0,1398000000.0,16138000000,1517000000.0,1359000000.0,1359000000.0,10742000000.0,1514000000.0,756000000.0,11020000000,5512000000.0,306000000.0,92000000.0,5508000000.0,591000000.0,4117000000.0,4708000000.0,1422000000.0,1381000000.0,13264000000,19611000000.0,8000000.0,484000000,USD,2996000000,3424000000,428000000.0,428000000.0,1215000000,243000000.0,558000000.0,1781000000,-27000000.0,6000000.0,27000000.0,190000000.0,1197000000,-1053000000.0,2250000000.0,1224000000.0,1414000000,2250000000,0,0,0,0,0,1,0,0,0,0,0,0,0,0,0,0,0,0,0,0,0,0,0,0,0,0,1,0,0,0,0,0,0,0,0,0,0,0,0,0,0,0,0,0,0,0,478.4700012207031,2020-11-30,0.39998322544145637
755,755,CTAS,2020-11-30,USD,8454753000.0,2329836000,703175000.0,703175000.0,534128000.0,967068000.0,6124917000,1344333000.0,479412000.0,479412000.0,2889754000.0,252454000.0,125465000.0,4856793000,1508472000.0,274021000.0,292554000.0,3348321000.0,160176000.0,2290932000.0,2700980000.0,885095000.0,680975000.0,3597960000,7509544000.0,1387734000.0,431924000,USD,819884000,1757048000,937164000.0,937164000.0,352872000,467012000.0,0.0,467012000,-24339000.0,218000.0,24557000.0,96475000.0,328533000,43676000.0,284857000.0,353011000.0,449486000,284857000,0,0,0,0,0,0,0,0,0,0,0,0,0,0,0,0,0,0,0,0,0,0,0,0,0,0,0,0,0,0,0,0,0,0,1,0,0,0,0,0,0,0,0,0,0,0,84.65181732177734,2020-11-30,0.19896402887553433
778,778,STZ,2020-11-30,USD,27630600000.0,3447100000,152900000.0,152900000.0,1376900000.0,915400000.0,24183500000,5966200000.0,2739700000.0,2739700000.0,7789000000.0,2959000000.0,1001900000.0,13978100000,2041400000.0,732100000.0,568400000.0,11936700000.0,0.0,10416100000.0,10984500000.0,740900000.0,0.0,13312100000,14879100000.0,2200000.0,195444000,USD,1272000000,2437900000,1165900000.0,1165900000.0,825600000,463000000.0,0.0,446400000,-95700000.0,686700000.0,95700000.0,77800000.0,1468600000,176600000.0,1292000000.0,1564300000.0,1642100000,1280900000,0,0,0,0,0,0,0,0,0,0,0,0,0,0,0,0,0,0,0,1,0,0,0,1,0,0,0,0,0,0,0,0,0,0,1,0,0,0,0,0,0,0,0,0,0,0,188.37911987304688,2020-11-30,0.10944437433407517
1260,1260,AAPL,2020-12-31,USD,354054000000.0,154106000000,36010000000.0,36010000000.0,4973000000.0,58620000000.0,199948000000,37933000000.0,986000000.0,986000000.0,4290000000.0,40816000000.0,13687000000.0,287830000000,132507000000.0,63846000000.0,12762000000.0,155323000000.0,0.0,99281000000.0,112043000000.0,48504000000.0,27872000000.0,66224000000,14301000000.0,51744000000.0,17113688000,USD,44328000000,111439000000,67111000000.0,67111000000.0,33534000000,5631000000.0,5163000000.0,10794000000,109000000.0,747000000.0,638000000.0,2666000000.0,33579000000,4824000000.0,28755000000.0,34217000000.0,36883000000,28755000000,0,0,0,0,0,0,0,0,0,1,1,1,0,0,0,0,0,0,0,1,0,0,0,0,0,0,0,0,0,0,0,0,0,0,0,0,0,0,0,0,0,0,0,0,0,0,130.04832458496094,2020-12-30,0.3408510090583581
235,235,ADP,2020-12-31,USD,49325900000.0,41662300000,1602200000.0,1602200000.0,36866200000.0,2509800000.0,7663600000,692700000.0,1207200000.0,1207200000.0,2346600000.0,10600000.0,684100000.0,43425900000,39176500000.0,113900000.0,2788800000.0,4249400000.0,357400000.0,1994100000.0,4782900000.0,36066100000.0,1169900000.0,5900000000,18893600000.0,63900000.0,429000000,USD,1721200000,3695700000,1974500000.0,1974500000.0,817500000,755800000.0,174500000.0,903700000,-3500000.0,10400000.0,13900000.0,126700000.0,832600000,185100000.0,647500000.0,846500000.0,973200000,647500000,0,0,0,0,0,0,0,0,0,0,0,0,0,0,0,0,0,0,0,0,0,0,0,0,0,0,0,0,0,0,0,0,0,0,0,0,0,0,0,0,0,0,0,0,0,0,156.6754150390625,2020-12-30,0.43964343175027376
663,663,AEP,2020-12-31,USD,80757200000.0,4351500000,392700000.0,392700000.0,1310000000.0,1842700000.0,76405700000,63901600000.0,986000000.0,986000000.0,52500000.0,200800000.0,605300000.0,59982700000,9926700000.0,1709700000.0,4806700000.0,50056000000.0,879700000.0,28986400000.0,34431500000.0,1598300000.0,12550700000.0,20550900000,10687800000.0,3359300000.0,497695543,USD,892100000,3612200000,2720100000.0,2720100000.0,572900000,701400000.0,0.0,319200000,-288300000.0,0.0,287000000.0,706800000.0,417300000,-17400000.0,407100000.0,676700000.0,1383500000,435500000,0,0,0,0,0,0,0,0,0,1,1,0,0,0,0,0,0,0,0,0,0,0,0,0,0,0,0,0,0,0,0,0,0,0,1,0,0,1,0,0,0,0,0,0,0,0,67.34071350097656,2020-12-30,0.1271498655976413
639,639,ALGN,2020-12-31,USD,4829683000.0,1849538000,960843000.0,960843000.0,139237000.0,657704000.0,2980145000,734721000.0,130072000.0,130072000.0,444817000.0,0.0,91754000.0,1595818000,1325601000.0,142132000.0,21735000.0,270217000.0,64445000.0,64445000.0,86180000.0,353717000.0,270217000.0,3233865000,2215800000.0,8000.0,79505000,USD,610463000,834520000,224057000.0,224057000.0,213184000,282906000.0,48887000.0,397279000,337000.0,337000.0,8222000.0,24769000.0,214542000,55554000.0,158988000.0,213184000.0,237953000,158988000,0,0,0,0,0,0,0,0,0,0,0,0,0,0,0,0,0,0,0,0,0,0,0,0,0,0,0,0,0,0,0,0,0,0,0,0,0,0,0,0,0,0,0,0,0,0,524.3200073242188,2020-12-30,0.26300725025286775
615,615,AMD,2020-12-31,USD,8962000000.0,6143000000,1595000000.0,1595000000.0,1399000000.0,2076000000.0,2819000000,641000000.0,229000000.0,229000000.0,289000000.0,695000000.0,378000000.0,3125000000,2417000000.0,468000000.0,41000000.0,708000000.0,201000000.0,330000000.0,531000000.0,1949000000.0,177000000.0,5837000000,-4605000000.0,12000000.0,1226000000,USD,1451000000,3244000000,1793000000.0,1793000000.0,570000000,308000000.0,573000000.0,881000000,-9000000.0,0.0,9000000.0,101000000.0,546000000,-1232000000.0,1778000000.0,570000000.0,671000000,1781000000,0,0,0,0,0,0,0,0,0,0,0,0,0,0,0,0,0,0,0,0,0,0,0,0,0,0,0,0,0,0,0,0,0,0,0,0,0,1,0,0,0,0,0,0,0,0,92.29000091552734,2020-12-30,0.5727596972215827
140,140,AMGN,2020-12-31,USD,62948000000.0,21144000000,6266000000.0,6266000000.0,3893000000.0,4525000000.0,41804000000,4889000000.0,16587000000.0,16587000000.0,14689000000.0,4381000000.0,2079000000.0,53539000000,11653000000.0,1421000000.0,91000000.0,41886000000.0,0.0,32895000000.0,32986000000.0,9313000000.0,8991000000.0,9409000000,-21408000000.0,31802000000.0,585000000,USD,5037000000,6634000000,1597000000.0,1597000000.0,2008000000,811000000.0,1229000000.0,3029000000,-131000000.0,187000000.0,318000000.0,873000000.0,1877000000,262000000.0,1615000000.0,2195000000.0,3068000000,1615000000,0,0,0,0,0,0,0,0,0,0,0,0,0,0,0,0,0,0,0,1,0,0,0,0,0,0,0,0,0,0,0,0,0,0,0,0,0,0,0,0,0,0,0,0,0,0,192.74264526367188,2020-12-30,0.02775978495805198
116,116,AMZN,2020-12-31,USD,321195000000.0,132733000000,42122000000.0,42122000000.0,23795000000.0,24542000000.0,188462000000,150667000000.0,4981000000.0,4981000000.0,15017000000.0,42274000000.0,4942000000.0,227791000000,126385000000.0,72539000000.0,1991000000.0,101406000000.0,52573000000.0,31816000000.0,84389000000.0,44138000000.0,17017000000.0,93404000000,52551000000.0,5000000.0,10260000000,USD,46271000000,125555000000,79284000000.0,79284000000.0,6873000000,1968000000.0,5242000000.0,39386131800,-314000000.0,100000000.0,414000000.0,7618000000.0,7765000000,566000000.0,7199000000.0,6873000000.0,14491000000,7222000000,0,0,0,0,0,0,0,0,0,0,0,0,0,0,0,0,0,0,0,0,0,0,0,0,0,0,0,0,0,0,0,0,0,0,0,0,0,0,0,0,0,0,0,0,0,0,164.29249572753906,2020-12-30,0.026489371809776063
684,684,ANSS,2020-12-31,USD,5940590000.0,1450715000,912672000.0,912672000.0,-44740000.0,537564000.0,4489875000,96503000.0,694865000.0,694865000.0,3038306000.0,479000.0,44740000.0,1842718000,372061000.0,18691000.0,285492000.0,1470657000.0,120940000.0,798118000.0,1083610000.0,266801000.0,205454000.0,4097872000,3804593000.0,953000.0,87626000,USD,555783000,623686000,67903000.0,67903000.0,259391000,130522000.0,96510000.0,296392000,-1834000.0,610000.0,2444000.0,4037000.0,257872000,42240000.0,215632000.0,284992000.0,289029000,215632000,0,0,0,0,0,0,0,0,0,0,0,0,0,0,0,0,0,0,0,0,0,0,0,0,0,0,0,0,0,0,0,0,0,0,0,0,0,0,0,0,0,0,0,0,0,0,,,
1236,1236,AZN,2020-12-31,USD,66729000000.0,19544000000,7832000000.0,7832000000.0,4024000000.0,5287000000.0,47185000000,2047000000.0,20947000000.0,20947000000.0,11845000000.0,160000000.0,2241000000.0,51091000000,20307000000.0,2350000000.0,2386000000.0,30784000000.0,0.0,0.0,20380000000.0,14054000000.0,0.0,15622000000,5299000000.0,328000000.0,2626000000,USD,5885000000,7410000000,1525000000.0,1525000000.0,1487000000,368000000.0,2048000000.0,4398000000,0.0,0.0,287000000.0,797000000.0,1167000000,162000000.0,471000000.0,1454000000.0,2251000000,1012000000,0,0,0,0,0,0,0,0,1,0,0,0,0,0,0,0,0,0,0,1,1,0,0,1,0,0,0,0,0,0,0,0,0,1,0,0,1,1,0,0,0,0,1,0,0,0,88.62210845947266,2020-12-30,0.19724391021013732
1308,1308,BIDU,2020-12-31,CNY,332708000000.0,183342000000,35782000000.0,35782000000.0,5255000000.0,11589000000.0,149366000000,27312000000.0,15013000000.0,15013000000.0,22248000000.0,126402000000.0,4314000000.0,140865000000,68385000000.0,3779000000.0,17561000000.0,72480000000.0,7059000000.0,60335000000.0,82589000000.0,33470000000.0,59000000.0,182696000000,135284000000.0,229814000000.0,342000000,CNY,15741000000,30263000000,14522000000.0,14522000000.0,4977000000,5094000000.0,5670000000.0,10764000000,531000000.0,1308000000.0,777000000.0,4456750000.0,5510000000,1026000000.0,5174000000.0,6287000000.0,10743750000,5174000000,0,0,0,0,0,0,0,0,0,0,0,0,0,0,0,0,0,0,0,0,0,0,0,0,0,0,0,0,0,0,0,0,0,0,0,0,0,0,0,0,0,0,0,0,0,0,219.6300048828125,2020-12-30,-0.3142558063015469
1332,1332,BIIB,2020-12-31,USD,24618900000.0,6887100000,1331200000.0,1331200000.0,1068600000.0,1913800000.0,17731800000,3411500000.0,3084300000.0,3084300000.0,5762100000.0,1278900000.0,1294600000.0,13932800000,3742200000.0,454900000.0,7426000000.0,10190600000.0,402000000.0,7426200000.0,14852200000.0,3287300000.0,1731600000.0,10686100000,13976300000.0,100000.0,154000000,USD,2362000000,2852600000,490600000.0,490600000.0,-330600000,701400000.0,1975300000.0,2692600000,-52000000.0,4000000.0,56000000.0,109700000.0,370900000,13300000.0,339400000.0,-296200000.0,-186500000,357900000,0,0,0,0,0,0,0,0,0,0,0,0,0,0,0,0,0,0,0,0,0,0,0,0,0,0,0,0,0,0,0,0,0,0,0,0,0,0,0,0,0,0,0,0,0,0,243.5800018310547,2020-12-30,-0.014697437409240788
731,731,CDNS,2020-12-31,USD,3950785000.0,1478587000,928432000.0,928432000.0,75956000.0,348196000.0,2472198000,311125000.0,210590000.0,210590000.0,782087000.0,4452000.0,126003000.0,1457767000,796808000.0,349951000.0,0.0,660959000.0,113916000.0,346793000.0,460709000.0,322063000.0,207102000.0,2493018000,2350333000.0,2217939000.0,280173000,USD,686373000,759909000,73536000.0,73536000.0,184979000,49264000.0,290309000.0,501394000,-1056000.0,0.0,4873000.0,41053000.0,186189000,12451000.0,173738000.0,191062000.0,232115000,173738000,0,0,0,0,0,0,0,0,0,0,0,0,0,0,0,0,0,1,0,0,0,0,0,0,0,0,0,0,0,0,0,0,0,0,0,0,0,1,0,0,0,0,0,0,0,0,135.25,2020-12-30,0.3918669131238448
1356,1356,CHTR,2020-12-31,USD,144206000000.0,3909000000,1001000000.0,1001000000.0,1478040500.0,2539000000.0,140300000000,34357000000.0,72937000000.0,72937000000.0,29554000000.0,136848000000.0,369000000.0,113925000000,9875000000.0,763000000.0,1243000000.0,104050000000.0,235000000.0,81744000000.0,82987000000.0,6878000000.0,4198000000.0,23805000000,-5195000000.0,8000000.0,212077917,USD,4900000000,12624000000,7724000000.0,7724000000.0,2497000000,28000000.0,0.0,2403000000,-965000000.0,0.0,965000000.0,2409000000.0,1655000000,254000000.0,1401000000.0,2620000000.0,5029000000,1246000000,0,0,0,0,0,1,0,0,0,0,0,0,0,0,0,0,0,0,0,0,0,0,0,0,0,0,1,0,0,0,0,0,0,0,1,0,0,1,0,0,0,0,0,0,0,0,653.489990234375,2020-12-30,0.0057231025574449035
1116,1116,DDOG,2020-12-31,USD,1890285000.0,1718080000,224927000.0,224927000.0,7836000.0,171195000.0,172205000,47197000.0,2069000.0,2069000.0,17609000.0,1292532000.0,29426000.0,932853000,297844000.0,21342000.0,16326000.0,635009000.0,67759000.0,575864000.0,643623000.0,42793000.0,59145000.0,957432000,-148163000.0,3000.0,304057000,USD,136675000,177531000,40856000.0,40856000.0,-8938000,17881000.0,67698000.0,145613000,-6229000.0,6781000.0,13010000.0,7182000.0,-15167000,993000.0,-16160000.0,-2157000.0,5025000,-16160000,0,0,0,0,0,0,0,0,0,0,0,0,0,0,0,0,0,0,0,0,0,0,0,0,0,0,0,0,0,0,0,0,0,0,0,0,0,0,0,0,0,0,0,0,0,0,99.30999755859376,2020-12-30,0.8017319210003102
259,259,FISV,2020-12-31,USD,74619000000.0,16219000000,906000000.0,906000000.0,1478040500.0,2482000000.0,58400000000,2047000000.0,15358000000.0,15358000000.0,36322000000.0,0.0,12831000000.0,41290000000,15637000000.0,437000000.0,384000000.0,25653000000.0,0.0,0.0,20684000000.0,13438000000.0,0.0,32330000000,13441000000.0,8000000.0,681200000,USD,1975000000,3832000000,1857000000.0,1857000000.0,516000000,368000000.0,0.0,1459000000,0.0,0.0,174000000.0,774000000.0,333000000,20000000.0,471000000.0,510000000.0,1284000000,300000000,0,0,0,0,0,1,0,0,1,0,0,0,1,0,0,0,0,0,0,1,1,0,0,1,0,0,0,0,0,0,0,0,0,1,1,0,1,1,0,0,0,0,1,0,0,0,112.87999725341795,2020-12-30,-0.07406095689020231
825,825,FTNT,2020-12-31,USD,4044500000.0,2740400000,1061800000.0,1061800000.0,139800000.0,720000000.0,1304100000,448000000.0,31600000.0,31600000.0,93000000.0,775500000.0,43300000.0,3188500000,1829500000.0,141600000.0,0.0,1359000000.0,0.0,0.0,34000000.0,204800000.0,146500000.0,856000000,-352100000.0,200000.0,827500000,USD,581000000,748000000,167000000.0,167000000.0,169400000,32400000.0,89000000.0,411600000,2000000.0,2000000.0,2000000.0,16700000.0,171700000,25000000.0,149000000.0,169400000.0,186100000,146700000,0,0,0,0,0,0,0,0,0,0,0,0,0,0,0,0,0,1,0,1,1,0,0,0,0,0,0,0,0,0,0,0,0,0,0,0,0,0,0,0,0,0,0,0,0,0,29.60400009155273,2020-12-30,1.4306175199030067
283,283,GILD,2020-12-31,USD,68407000000.0,15996000000,5997000000.0,5997000000.0,1683000000.0,4892000000.0,52411000000,4967000000.0,33126000000.0,33126000000.0,8108000000.0,1411000000.0,2013000000.0,50186000000,11397000000.0,844000000.0,2757000000.0,38789000000.0,0.0,28645000000.0,31402000000.0,7198000000.0,10144000000.0,18202000000,14381000000.0,1000000.0,1259000000,USD,6023000000,7421000000,1398000000.0,1398000000.0,2651000000,935000000.0,1578000000.0,3372000000,-267000000.0,0.0,267000000.0,427000000.0,1814000000,270000000.0,1544000000.0,2081000000.0,2508000000,1551000000,0,0,0,0,0,0,0,0,0,0,0,0,0,0,0,0,0,0,0,1,0,0,0,0,0,0,0,0,0,0,0,0,0,0,0,0,0,1,0,0,0,0,0,0,0,0,46.7547492980957,2020-12-30,0.35028736234727176
92,92,GOOGL,2020-12-31,USD,319616000000.0,174296000000,26465000000.0,26465000000.0,728000000.0,31384000000.0,145320000000,84749000000.0,1445000000.0,1445000000.0,21175000000.0,110229000000.0,5490000000.0,97072000000,56834000000.0,5589000000.0,1694000000.0,40238000000.0,11146000000.0,13932000000.0,26772000000.0,45523000000.0,22745000000.0,222544000000,163401000000.0,58510000000.0,13659373853,USD,30818000000,56898000000,26080000000.0,26080000000.0,15651000000,2831000000.0,7022000000.0,15167000000,333000000.0,386000000.0,53000000.0,3725000000.0,18689000000,3462000000.0,15227000000.0,18742000000.0,22467000000,15227000000,0,0,0,0,0,0,0,0,0,0,0,0,0,0,0,0,0,0,0,0,0,0,0,0,0,0,0,0,0,0,0,0,0,0,0,0,0,0,0,0,0,0,0,0,0,0,86.16148376464844,2020-12-30,0.6840952000281935
849,849,IDXX,2020-12-31,USD,2294561000.0,1062738000,383928000.0,383928000.0,209873000.0,374742000.0,1231823000,555167000.0,52543000.0,52543000.0,243347000.0,0.0,94195000.0,1661766000,582761000.0,74558000.0,67721000.0,1079005000.0,94772000.0,858492000.0,1003252000.0,355239000.0,208806000.0,632088000,2175595000.0,10646000.0,86904000,USD,409502000,720938000,311436000.0,311436000.0,185095000,69721000.0,38777000.0,224407000,-7659000.0,169000.0,7828000.0,24561000.0,177436000,2478000.0,174958000.0,185964000.0,210525000,174790000,0,0,0,0,0,0,0,0,0,0,0,0,1,0,0,0,0,0,0,0,0,0,0,0,0,0,0,0,0,0,0,0,0,0,0,0,0,0,0,0,0,0,0,0,0,0,496.9599914550781,2020-12-30,0.3307308811477989
20,20,INTC,2020-12-31,USD,153091000000.0,47249000000,5865000000.0,5865000000.0,8427000000.0,6782000000.0,105842000000,56584000000.0,9026000000.0,9026000000.0,26971000000.0,18030000000.0,8145000000.0,72053000000,24754000000.0,5581000000.0,2504000000.0,47299000000.0,0.0,33897000000.0,36401000000.0,12091000000.0,8192000000.0,81038000000,56233000000.0,25556000000.0,4119000000,USD,11143000000,19978000000,8835000000.0,8835000000.0,5731000000,994000000.0,3655000000.0,5412000000,-88000000.0,43000000.0,148000000.0,3003000000.0,7488000000,1631000000.0,5857000000.0,7636000000.0,10639000000,5857000000,0,0,0,0,0,0,0,0,0,0,0,0,0,0,0,0,0,0,0,1,0,0,0,0,0,0,0,0,0,0,0,0,0,0,0,0,0,0,0,0,0,0,0,0,0,0,44.07123565673828,2020-12-30,0.08885329450939627
330,330,ISRG,2020-12-31,USD,11168900000.0,6625900000,1622600000.0,1622600000.0,601500000.0,726600000.0,4543000000,1577300000.0,77400000.0,77400000.0,336700000.0,3548900000.0,126300000.0,1409800000,965200000.0,81600000.0,459700000.0,444600000.0,0.0,0.0,58000000.0,486100000.0,444600000.0,9759100000,3261300000.0,100000.0,363300000,USD,895800000,1329100000,433300000.0,433300000.0,415800000,308100000.0,149800000.0,480000000,20700000.0,20700000.0,58000000.0,79800000.0,436500000,72900000.0,363600000.0,415800000.0,495600000,365200000,0,0,0,0,0,0,0,0,0,0,0,0,0,0,0,0,0,0,0,1,1,0,0,0,0,0,0,0,0,0,0,0,0,0,0,0,0,0,1,0,0,0,0,0,0,0,271.76666259765625,2020-12-30,0.33680851183290783
353,353,JD,2020-12-31,CNY,422287794000.0,234801258000,86084857000.0,86084857000.0,58932519000.0,13779000000.0,187486536000,45987058000.0,17587801000.0,17587801000.0,10904409000.0,60577110000.0,15427000000.0,200668678000,174016662000.0,106818000000.0,8773000000.0,26652016000.0,15763491000.0,12530761000.0,31554134000.0,30979246000.0,331623000.0,187543295000,37418433000.0,404000.0,1602453000,CNY,31142320000,224328155000,193185835000.0,193185835000.0,594947000,1977866000.0,4503450000.0,30547373000,662720000.0,958781000.0,296061000.0,218967638.0,23949833000,-331722000.0,24281555000.0,3405217418.0,24245894000,24325451000,0,0,0,0,0,0,0,0,0,0,0,0,0,0,0,0,0,0,0,0,0,0,0,0,0,0,0,0,0,0,0,0,0,0,0,0,0,0,0,0,0,0,0,0,0,0,81.23087310791016,2020-12-30,-0.2135834635801528
377,377,KHC,2020-12-31,USD,99830000000.0,10822000000,3417000000.0,3417000000.0,2773000000.0,2063000000.0,89008000000,6876000000.0,46667000000.0,46667000000.0,33089000000.0,0.0,2569000000.0,49587000000,8061000000.0,4304000000.0,236000000.0,41526000000.0,0.0,28070000000.0,28306000000.0,3407000000.0,1994000000.0,50103000000,-2694000000.0,12000000.0,1230000000,USD,2523000000,6939000000,4416000000.0,4416000000.0,1550000000,873000000.0,119000000.0,973000000,-328000000.0,4000000.0,328000000.0,247000000.0,1286000000,252000000.0,200000000.0,1614000000.0,1861000000,1032000000,0,0,0,0,0,0,0,0,0,0,0,0,1,0,0,0,0,0,0,1,0,0,0,0,0,0,0,0,0,0,0,0,0,0,0,0,0,0,0,0,0,0,0,0,0,0,27.481359481811523,2020-12-30,0.0722843818847767
873,873,KLAC,2020-12-31,USD,9814644000.0,5222954000,1431466000.0,1431466000.0,1420618000.0,1351308000.0,4591690000,594185000.0,1289843000.0,1289843000.0,2045445000.0,865064000.0,154498000.0,6864338000,2020112000.0,262496000.0,51220000.0,4844226000.0,105663000.0,3441465000.0,3567128000.0,824075000.0,756733000.0,2935182000,903696000.0,2104190000.0,155560000,USD,981137000,1650870000,669733000.0,669733000.0,570164000,181909000.0,229064000.0,410973000,-38880000.0,0.0,38880000.0,84257000.0,527402000,70419000.0,456983000.0,566003000.0,650260000,457251000,0,0,0,0,0,0,0,0,0,0,0,0,0,0,0,0,0,0,0,0,0,0,0,0,0,0,0,0,0,0,0,0,0,0,0,0,0,1,0,0,0,0,0,0,0,0,246.1826934814453,2020-12-30,0.6606796811841751
1212,1212,LCID,2020-12-31,USD,1402681000.0,662556000,614412000.0,614412000.0,1043000.0,260000.0,740125000,2047000000.0,986000000.0,986000000.0,4290000000.0,505000.0,46336000.0,2721458000,185283000.0,17333000.0,980000.0,2536175000.0,0.0,0.0,980000.0,166970000.0,10258000.0,-1318777000,-1356893000.0,3000.0,161862153,USD,1114000,3634000,2520000.0,2520000.0,-199711000,31304000.0,169521000.0,200825000,-44000.0,0.0,44000.0,4770000.0,-311218000,57000.0,-311275000.0,-311174000.0,-306404000,-311275000,0,0,0,0,0,0,0,0,1,1,1,1,0,0,0,0,0,0,0,0,1,0,0,0,0,0,0,0,0,0,0,0,0,0,0,0,0,1,0,0,0,0,0,0,0,0,100.6999969482422,2020-12-30,2.848063671731463
1188,1188,META,2020-12-31,USD,159316000000.0,75670000000,17576000000.0,17576000000.0,1478040500.0,11335000000.0,83646000000,45633000000.0,623000000.0,623000000.0,19050000000.0,44378000000.0,2381000000.0,31026000000,14981000000.0,1331000000.0,1023000000.0,16045000000.0,10654000000.0,0.0,10654000000.0,10207000000.0,16045000000.0,128290000000,77345000000.0,50018000000.0,2892924000,USD,22862000000,28072000000,5210000000.0,5210000000.0,12775000000,1599000000.0,5208000000.0,10087000000,280000000.0,136000000.0,136000000.0,1863000000.0,13055000000,1836000000.0,11220000000.0,12775000000.0,14638000000,11219000000,0,0,0,0,0,1,0,0,0,0,0,0,0,0,0,0,0,0,0,0,1,0,0,0,0,0,0,0,0,0,0,0,0,0,0,0,0,0,0,0,0,0,0,0,0,0,269.98406982421875,2020-12-30,0.2666347004432543
944,944,MRNA,2020-12-31,USD,7337000000.0,6298000000,2624000000.0,2624000000.0,47000000.0,1408000000.0,1039000000,387090000.0,986000000.0,986000000.0,4290000000.0,1984000000.0,235000000.0,4776000000,4389000000.0,18000000.0,30000000.0,387000000.0,207295000.0,0.0,237000000.0,474000000.0,386567000.0,2561000000,-2244000000.0,40000.0,396697168,USD,555106000,570745000,15639000.0,15639000.0,-275038000,78990000.0,758860000.0,830144000,692000.0,4200000.0,3508000.0,7706000.0,-271012000,1473000.0,-272485000.0,-267504000.0,-259798000,-272485000,0,0,0,0,0,0,0,0,0,1,1,1,0,0,0,0,0,0,0,0,1,0,0,0,0,0,0,0,0,0,0,0,0,0,0,0,0,0,0,0,0,0,0,0,0,0,111.12999725341795,2020-12-30,1.26401522830756
44,44,MSFT,2020-12-31,USD,304137000000.0,173973000000,14432000000.0,14432000000.0,1924000000.0,27312000000.0,130164000000,51737000000.0,6555000000.0,6555000000.0,44219000000.0,117536000000.0,12769000000.0,173901000000,67486000000.0,12770000000.0,5387000000.0,106415000000.0,8875000000.0,55136000000.0,69398000000.0,18927000000.0,51105000000.0,130236000000,44973000000.0,81896000000.0,7616000000,USD,28882000000,43076000000,14194000000.0,14194000000.0,17897000000,1139000000.0,4899000000.0,10985000000,-26000000.0,545000000.0,571000000.0,2761000000.0,18337000000,2874000000.0,15463000000.0,18908000000.0,21669000000,15463000000,0,0,0,0,0,0,0,0,0,0,0,0,0,0,0,0,0,0,0,0,0,0,0,0,0,0,0,0,0,0,0,0,0,0,0,0,0,0,0,0,0,0,0,0,0,0,212.22637939453125,2020-12-30,0.5435050071654188
920,920,MTCH,2020-12-31,USD,3046454000.0,1020212000,739164000.0,739164000.0,105332000.0,137023000.0,2026242000,192808000.0,230900000.0,230900000.0,1270532000.0,347976000.0,144025000.0,4459189000,500036000.0,29200000.0,7143000.0,3959153000.0,0.0,3534706000.0,3840930000.0,202148000.0,86428000.0,-1414417000,-8422237000.0,267000.0,294975000,USD,478144000,651407000,173263000.0,173263000.0,212582000,74723000.0,44832000.0,265562000,-43306000.0,0.0,43306000.0,11250000.0,165796000,25617000.0,140179000.0,209102000.0,220352000,140579000,0,0,0,0,0,0,0,0,0,0,0,0,0,0,0,0,0,0,0,1,0,0,0,0,0,0,0,0,0,0,0,0,0,0,0,0,0,1,0,0,0,0,0,0,0,0,147.63870239257812,2020-12-30,-0.12368419692733823
424,424,NXPI,2020-12-31,USD,19847000000.0,4324000000,2275000000.0,2275000000.0,1030000000.0,765000000.0,15523000000,2297000000.0,2242000000.0,2242000000.0,9984000000.0,0.0,254000000.0,10696000000,2017000000.0,991000000.0,1749000000.0,8679000000.0,0.0,7609000000.0,7609000000.0,886000000.0,985000000.0,8944000000,-4328000000.0,59000000.0,296703000,USD,1288000000,2507000000,1219000000.0,1219000000.0,463000000,1323000000.0,460000000.0,829000000,-77000000.0,2000000.0,86000000.0,316000000.0,325000000,5000000.0,320000000.0,412000000.0,728000000,309000000,0,0,0,0,0,0,0,0,0,0,0,0,1,0,0,0,0,0,0,1,0,0,0,0,0,0,0,0,0,0,0,0,0,0,0,0,0,0,0,0,0,0,0,0,0,0,146.06874084472656,2020-12-30,0.4500247107391484
990,990,PDD,2020-12-31,CNY,158908614000.0,149523878000,22421189000.0,22421189000.0,1718410000.0,4969617000.0,9384736000,832680000.0,1276751000.0,1276751000.0,4290000000.0,64551094000.0,5159531000.0,98732726000,83882077000.0,53833981000.0,2119352000.0,14850649000.0,667975000.0,14432792000.0,16967083000.0,25505554000.0,2918000.0,60175888000,-25475203000.0,159000.0,970919400,CNY,15021585000,26547709000,11526124000.0,11526124000.0,-2047772000,405570000.0,1951261000.0,17069357000,393249000.0,671395000.0,278146000.0,318192000.0,-1424368000,35642000.0,-1376356000.0,-1613420000.0,-1295228000,-1376356000,0,0,0,0,0,0,0,0,0,0,0,1,0,0,0,0,0,0,0,0,0,0,0,0,0,0,0,0,0,0,0,0,0,0,0,0,0,0,0,0,0,0,0,0,0,0,179.11000061035156,2020-12-30,-0.668081064371882
448,448,PYPL,2020-12-31,USD,70379000000.0,50995000000,4794000000.0,4794000000.0,1478040500.0,36764000000.0,19384000000,1807000000.0,1048000000.0,1048000000.0,9135000000.0,8289000000.0,1148000000.0,50316000000,38447000000.0,35670000000.0,144000000.0,11869000000.0,0.0,8939000000.0,9725000000.0,2648000000.0,0.0,20019000000,12366000000.0,8000000.0,1172000000,USD,3420000000,6116000000,2696000000.0,2696000000.0,963000000,569000000.0,732000000.0,2457000000,-43000000.0,16000000.0,59000000.0,301000000.0,1859000000,292000000.0,1567000000.0,1918000000.0,2219000000,1567000000,0,0,0,0,0,1,0,0,0,0,0,0,0,0,0,0,0,0,0,1,0,0,0,1,0,0,1,0,0,0,0,0,0,0,0,0,0,0,0,0,0,0,0,0,0,0,230.27882385253903,2020-12-30,-0.17118052727906785
472,472,QCOM,2020-12-31,USD,37479000000.0,19792000000,7076000000.0,7076000000.0,2552000000.0,4148000000.0,17687000000,4033000000.0,1541000000.0,1541000000.0,6358000000.0,5222000000.0,794000000.0,30099000000,9223000000.0,2429000000.0,500000000.0,20876000000.0,0.0,15231000000.0,15731000000.0,3899000000.0,5001000000.0,7380000000,6974000000.0,113000000.0,1156000000,USD,4746000000,8235000000,3489000000.0,3489000000.0,2526000000,567000000.0,1653000000.0,2220000000,-120000000.0,21000000.0,141000000.0,364000000.0,2604000000,149000000.0,2455000000.0,2526000000.0,2890000000,2455000000,0,0,0,0,0,0,0,0,0,0,0,0,0,0,0,0,0,0,0,1,0,0,0,0,0,0,0,0,0,0,0,0,0,0,0,0,0,0,0,0,0,0,0,0,0,0,134.63958740234375,2020-12-30,0.24106693986903505
496,496,REGN,2020-12-31,USD,17163300000.0,12753900000,2193700000.0,2193700000.0,1916600000.0,4114700000.0,4409400000,3221600000.0,986000000.0,986000000.0,4290000000.0,1393300000.0,160800000.0,6138000000,2806800000.0,475500000.0,1631200000.0,3331200000.0,717200000.0,1978500000.0,3609700000.0,122400000.0,1462100000.0,11025300000,10893000000.0,100000.0,112214069,USD,2008100000,2422900000,414800000.0,414800000.0,1167000000,367300000.0,682800000.0,841100000,-14800000.0,0.0,14800000.0,61700000.0,1224600000,75400000.0,1149200000.0,1239400000.0,1301100000,1149200000,0,0,0,0,0,0,0,0,0,1,1,1,0,0,0,0,0,0,0,0,0,0,0,0,0,0,0,0,0,0,0,0,0,0,0,0,0,1,0,0,0,0,0,0,0,0,475.0903930664063,2020-12-30,0.3433202537397475
591,591,SBUX,2020-12-31,USD,29968400000.0,8357500000,5028100000.0,5028100000.0,1471500000.0,1369900000.0,21610900000,6177900000.0,506400000.0,506400000.0,3706800000.0,235500000.0,252500000.0,37872400000,7883900000.0,1050600000.0,2510200000.0,29988500000.0,9022100000.0,14673500000.0,24938200000.0,2145300000.0,962800000.0,-7909700000,-8253600000.0,1200000.0,1183000000,USD,1833000000,6749400000,4916400000.0,4916400000.0,913500000,472100000.0,0.0,919500000,-105200000.0,15500000.0,120700000.0,388400000.0,808300000,186100000.0,622200000.0,929000000.0,1317400000,622200000,0,0,0,0,0,0,0,0,0,0,0,0,0,0,0,0,0,0,0,0,0,0,0,0,0,0,0,0,0,0,0,0,0,0,1,0,0,0,0,0,0,0,0,0,0,0,94.0784149169922,2020-12-30,0.1150470933284975
1005,1005,SGEN,2020-12-31,USD,4000906000.0,2660250000,558424000.0,558424000.0,116136000.0,324988000.0,1340656000,196700000.0,283680000.0,283680000.0,274671000.0,2000996000.0,61840000.0,512806000,388138000.0,78067000.0,12749000.0,124668000.0,74633000.0,0.0,74633000.0,30130000.0,124668000.0,3488100000,-869568000.0,181000.0,186040000,USD,539535000,601293000,61758000.0,61758000.0,164986000,158365000.0,216184000.0,374549000,0.0,0.0,58000000.0,18679000.0,165884000,-1211000.0,183823000.0,145409000.0,164088000,167095000,0,0,0,0,0,0,0,0,0,0,0,0,0,0,0,0,0,0,0,0,1,0,0,0,0,0,0,0,0,0,0,0,0,0,0,0,1,1,1,0,0,0,0,0,0,0,,,
543,543,SIRI,2020-12-31,USD,10333000000.0,967000000,71000000.0,71000000.0,10000000.0,672000000.0,9366000000,2056000000.0,3340000000.0,3340000000.0,3122000000.0,0.0,20000000.0,12618000000,3167000000.0,1223000000.0,49000000.0,9451000000.0,468000000.0,8499000000.0,8967000000.0,174000000.0,686000000.0,-2285000000,-2285000000.0,4000000.0,422000000,USD,1116000000,2189000000,1073000000.0,1073000000.0,-503000000,154000000.0,67000000.0,1619000000,-97000000.0,0.0,97000000.0,139000000.0,-604000000,73000000.0,-677000000.0,-507000000.0,-368000000,-677000000,0,0,0,0,0,0,0,0,0,0,0,0,1,0,0,0,0,0,0,0,0,0,0,0,0,0,0,0,0,0,0,0,0,0,0,0,0,1,0,0,0,0,0,0,0,0,53.66989135742188,2020-12-30,0.012334426024433354
567,567,SWKS,2020-12-31,USD,5419800000.0,2575200000,617200000.0,617200000.0,718500000.0,689900000.0,2844600000,1477800000.0,46400000.0,46400000.0,1189800000.0,401400000.0,148200000.0,1004900000,507600000.0,264600000.0,28200000.0,497300000.0,154900000.0,0.0,154900000.0,243000000.0,31800000.0,4414900000,5246700000.0,41200000.0,167000000,USD,758900000,1510000000,751100000.0,751100000.0,570700000,66000000.0,121600000.0,188200000,0.0,0.0,1500000.0,86400000.0,570900000,61600000.0,509300000.0,570900000.0,657300000,509300000,0,0,0,0,0,0,0,0,0,0,0,0,0,0,0,0,0,0,0,0,1,0,0,0,0,0,0,0,0,0,0,0,0,0,0,0,1,1,0,0,0,0,0,0,0,0,132.6390380859375,2020-12-30,0.03251615851217449
164,164,ADI,2021-01-31,USD,21440110000.0,2624741000,1048063000.0,1048063000.0,618640000.0,826964000.0,18815369000,1129214000.0,3535475000.0,3535475000.0,12282751000.0,91720000.0,131074000.0,9352364000,1676757000.0,227423000.0,399220000.0,7675607000.0,0.0,4747347000.0,5146567000.0,901923000.0,1066192000.0,12087746000,7395578000.0,61484000.0,373106000,USD,1045371000,1558458000,513087000.0,513087000.0,463860000,185275000.0,288150000.0,581511000,-42270000.0,209000.0,42479000.0,201353000.0,436618000,48099000.0,388519000.0,479097000.0,680450000,388519000,0,0,0,0,0,0,0,0,0,0,0,0,0,0,0,0,0,0,0,1,0,0,0,0,0,0,0,0,0,0,0,0,0,0,0,0,0,0,0,0,0,0,0,0,0,0,138.7442626953125,2021-02-01,0.09759947052286977
211,211,ADSK,2021-01-31,USD,7279800000.0,2699200000,1772200000.0,1772200000.0,1.0,643100000.0,4580600000,609500000.0,88600000.0,88600000.0,2706500000.0,85000000.0,206200000.0,6314300000,3254700000.0,122500000.0,71400000.0,3059600000.0,467400000.0,1637200000.0,2104600000.0,517300000.0,139800000.0,965500000,-1487500000.0,2578900000.0,222500000,USD,944000000,1043599999,99600000.0,99600000.0,189500000,117100000.0,249900000.0,754500000,-13300000.0,0.0,11600000.0,31600000.0,171100000,-740200000.0,911300000.0,182700000.0,214300000,911300000,0,0,0,0,0,0,0,0,0,0,0,0,0,0,0,0,0,0,0,0,0,0,0,0,0,0,0,0,0,0,0,0,0,0,0,0,0,1,0,0,0,0,0,0,0,0,286.32000732421875,2021-02-01,-0.1275845665815475
188,188,AMAT,2021-01-31,USD,23305000000.0,14269000000,6213000000.0,6213000000.0,3925000000.0,3045000000.0,9036000000,1638000000.0,140000000.0,140000000.0,3479000000.0,410000000.0,676000000.0,11832000000,4504000000.0,1076000000.0,63000000.0,7328000000.0,249000000.0,5449000000.0,5512000000.0,1793000000.0,1879000000.0,11473000000,28137000000.0,9000000.0,925000000,USD,2349000000,5162000000,2813000000.0,2813000000.0,1283000000,161000000.0,606000000.0,1065000000,-43000000.0,18000000.0,61000000.0,94000000.0,1240000000,110000000.0,1130000000.0,1298000000.0,1392000000,1130000000,0,0,0,0,0,0,0,0,0,0,0,0,0,0,0,0,0,0,0,0,0,0,0,0,0,0,0,0,0,0,0,0,0,0,0,0,0,0,0,0,0,0,0,0,0,0,96.80254364013672,2021-02-01,0.37498505489748934
707,707,AVGO,2021-01-31,USD,76972000000.0,14300000000,9552000000.0,9552000000.0,952000000.0,2524000000.0,62672000000,2496000000.0,15419000000.0,15419000000.0,43457000000.0,0.0,1272000000.0,52973000000,6694000000.0,898000000.0,864000000.0,46279000000.0,0.0,41068000000.0,41932000000.0,1834000000.0,5211000000.0,23999000000,0.0,8000000.0,4290726730,USD,3952000000,6655000000,2703000000.0,2703000000.0,1837000000,339000000.0,1211000000.0,2115000000,-570000000.0,0.0,570000000.0,1533000000.0,1384000000,6000000.0,1378000000.0,1954000000.0,3487000000,1378000000,0,0,0,0,0,0,0,0,0,0,0,0,1,0,0,0,0,0,0,1,0,0,0,0,0,0,1,0,0,0,0,0,0,0,0,0,0,1,0,0,0,0,0,0,0,0,41.988277435302734,2021-02-01,0.2925341431228834
801,801,CPRT,2021-01-31,USD,3934438000.0,1225467000,616403000.0,616403000.0,30203000.0,468903000.0,2708971000,2175346000.0,44270000.0,44270000.0,346966000.0,0.0,109958000.0,991846000,371015000.0,324108000.0,23804000.0,620831000.0,109111000.0,402703000.0,511814000.0,-23804000.0,136812000.0,2942592000,2330791000.0,24000.0,961120000,USD,307498000,617031000,309533000.0,309533000.0,258221000,49277000.0,0.0,49277000,-4849000.0,0.0,4849000.0,31671000.0,252452000,59012000.0,193440000.0,257022000.0,288693000,193440000,0,0,0,0,0,0,0,0,0,0,0,0,1,0,0,0,0,0,0,0,0,0,0,0,0,0,0,0,0,0,0,0,0,0,1,0,0,1,0,0,0,0,0,0,0,0,27.71500015258789,2021-02-01,0.16588489345481094
1092,1092,CRWD,2021-01-31,USD,2732533000.0,2211424000,1918608000.0,1918608000.0,80850000.0,239199000.0,521108999,183998000.0,15677000.0,15677000.0,83566000.0,2500000.0,53617000.0,1860659000,863553000.0,12065000.0,8977000.0,997106000.0,40963000.0,738029000.0,778992000.0,140523000.0,17184000.0,870574000,-730116000.0,112000.0,221700000,USD,198197000,264929000,66732000.0,66732000.0,-15803000,35481000.0,66070000.0,214000000,-1049000.0,0.0,1049000.0,11836000.0,-16170000,2832000.0,-19002000.0,-15121000.0,-3285000,-19002000,0,0,0,0,0,0,0,0,0,0,0,0,0,0,0,0,0,0,0,0,0,0,0,0,0,0,0,0,0,0,0,0,0,0,0,0,0,1,0,0,0,0,0,0,0,0,215.00999450683597,2021-02-01,-0.1598530114659148
1284,1284,CSCO,2021-01-31,USD,95601000000.0,43911000000,11793000000.0,11793000000.0,1436000000.0,9334000000.0,51690000000,2386000000.0,1462000000.0,1462000000.0,34733000000.0,18795000000.0,2553000000.0,56480000000,27268000000.0,1867000000.0,5000000000.0,29212000000.0,0.0,9554000000.0,14554000000.0,8086000000.0,19658000000.0,39121000000,-2351000000.0,41690000000.0,4234000000,USD,7784000000,11960000000,4176000000.0,4176000000.0,3223000000,484000000.0,1527000000.0,4561000000,48000000.0,161000000.0,113000000.0,436000000.0,3255000000,710000000.0,2545000000.0,3457000000.0,3893000000,2545000000,0,0,0,0,0,0,0,0,0,0,0,0,0,0,0,0,0,0,0,1,0,0,0,0,0,0,0,0,0,0,0,0,0,0,0,0,0,0,0,0,0,0,0,0,0,0,39.281734466552734,2021-02-01,0.2593916506295575
306,306,INTU,2021-01-31,USD,14598000000.0,4094000000,1952000000.0,1952000000.0,1478040500.0,618000000.0,10504000000,792000000.0,3384000000.0,3384000000.0,5598000000.0,786000000.0,738000000.0,5730000000,2677000000.0,486000000.0,397000000.0,3053000000.0,463000000.0,2033000000.0,2821000000.0,616000000.0,440000000.0,8868000000,10783000000.0,10212000000.0,273000000,USD,1209000000,1576000000,367000000.0,367000000.0,-25000000,236000000.0,368000000.0,1234000000,-5000000.0,2000000.0,7000000.0,91000000.0,22000000,2000000.0,20000000.0,29000000.0,120000000,20000000,0,0,0,0,0,1,0,0,0,0,0,0,0,0,0,0,0,0,0,0,0,0,0,0,0,0,0,0,0,0,0,0,0,0,0,0,0,0,0,0,0,0,0,0,0,0,361.9567565917969,2021-02-01,0.4937431069037912
896,896,MRVL,2021-01-31,USD,10764924000.0,1617145000,748467000.0,748467000.0,268228000.0,536668000.0,9147779000,2047000000.0,2512944000.0,2512944000.0,5336961000.0,0.0,63782000.0,2329120000,1077097000.0,252419000.0,232102000.0,1252023000.0,190179000.0,4674853000.0,1329689000.0,574184000.0,110731000.0,8435804000,2103441000.0,1350000.0,687959000,USD,421132000,797819000,376687000.0,376687000.0,-1736000,116318000.0,260380000.0,422868000,-34919000.0,222000.0,20733000.0,157672000.0,-22840000,-39376000.0,-88242000.0,-2107000.0,155565000,16536000,0,0,0,0,0,0,0,0,1,0,0,0,1,0,0,0,0,0,0,0,0,0,0,0,0,0,0,0,0,0,0,0,0,0,0,0,0,0,0,0,0,0,0,0,0,0,51.819278717041016,2021-02-01,0.3557684627623461
400,400,NVDA,2021-01-31,USD,28791000000.0,16055000000,847000000.0,847000000.0,1826000000.0,2429000000.0,12736000000,2149000000.0,2737000000.0,2737000000.0,4193000000.0,10714000000.0,239000000.0,11898000000,3925000000.0,1201000000.0,999000000.0,7973000000.0,634000000.0,5964000000.0,7597000000.0,1437000000.0,2009000000.0,16893000000,18908000000.0,1000000.0,25240000000,USD,3156000000,5003000000,1847000000.0,1847000000.0,1507000000,503000000.0,1146000000.0,1649000000,-47000000.0,6000000.0,53000000.0,288000000.0,1470000000,13000000.0,1457000000.0,1523000000.0,1811000000,1457000000,0,0,0,0,0,0,0,0,0,0,0,0,0,0,0,0,0,0,0,0,0,0,0,0,0,0,0,0,0,0,0,0,0,0,0,0,0,0,0,0,0,0,0,0,0,0,13.199881553649902,2021-02-01,0.8514305134736966
967,967,OKTA,2021-01-31,USD,3298797000.0,2878567000,434607000.0,434607000.0,1478040500.0,194818000.0,420230000,62783000.0,27009000.0,27009000.0,48023000.0,2121584000.0,127558000.0,2604754000,1545614000.0,8557000.0,932087000.0,1059140000.0,202921000.0,857387000.0,1968992000.0,99770000.0,22235000.0,694043000,-967456000.0,13000.0,130138000,USD,173600000,234740000,61140000.0,61140000.0,-54596000,50707000.0,62316000.0,228196000,-20443000.0,2154000.0,22597000.0,13171000.0,-75039000,767000.0,-75806000.0,-52442000.0,-39271000,-75806000,0,0,0,0,0,1,0,0,0,0,0,0,0,0,0,0,0,0,0,0,0,0,0,0,0,0,0,0,0,0,0,0,0,0,0,0,0,0,0,0,0,0,0,0,0,0,266.3699951171875,2021-02-01,-0.25708599685716027
1140,1140,PANW,2021-01-31,USD,9488400000.0,4275800000,2113200000.0,2113200000.0,1478040500.0,669200000.0,5212600000,330700000.0,541100000.0,541100000.0,2583500000.0,1058000000.0,435400000.0,8289900000,4376300000.0,44700000.0,1525600000.0,3913600000.0,317900000.0,1629100000.0,3472600000.0,516300000.0,93900000.0,1198500000,-1402400000.0,2429800000.0,575400000,USD,709300000,1016900000,307600000.0,307600000.0,-88800000,104000000.0,266700000.0,798100000,-38400000.0,2300000.0,40700000.0,75600000.0,-130000000,12300000.0,-142300000.0,-90800000.0,-15200000,-142300000,0,0,0,0,0,1,0,0,0,0,0,0,0,0,0,0,0,0,0,0,0,0,0,0,0,0,0,0,0,0,0,0,0,0,0,0,0,0,0,0,0,0,0,0,0,0,60.22666549682617,2021-02-01,0.43181311901608677
519,519,ROST,2021-01-31,USD,12717867000.0,6692491000,4819293000.0,4819293000.0,1508982000.0,115067000.0,6025376000,2047000000.0,986000000.0,986000000.0,4290000000.0,0.0,249149000.0,9427227000,3967033000.0,2256928000.0,663030000.0,5460194000.0,0.0,0.0,5732799000.0,992395000.0,0.0,3290640000,2185801000.0,3565000.0,355163000,USD,1092627000,4249671000,3157044000.0,3157044000.0,402187000,648124000.0,0.0,690440000,0.0,0.0,19380000.0,96052000.0,382851000,144871000.0,471000000.0,402231000.0,498283000,237980000,0,0,0,0,0,0,0,0,1,1,1,1,1,0,0,0,0,0,0,1,1,0,0,1,0,0,0,0,0,0,0,0,0,0,1,0,1,1,0,0,0,0,1,0,0,0,106.30889129638672,2021-02-01,-0.12189999238559679
1021,1021,SPLK,2021-01-31,USD,5868486000.0,3272380000,1771064000.0,1771064000.0,136331000.0,1114199000.0,2596106000,539076000.0,206153000.0,206153000.0,1334888000.0,87847000.0,299270000.0,4274481000,1524748000.0,9319000.0,0.0,2749733000.0,330970000.0,2302635000.0,2633605000.0,484945000.0,5710000.0,1594005000,-2469451000.0,163000.0,162009000,USD,595182000,745078000,149896000.0,149896000.0,-86598000,100398000.0,211383000.0,681780000,-33107000.0,1412000.0,34519000.0,71391.0,-135874000,3674000.0,-139548000.0,-75029391.0,-74958000,-139548000,0,0,0,0,0,0,0,0,0,0,0,0,0,0,0,0,0,1,0,0,0,0,0,0,0,0,0,0,0,0,0,0,0,0,0,0,0,0,0,0,0,0,0,0,0,0,,,
1045,1045,WDAY,2021-01-31,USD,8718411000.0,4679297000,1384181000.0,1384181000.0,2.0,1032484000.0,4039114000,972403000.0,266392000.0,266392000.0,1819625000.0,2151472000.0,111160000.0,5440577000,4282648000.0,75596000.0,1196101000.0,1157929000.0,443051000.0,691913000.0,2238065000.0,454327000.0,466016000.0,3277834000,-2909990000.0,242000.0,240992000,USD,818640000,1131684000,313044000.0,313044000.0,-73311000,117607000.0,439095000.0,891951000,-13262000.0,2333000.0,15595000.0,75101000.0,-68574000,3133000.0,-71707000.0,-52979000.0,22122000,-71707000,0,0,0,0,0,0,0,0,0,0,0,0,0,0,0,0,0,0,0,0,0,0,0,0,0,0,0,0,0,0,0,0,0,0,0,0,0,0,0,0,0,0,0,0,0,0,236.69000244140625,2021-02-01,0.06895091426377342
1069,1069,ZM,2021-01-31,USD,5297993000.0,4792865000,2240303000.0,2240303000.0,247807000.0,294703000.0,505128000,247573000.0,10816000.0,10816000.0,24340000.0,2004410000.0,253449000.0,1437226000,1259966000.0,8664000.0,15601000.0,177260000.0,90415000.0,0.0,106016000.0,333488000.0,61634000.0,3860767000,672468000.0,292000.0,300613251,USD,615201000,882485000,267284000.0,267284000.0,256117000,92691000.0,52375000.0,359084000,8536000.0,8536000.0,58000000.0,9456000.0,264653000,4043000.0,260610000.0,256117000.0,265573000,260610000,0,0,0,0,0,0,0,0,0,0,0,0,0,0,0,0,0,0,0,0,1,0,0,0,0,0,0,0,0,0,0,0,0,0,0,0,0,0,1,0,0,0,0,0,0,0,381.9299926757813,2021-02-01,-0.5960516279477834
1164,1164,ZS,2021-01-31,USD,1969417000.0,1678649000,95347000.0,95347000.0,39902000.0,170412000.0,290768000,90527000.0,20871000.0,20871000.0,30059000.0,1349402000.0,67946000.0,1466713000,501575000.0,13170000.0,20152000.0,965138000.0,53981000.0,887186000.0,941167000.0,62069000.0,77952000.0,502704000,-462118000.0,136000.0,135024000,USD,122836000,157044000,34208000.0,34208000.0,-53898000,24653000.0,41751000.0,176734000,-12490000.0,755000.0,13245000.0,23267000.0,-65870000,1671000.0,-67541000.0,-52625000.0,-29358000,-67541000,0,0,0,0,0,0,0,0,0,0,0,0,0,0,0,0,0,0,0,0,0,0,0,0,0,0,0,0,0,0,0,0,0,0,0,0,0,0,0,0,0,0,0,0,0,0,204.47000122070312,2021-02-01,0.25744600096148207
67,67,ADBE,2021-02-28,USD,24985000000.0,7384000000,3452000000.0,3452000000.0,1478040500.0,1520000000.0,17601000000,2007000000.0,1729000000.0,1729000000.0,11845000000.0,1511000000.0,901000000.0,11439000000,5806000000.0,254000000.0,94000000.0,5633000000.0,588000000.0,4119000000.0,4707000000.0,1243000000.0,248000000.0,13546000000,20521000000.0,8000000.0,483000000,USD,3458000000,3905000000,447000000.0,447000000.0,1454000000,290000000.0,620000000.0,2004000000,-30000000.0,0.0,30000000.0,196000000.0,1433000000,172000000.0,1261000000.0,1463000000.0,1659000000,1261000000,0,0,0,0,0,1,0,0,0,0,0,0,0,0,0,0,0,0,0,0,0,0,0,0,0,0,1,0,0,0,0,0,0,0,0,0,0,1,0,0,0,0,0,0,0,0,469.5700073242188,2021-03-01,-0.004024990137695306
754,754,CTAS,2021-02-28,USD,8347496999.0,2201192000,553611000.0,553611000.0,533211000.0,987421000.0,6146304999,1329930000.0,492989000.0,492989000.0,2895251000.0,264581000.0,126949000.0,4530987000,1270360000.0,237857000.0,293703000.0,3260627000.0,162838000.0,2291418000.0,2704192000.0,680871000.0,579656000.0,3816510000,7688425000.0,1403229000.0,431984000,USD,809516000,1777056000,967540000.0,967540000.0,326468000,483048000.0,0.0,483048000,-24465000.0,87000.0,24552000.0,97167000.0,302003000,43619000.0,258384000.0,326498000.0,423665000,258384000,0,0,0,0,0,0,0,0,0,0,0,0,0,0,0,0,0,0,0,0,0,0,0,0,0,0,0,0,0,0,0,0,0,0,1,0,0,0,0,0,0,0,0,0,0,0,82.3461685180664,2021-03-01,0.09848186051372543
777,777,STZ,2021-02-28,USD,27104800000.0,3044500000,460600000.0,460600000.0,1291100000.0,1088500000.0,24060300000,5821600000.0,2732100000.0,2732100000.0,7793500000.0,0.0,204300000.0,13175700000,1269100000.0,460000000.0,98000000.0,11906600000.0,539900000.0,10413100000.0,10982200000.0,670100000.0,97700000.0,13598900000,15117800000.0,2200000.0,195942000,USD,965200000,1952700000,987500000.0,987500000.0,511600000,348900000.0,0.0,453600000,-89800000.0,70000000.0,88000000.0,75900000.0,485300000,94700000.0,390600000.0,573300000.0,649200000,382900000,0,0,0,0,0,0,0,0,0,0,0,0,1,0,0,0,0,0,0,0,0,0,0,0,0,0,0,0,0,0,0,0,0,0,1,0,0,0,0,0,0,0,0,0,0,0,199.9366912841797,2021-03-01,0.0034761369699316536
1259,1259,AAPL,2021-03-31,USD,337158000000.0,121465000000,38466000000.0,38466000000.0,5219000000.0,33036000000.0,215693000000,37815000000.0,986000000.0,986000000.0,4290000000.0,31368000000.0,13376000000.0,267980000000,106385000000.0,40127000000.0,13003000000.0,161595000000.0,0.0,108642000000.0,121645000000.0,45660000000.0,27791000000.0,69178000000,15261000000.0,54203000000.0,16929157000,USD,38079000000,89584000000,51505000000.0,51505000000.0,27503000000,5314000000.0,5262000000.0,10576000000,48000000.0,718000000.0,670000000.0,2797000000.0,28011000000,4381000000.0,23630000000.0,28681000000.0,31478000000,23630000000,0,0,0,0,0,0,0,0,0,1,1,1,0,0,0,0,0,0,0,1,0,0,0,0,0,0,0,0,0,0,0,0,0,0,0,0,0,0,0,0,0,0,0,0,0,0,118.97354888916016,2021-03-31,0.4379683702189694
234,234,ADP,2021-03-31,USD,54407700000.0,46752400000,1891500000.0,1891500000.0,41491000000.0,2765400000.0,7655300000,701400000.0,1212800000.0,1212800000.0,2333800000.0,10500000.0,604500000.0,48733800000,44615200000.0,112200000.0,3259300000.0,4118600000.0,360900000.0,1994300000.0,5253600000.0,41043000000.0,1532300000.0,5673900000,19307500000.0,63900000.0,427700000,USD,1975600000,4102000000,2126400000.0,2126400000.0,1060900000,763000000.0,178600000.0,914700000,-8800000.0,4700000.0,13500000.0,126900000.0,1066200000,255500000.0,810700000.0,1079700000.0,1206600000,810700000,0,0,0,0,0,0,0,0,0,0,0,0,0,0,0,0,0,0,0,0,0,0,0,0,0,0,0,0,0,0,0,0,0,0,0,0,0,0,0,0,0,0,0,0,0,0,170.76242065429688,2021-03-31,0.23005041691217465
662,662,AEP,2021-03-31,USD,82985100000.0,4258400000,273200000.0,273200000.0,1271900000.0,1858400000.0,78726700000,64696100000.0,986000000.0,986000000.0,52500000.0,199100000.0,655800000.0,61765100000,10220100000.0,1703900000.0,5419200000.0,51545000000.0,865700000.0,30214800000.0,36259100000.0,1368100000.0,12652000000.0,20972800000,10892700000.0,3376400000.0,498164219,USD,1155800000,4281300000,3125500000.0,3125500000.0,809300000,592400000.0,0.0,346500000,-290200000.0,0.0,288700000.0,719000000.0,633300000,54500000.0,550300000.0,893500000.0,1612500000,575000000,0,0,0,0,0,0,0,0,0,1,1,0,0,0,0,0,0,0,0,0,0,0,0,0,0,0,0,0,0,0,0,0,0,0,1,0,0,1,0,0,0,0,0,0,0,0,70.62149047851562,2021-03-31,0.21960622265435092
638,638,ALGN,2021-03-31,USD,5069782000.0,2115555000,1131698000.0,1131698000.0,150643000.0,718957000.0,2954227000,763870000.0,120479000.0,120479000.0,427561000.0,0.0,114257000.0,1676206000,1393842000.0,124298000.0,21513000.0,282364000.0,63845000.0,63845000.0,85358000.0,343620000.0,282364000.0,3393576000,2416176000.0,8000.0,79798000,USD,677098000,894771000,217673000.0,217673000.0,225446000,397115000.0,54537000.0,451652000,1643000.0,1643000.0,36175000.0,25635000.0,261621000,61245000.0,200376000.0,225446000.0,251081000,200376000,0,0,0,0,0,0,0,0,0,0,0,0,1,0,0,0,0,0,0,0,0,0,0,0,0,0,0,0,0,0,0,0,0,0,0,0,0,0,0,0,0,0,0,0,0,0,541.530029296875,2021-03-31,-0.19487382709670908
614,614,AMD,2021-03-31,USD,10047000000.0,7197000000,1763000000.0,1763000000.0,1653000000.0,2185000000.0,2850000000,681000000.0,203000000.0,203000000.0,289000000.0,1353000000.0,243000000.0,3570000000,2864000000.0,949000000.0,0.0,706000000.0,238000000.0,313000000.0,551000000.0,1915000000.0,155000000.0,6477000000,-4058000000.0,12000000.0,1231000000,USD,1587000000,3445000000,1858000000.0,1858000000.0,662000000,319000000.0,610000000.0,925000000,-9000000.0,0.0,9000000.0,107000000.0,642000000,89000000.0,553000000.0,662000000.0,769000000,555000000,0,0,0,0,0,0,0,0,0,0,0,0,0,0,0,0,0,1,0,0,0,0,0,0,0,0,0,0,0,0,0,0,0,0,0,0,0,1,0,0,0,0,0,0,0,0,78.5,2021-03-31,0.39286619538714174
139,139,AMGN,2021-03-31,USD,62539000000.0,21299000000,6112000000.0,6112000000.0,4017000000.0,4423000000.0,41240000000,4855000000.0,15947000000.0,15947000000.0,14673000000.0,4454000000.0,2293000000.0,53205000000,12869000000.0,1396000000.0,1556000000.0,40336000000.0,0.0,31129000000.0,32685000000.0,9917000000.0,9207000000.0,9334000000,-21639000000.0,31806000000.0,581000000,USD,4411000000,5901000000,1490000000.0,1490000000.0,2129000000,1315000000.0,967000000.0,2282000000,-285000000.0,0.0,285000000.0,841000000.0,1857000000,211000000.0,1646000000.0,2142000000.0,2983000000,1646000000,0,0,0,0,0,0,0,0,0,0,0,0,0,0,0,0,0,0,0,1,0,0,0,0,0,0,0,0,0,0,0,0,0,0,0,0,0,1,0,0,0,0,0,0,0,0,212.6728057861328,2021-03-31,0.003106174070732326
115,115,AMZN,2021-03-31,USD,323077000000.0,121408000000,33834000000.0,33834000000.0,23849000000.0,24289000000.0,201669000000,160789000000.0,986000000.0,986000000.0,15220000000.0,39436000000.0,5389000000.0,219757000000,115404000000.0,63926000000.0,1881000000.0,104353000000.0,53067000000.0,31868000000.0,84935000000.0,40939000000.0,19418000000.0,103320000000,60658000000.0,5000000.0,10260000000,USD,46115000000,108518000000,62403000000.0,62403000000.0,8865000000,1987000000.0,10584000000.0,37152039000,-294000000.0,105000000.0,399000000.0,7508000000.0,10263000000,2156000000.0,8107000000.0,8865000000.0,16373000000,8107000000,0,0,0,0,0,0,0,0,0,1,1,0,0,0,0,0,0,0,0,0,0,0,0,0,0,0,0,0,0,0,0,0,0,0,0,0,0,0,0,0,0,0,0,0,0,0,154.70399475097656,2021-03-31,0.0536088471468823
683,683,ANSS,2021-03-31,USD,5818028000.0,1660952000,987427000.0,987427000.0,1.0,589993000.0,4157076000,93207000.0,677357000.0,677357000.0,3036783000.0,516000.0,83016000.0,1706059000,624047000.0,16970000.0,4688000.0,1082012000.0,109454000.0,793515000.0,907657000.0,201163000.0,186276000.0,4111969000,3876991000.0,953000.0,87986000,USD,301123000,363226000,62103000.0,62103000.0,50022000,146215000.0,100479000.0,251101000,-2798000.0,517000.0,3315000.0,32781000.0,47623000,-24775000.0,72398000.0,50938000.0,83719000,72398000,0,0,0,0,0,0,0,0,0,0,0,0,0,0,0,0,0,0,0,0,0,0,0,0,0,0,0,0,0,0,0,0,0,0,0,0,0,0,0,0,0,0,0,0,0,0,,,
1235,1235,AZN,2021-03-31,USD,64926000000.0,18735000000,7636000000.0,7636000000.0,4278000000.0,6281000000.0,46191000000,2047000000.0,20347000000.0,20347000000.0,11765000000.0,129000000.0,411000000.0,50480000000,21513000000.0,17370000000.0,2258000000.0,28967000000.0,0.0,0.0,20132000000.0,891000000.0,0.0,14430000000,4089000000.0,328000000.0,2638000000,USD,5456000000,7320000000,1864000000.0,1864000000.0,1895000000,2929000000.0,1713000000.0,3561000000,0.0,0.0,303000000.0,797000000.0,1608000000,46000000.0,471000000.0,1911000000.0,2708000000,1561000000,0,0,0,0,0,0,0,0,1,0,0,0,0,0,0,0,0,0,0,1,1,0,0,1,0,0,0,0,0,0,0,0,0,0,0,0,1,1,0,0,0,0,1,0,0,0,89.50694274902344,2021-03-31,0.3672080303761025
1307,1307,BIDU,2021-03-31,CNY,379348000000.0,191629000000,41544000000.0,41544000000.0,10607000000.0,9233000000.0,187719000000,27336000000.0,15718000000.0,15718000000.0,22248000000.0,120794000000.0,9451000000.0,140233000000,66890000000.0,35902000000.0,16872000000.0,73343000000.0,6912000000.0,61271000000.0,82678000000.0,1468000000.0,53000000.0,229814000000,3807700000.0,229814000000.0,347125000,CNY,13132000000,28134000000,15002000000.0,15002000000.0,2789000000,5245000000.0,5098000000.0,10343000000,410000000.0,1233000000.0,823000000.0,4456750000.0,26566000000,1534000000.0,25032000000.0,27389000000.0,31845750000,25653000000,0,0,0,0,0,0,0,0,0,0,0,0,0,0,0,0,0,0,0,0,0,0,0,0,0,1,0,0,0,0,0,0,0,0,0,0,0,0,0,0,0,0,0,0,0,0,217.5500030517578,2021-03-31,-0.39186393382728646
1331,1331,BIIB,2021-03-31,USD,23854700000.0,6719500000,1217500000.0,1217500000.0,1171800000.0,2224100000.0,17135200000,3438300000.0,2988100000.0,2988100000.0,5763100000.0,1320000000.0,786100000.0,13191500000,3165800000.0,430400000.0,0.0,10025700000.0,380000000.0,7267200000.0,7647200000.0,2592300000.0,1791800000.0,10682200000,13833500000.0,100000.0,152300000,USD,2215900000,2694000000,478100000.0,478100000.0,973900000,561200000.0,612300000.0,1242000000,-61800000.0,2900000.0,64700000.0,102600000.0,448800000,44200000.0,422800000.0,984400000.0,1087000000,410200000,0,0,0,0,0,0,0,0,0,0,0,0,0,0,0,0,0,1,0,0,0,0,0,0,0,0,0,0,0,0,0,0,0,0,0,0,0,0,0,0,0,0,0,0,0,0,279.75,2021-03-31,-0.24718496477742413
730,730,CDNS,2021-03-31,USD,3998959000.0,1349729000,742981000.0,742981000.0,76592000.0,388666000.0,2649230000,305089000.0,264671000.0,264671000.0,912603000.0,0.0,141490000.0,1456527000,792341000.0,267690999.0,267691000.0,664186000.0,0.0,346988000.0,614679000.0,3550000.0,317198000.0,2542432000,2537502000.0,2307965000.0,280140000,USD,652067000,736028000,83961000.0,83961000.0,203937000,39952000.0,270992000.0,448130000,-4217000.0,0.0,4217000.0,34082000.0,202421000,15252000.0,187169000.0,206638000.0,240720000,187169000,0,0,0,0,0,0,0,0,0,0,0,0,1,0,0,0,0,0,0,1,0,0,0,0,0,0,0,0,0,0,0,0,0,0,0,0,0,1,0,0,0,0,0,0,0,0,136.99000549316406,2021-03-31,0.20052558667919684
1355,1355,CHTR,2021-03-31,USD,143439000000.0,3663000000,772000000.0,772000000.0,1478040500.0,2395000000.0,139776000000,34184000000.0,73381000000.0,73381000000.0,29554000000.0,136245000000.0,496000000.0,116258000000,9916000000.0,724000000.0,1250000000.0,106342000000.0,245000000.0,83882000000.0,85132000000.0,6896000000.0,4233000000.0,20997000000,-4388000000.0,8000000.0,205872536,USD,4689000000,12522000000,7833000000.0,7833000000.0,2370000000,751000000.0,0.0,2319000000,-983000000.0,0.0,983000000.0,2441000000.0,1137000000,216000000.0,921000000.0,2120000000.0,4561000000,807000000,0,0,0,0,0,1,0,0,0,0,0,0,0,0,0,0,0,0,0,0,0,0,0,0,0,0,1,0,0,0,0,0,0,0,1,0,0,1,0,0,0,0,0,0,0,0,617.02001953125,2021-03-31,-0.11587954642755116
1115,1115,DDOG,2021-03-31,USD,1952074000.0,1746857000,369706000.0,369706000.0,1.0,154111000.0,205217000,52805000.0,3414000.0,3414000.0,48479000.0,1178190000.0,44850000.0,1110744000,320814000.0,12065000.0,16626000.0,789930000.0,63246000.0,732968000.0,796214000.0,68476000.0,56962000.0,841330000,-144429000.0,3000.0,306034000,USD,151883000,198549000,46666000.0,46666000.0,-12830000,21094000.0,79266000.0,164713000,426000.0,5898000.0,5472000.0,4402000.0,-12529000,539000.0,-13068000.0,-7057000.0,-2655000,-13068000,0,0,0,0,0,0,0,0,0,0,0,0,0,0,0,0,0,0,0,0,0,0,0,0,0,0,0,0,0,0,0,0,0,0,0,0,0,0,0,0,0,0,0,0,0,0,83.33999633789062,2021-03-31,0.8174946949432145
258,258,FISV,2021-03-31,USD,74840000000.0,16440000000,831000000.0,831000000.0,94738000.0,2617000000.0,58400000000,2047000000.0,14995000000.0,14995000000.0,36380000000.0,0.0,12897262000.0,41995000000,15905000000.0,483000000.0,366000000.0,26090000000.0,0.0,0.0,21204000000.0,13623000000.0,0.0,31851000000,13745000000.0,8000000.0,679900000,USD,1848000000,3755000000,1907000000.0,1907000000.0,475000000,368000000.0,0.0,1373000000,0.0,0.0,177000000.0,797000000.0,336000000,18000000.0,471000000.0,497000000.0,1294000000,304000000,0,0,0,0,0,0,0,0,1,0,0,0,1,0,0,0,0,0,0,1,1,0,0,1,0,0,0,0,0,0,0,0,0,1,1,0,1,1,0,0,0,0,1,0,0,0,119.04000091552734,2021-03-31,-0.14818547760400358
824,824,FTNT,2021-03-31,USD,5282200000.0,3781200000,1860200000.0,1860200000.0,149600000.0,637300000.0,1501000000,494200000.0,32300000.0,32300000.0,99200000.0,1076700000.0,57400000.0,4301400000,1879700000.0,129500000.0,0.0,2421700000.0,0.0,987000000.0,987000000.0,187400000.0,1434700000.0,980800000,-244900000.0,200000.0,832000000,USD,553700000,710300000,156600000.0,156600000.0,121600000,32000000.0,97200000.0,432100000,-200000.0,0.0,1300000.0,17300000.0,119400000,12200000.0,107200000.0,120700000.0,138000000,107200000,0,0,0,0,0,0,0,0,0,0,0,0,0,0,0,0,0,1,0,1,0,0,0,0,0,0,0,0,0,0,0,0,0,0,0,0,0,1,0,0,0,0,0,0,0,0,36.88399887084961,2021-03-31,0.8530528593734212
282,282,GILD,2021-03-31,USD,67492000000.0,13278000000,4065000000.0,4065000000.0,1779000000.0,3925000000.0,54214000000,4990000000.0,34781000000.0,34781000000.0,8334000000.0,1601000000.0,1908000000.0,48528000000,9705000000.0,570000000.0,2259000000.0,38823000000.0,0.0,27907000000.0,30166000000.0,6661000000.0,6452000000.0,18952000000,14821000000.0,1000000.0,1262000000,USD,5062000000,6423000000,1361000000.0,1361000000.0,2890000000,1055000000.0,1055000000.0,2172000000,-257000000.0,0.0,257000000.0,473000000.0,2264000000,542000000.0,1722000000.0,2521000000.0,2994000000,1729000000,0,0,0,0,0,0,0,0,0,0,0,0,0,0,0,0,0,0,0,1,0,0,0,0,0,0,0,0,0,0,0,0,0,0,0,0,0,1,0,0,0,0,0,0,0,0,53.94796752929688,2021-03-31,-0.039560077770430246
91,91,GOOGL,2021-03-31,USD,327095000000.0,172137000000,26622000000.0,26622000000.0,888000000.0,28499000000.0,154958000000,100204000000.0,1823000000.0,1823000000.0,22341000000.0,108482000000.0,7646000000.0,97082000000,55453000000.0,4801000000.0,1888000000.0,41629000000.0,13270000000.0,13887000000.0,27157000000.0,44181000000.0,23336000000.0,230013000000,170580000000.0,59436000000.0,13641413861,USD,31211000000,55314000000,24103000000.0,24103000000.0,16437000000,2773000000.0,7485000000.0,14774000000,269000000.0,345000000.0,76000000.0,2753000000.0,21283000000,3353000000.0,17930000000.0,21359000000.0,24112000000,17930000000,0,0,0,0,0,0,0,0,0,0,0,0,0,0,0,0,0,0,0,0,0,0,0,0,0,0,0,0,0,0,0,0,0,0,0,0,0,0,0,0,0,0,0,0,0,0,102.35264587402344,2021-03-31,0.3485203680560329
848,848,IDXX,2021-03-31,USD,2327385000.0,1097798000,351163000.0,351163000.0,225559000.0,423101000.0,1229587000,543963000.0,53969000.0,53969000.0,242586000.0,0.0,97975000.0,1623950000,620662000.0,87175000.0,142878000.0,1003288000.0,96100000.0,778747000.0,999818000.0,289487000.0,205975000.0,702696000,2379852000.0,10668000.0,86917000,USD,470782000,777707000,306925000.0,306925000.0,247622000,70770000.0,37579000.0,223160000,-7532000.0,52000.0,7584000.0,25057000.0,240090000,35801000.0,204289000.0,248374000.0,273431000,204257000,0,0,0,0,0,0,0,0,0,0,0,0,1,0,0,0,0,0,0,0,0,0,0,0,0,0,0,0,0,0,0,0,0,0,0,0,0,0,0,0,0,0,0,0,0,0,489.30999755859375,2021-03-31,0.11802333957642985
19,19,INTC,2021-03-31,USD,150622000000.0,45773000000,5192000000.0,5192000000.0,8487000000.0,7208000000.0,104849000000,57330000000.0,8408000000.0,8408000000.0,26971000000.0,17205000000.0,7681000000.0,70815000000,24151000000.0,5434000000.0,2647000000.0,46664000000.0,0.0,33237000000.0,35884000000.0,11465000000.0,9927000000.0,79807000000,54638000000.0,26272000000.0,4096000000,USD,10854000000,19673000000,8819000000.0,8819000000.0,5903000000,1328000000.0,3623000000.0,4951000000,-153000000.0,37000000.0,190000000.0,2902000000.0,3906000000,545000000.0,3361000000.0,4096000000.0,6998000000,3361000000,0,0,0,0,0,0,0,0,0,0,0,0,0,0,0,0,0,0,0,1,0,0,0,0,0,0,0,0,0,0,0,0,0,0,0,0,0,0,0,0,0,0,0,0,0,0,58.20881271362305,2021-03-31,-0.20432350786819475
329,329,ISRG,2021-03-31,USD,11540400000.0,8461600000,1401800000.0,1401800000.0,576800000.0,654300000.0,3078800000,1592900000.0,87200000.0,87200000.0,344500000.0,3155700000.0,198800000.0,1350200000,1350200000.0,103100000.0,465200000.0,445600000.0,0.0,0.0,6120000000.0,392700000.0,445600000.0,10190200000,3514700000.0,100000.0,363899997,USD,902600000,1292100000,389500000.0,389500000.0,416800000,326000000.0,159800000.0,485800000,32000000.0,32000000.0,58000000.0,71700000.0,448800000,13600000.0,435200000.0,416800000.0,488500000,426300000,0,0,0,0,0,0,0,0,0,0,0,0,0,0,0,0,0,0,0,1,1,1,0,0,0,0,0,0,0,0,0,0,0,0,0,0,0,0,1,0,0,0,0,0,0,0,246.31333923339844,2021-03-31,0.2247813846164426
352,352,JD,2021-03-31,CNY,63310270327.0,34718510755,11499435240.0,11499435240.0,9655552860.0,2592337147.0,28591759572,45708236000.0,962545995.0,962545995.0,1773899771.0,9682725858.0,1288459649.0,28815579099,24750028222.0,14812918077.0,1520950572.0,4065550877.0,15923439000.0,12622609000.0,5011250953.0,2733579385.0,311792000.0,28782939282,37418000000.0,188672167000.0,1604000000,CNY,29122000000,203176000000,174054000000.0,174054000000.0,1660000000,2213000000.0,4530000000.0,27462000000,-257821000.0,0.0,257821000.0,1669000000.0,4122000000,480000000.0,3642498000.0,1577000000.0,4380000000,3620000000,0,0,0,0,0,0,0,0,0,0,0,0,0,0,0,0,0,0,0,0,0,0,0,0,0,0,0,0,0,0,0,0,0,0,0,0,0,1,0,0,0,0,0,0,0,0,76.52145385742188,2021-03-31,-0.31376744547758584
376,376,KHC,2021-03-31,USD,98664000000.0,13136000000,2360000000.0,2360000000.0,2676000000.0,2079000000.0,85528000000,6579000000.0,45021000000.0,45021000000.0,31447000000.0,0.0,6021000000.0,48233000000,7570000000.0,4225000000.0,132000000.0,40663000000.0,0.0,27074000000.0,27206000000.0,3213000000.0,1970000000.0,50288000000,-2131000000.0,12000000.0,1232000000,USD,2201000000,6394000000,4193000000.0,4193000000.0,1089000000,882000000.0,0.0,5305000000,-410000000.0,5000000.0,415000000.0,222000000.0,704000000,136000000.0,568000000.0,1114000000.0,1336000000,568000000,0,0,0,0,0,0,0,0,0,0,0,0,1,0,0,0,0,0,0,1,0,0,0,0,0,0,0,0,0,0,0,0,0,0,1,0,0,0,0,0,0,0,0,0,0,0,32.030494689941406,2021-03-31,0.026982819955024606
872,872,KLAC,2021-03-31,USD,9939240000.0,5405165000,1452150000.0,1452150000.0,1450588000.0,1355450000.0,4534075000,628438000.0,1237589000.0,1237589000.0,2011187000.0,990575000.0,156402000.0,6826376000,2029466000.0,295111000.0,51485000.0,4796910000.0,102142000.0,3422097000.0,3544239000.0,798600000.0,744917000.0,3114856000,1070124000.0,2115205000.0,155159000,USD,1094144000,1803773000,709629000.0,709629000.0,672147000,183040000.0,238957000.0,421997000,-39092000.0,0.0,39092000.0,84365000.0,640403000,73233000.0,567170000.0,679216000.0,763581000,567496000,0,0,0,0,0,0,0,0,0,0,0,0,0,0,0,0,0,0,0,0,0,0,0,0,0,0,0,0,0,0,0,0,0,0,0,0,0,1,0,0,0,0,0,0,0,0,313.51519775390625,2021-03-31,0.12072616439601558
1211,1211,LCID,2021-03-31,USD,1799786000.0,868604000,809978000.0,809978000.0,6310000.0,637000.0,931182000,899916000.0,986000000.0,986000000.0,4290000000.0,505000.0,51174000.0,1572838000,259072999.0,9229000.0,11862000.0,1313765000.0,0.0,0.0,149743000.0,237981999.0,214731922.0,226948000,-4234062000.0,1000.0,161862153,USD,228000,313000,85000.0,85000.0,-298793000,131652000.0,167369000.0,299021000,-5000.0,0.0,5000.0,4919000.0,-747948000,4000.0,-747952000.0,-747943000.0,-743024000,-747952000,0,0,0,0,0,0,0,0,0,1,1,1,0,0,0,0,0,0,0,1,1,0,0,0,0,0,0,0,0,0,0,0,0,0,0,0,0,1,0,0,0,0,0,0,0,0,231.8000030517578,2021-03-31,0.09577220300245304
1187,1187,META,2021-03-31,USD,163523000000.0,77322000000,19513000000.0,19513000000.0,1478040500.0,10276000000.0,86201000000,57922000000.0,505000000.0,505000000.0,19056000000.0,44706000000.0,2827000000.0,29866000000,12717000000.0,878000000.0,1040000000.0,17149000000.0,11614000000.0,0.0,11614000000.0,10417000000.0,17149000000.0,133657000000,82343000000.0,51160000000.0,2882000000,USD,21040000000,26171000000,5131000000.0,5131000000.0,11378000000,1622000000.0,5197000000.0,9662000000,125000000.0,118000000.0,118000000.0,1972000000.0,11503000000,2006000000.0,9497000000.0,11378000000.0,13350000000,9497000000,0,0,0,0,0,1,0,0,0,0,0,0,0,0,0,0,0,0,0,0,1,0,0,0,0,0,0,0,0,0,0,0,0,0,0,0,0,0,0,0,0,0,0,0,0,0,292.48687744140625,2021-03-31,-0.24503443684977677
943,943,MRNA,2021-03-31,USD,12694000000.0,11703000000,5442000000.0,5442000000.0,494000000.0,3228000000.0,991000000,461000000.0,986000000.0,986000000.0,4290000000.0,2293000000.0,246000000.0,8856000000,8441000000.0,8000000.0,753000000.0,415000000.0,234000000.0,0.0,234000000.0,902000000.0,2000000.0,3838000000,-1023000000.0,8000000.0,430000000,USD,1550000000,1743000000,193000000.0,193000000.0,1266000000,77000000.0,401000000.0,284000000,1000000.0,4000000.0,3000000.0,15000000.0,1260000000,39000000.0,1221000000.0,1263000000.0,1278000000,1221000000,0,0,0,0,0,0,0,0,0,1,1,1,0,0,0,0,0,0,0,0,1,0,0,0,0,0,1,0,0,0,0,0,0,0,0,0,0,0,0,0,0,0,0,0,0,0,130.9499969482422,2021-03-31,0.3154639062337776
43,43,MSFT,2021-03-31,USD,308879000000.0,165614000000,13702000000.0,13702000000.0,2245000000.0,26322000000.0,143265000000,54945000000.0,8127000000.0,8127000000.0,49698000000.0,111705000000.0,11640000000.0,174374000000,72193000000.0,13412000000.0,8051000000.0,102181000000.0,9272000000.0,50007000000.0,67330000000.0,20647000000.0,52001000000.0,134505000000,50735000000.0,82308000000.0,7597000000,USD,28661000000,41706000000,13045000000.0,13045000000.0,17048000000,1327000000.0,5204000000.0,11613000000,-114000000.0,519000000.0,633000000.0,2936000000.0,17236000000,1779000000.0,15457000000.0,17869000000.0,20805000000,15457000000,0,0,0,0,0,0,0,0,0,0,0,0,0,0,0,0,0,0,0,0,0,0,0,0,0,0,0,0,0,0,0,0,0,0,0,0,0,0,0,0,0,0,0,0,0,0,226.2353515625,2021-03-31,0.31832441240584464
919,919,MTCH,2021-03-31,USD,3214668000.0,1204238000,845696000.0,845696000.0,1478040500.0,210679000.0,2010430000,106957000.0,226673000.0,226673000.0,1254248000.0,0.0,147863000.0,4427202000,469924000.0,13152000.0,0.0,3957278000.0,0.0,3843244000.0,3843244000.0,208571000.0,84372000.0,-1214591000,-8248654000.0,270000.0,310585000,USD,488157000,667612000,179455000.0,179455000.0,189258000,87665000.0,55576000.0,298899000,-31838000.0,0.0,31838000.0,10670000.0,156101000,-17747000.0,173848000.0,187939000.0,198609000,174250000,0,0,0,0,0,1,0,0,0,0,0,0,1,0,0,0,0,1,0,1,0,0,0,0,0,0,0,0,0,0,0,0,0,0,0,0,0,1,0,0,0,0,0,0,0,0,133.43820190429688,2021-03-31,-0.20847298446679163
423,423,NXPI,2021-03-31,USD,19392000000.0,4024000000,1842000000.0,1842000000.0,1056000000.0,833000000.0,15368000000,2304000000.0,2057000000.0,2057000000.0,9968000000.0,0.0,293000000.0,10871000000,2265000000.0,1033000000.0,0.0,8606000000.0,0.0,7611000000.0,7611000000.0,1232000000.0,910000000.0,8303000000,-4136000000.0,59000000.0,283263000,USD,1355000000,2567000000,1212000000.0,1212000000.0,492000000,222000000.0,461000000.0,863000000,-88000000.0,1000000.0,87000000.0,341000000.0,404000000,40000000.0,364000000.0,492000000.0,833000000,353000000,0,0,0,0,0,0,0,0,0,0,0,0,1,0,0,0,0,1,0,1,0,0,0,0,0,0,0,0,0,0,0,0,0,0,0,0,0,0,0,0,0,0,0,0,0,0,185.06546020507807,2021-03-31,-0.06899776970676352
989,989,PDD,2021-03-31,CNY,158908614000.0,149523878000,22421189000.0,22421189000.0,1718410000.0,4969617000.0,9384736000,879618000.0,1276751000.0,1276751000.0,4290000000.0,64551094000.0,5159531000.0,98732726000,83882077000.0,53833981000.0,2119352000.0,14850649000.0,690270000.0,11502472000.0,16967083000.0,25505554000.0,2467000.0,60175888000,-25475203000.0,159000.0,970919400,CNY,11421049000,22167099000,10746050000.0,10746050000.0,-4146956000,351855000.0,2218743000.0,15568005000,635021000.0,970477000.0,335456000.0,162881000.0,-2905416000,-781530000.0,-2905416000.0,-4146956000.0,-3984075000,-2905416000,0,0,0,0,0,0,0,0,0,0,0,1,0,0,0,0,0,0,0,0,0,0,0,0,0,0,0,0,0,0,0,0,0,0,0,0,0,0,0,0,0,0,0,0,0,0,133.8800048828125,2021-03-31,-0.7004033526480631
447,447,PYPL,2021-03-31,USD,72517000000.0,53432000000,5717000000.0,5717000000.0,1478040500.0,39028000000.0,19085000000,1806000000.0,938000000.0,938000000.0,9117000000.0,7369000000.0,1318000000.0,53076000000,41340000000.0,38514000000.0,141000000.0,11736000000.0,0.0,8942000000.0,9713000000.0,2731000000.0,0.0,19441000000,13463000000.0,8000000.0,1190000000,USD,3485000000,6033000000,2548000000.0,2548000000.0,1042000000,524000000.0,741000000.0,2443000000,-43000000.0,15000000.0,58000000.0,300000000.0,872000000,-225000000.0,1097000000.0,930000000.0,1230000000,1097000000,0,0,0,0,0,1,0,0,0,0,0,0,0,0,0,0,0,0,0,1,0,0,0,1,0,0,1,0,0,0,0,0,0,0,0,0,0,0,0,0,0,0,0,0,0,0,241.54856872558597,2021-03-31,-0.5237604853075406
471,471,QCOM,2021-03-31,USD,37168000000.0,18299000000,6000000000.0,6000000000.0,2668000000.0,3346000000.0,18869000000,4186000000.0,1662000000.0,1662000000.0,7220000000.0,5526000000.0,759000000.0,29744000000,9070000000.0,2548000000.0,500000000.0,20674000000.0,0.0,15235000000.0,15735000000.0,3721000000.0,4876000000.0,7424000000,7143000000.0,8000000.0,1151000000,USD,4503000000,7935000000,3432000000.0,3432000000.0,2166000000,557000000.0,1780000000.0,2337000000,-119000000.0,22000000.0,141000000.0,387000000.0,2129000000,367000000.0,1762000000.0,2166000000.0,2553000000,1762000000,0,0,0,0,0,0,0,0,0,0,0,0,0,0,0,0,0,0,0,1,0,0,0,0,0,0,1,0,0,0,0,0,0,0,0,0,0,0,0,0,0,0,0,0,0,0,119.61945343017578,2021-03-31,0.1731253509126136
495,495,REGN,2021-03-31,USD,17772200000.0,10055100000,1437900000.0,1437900000.0,2164700000.0,4173000000.0,7717100000,3262600000.0,986000000.0,986000000.0,4290000000.0,2065900000.0,213600000.0,5795200000,3217800000.0,542900000.0,717800000.0,2577400000.0,717800000.0,1978900000.0,2696700000.0,1492200000.0,598500000.0,11977000000,12008200000.0,100000.0,110525272,USD,2153300000,2528700000,375400000.0,375400000.0,1112700000,405600000.0,675500000.0,1040599999,-14600000.0,0.0,14600000.0,67400000.0,1253000000,137800000.0,1115200000.0,1267600000.0,1335000000,1115200000,0,0,0,0,0,0,0,0,0,1,1,1,0,0,0,0,0,0,0,0,0,0,0,0,0,0,0,0,0,0,0,0,0,0,0,0,0,1,0,0,0,0,0,0,0,0,469.9650573730469,2021-03-31,0.47613812243848375
590,590,SBUX,2021-03-31,USD,28371700000.0,6979500000,3880700000.0,3880700000.0,1503600000.0,1219400000.0,21392200000,6123100000.0,444300000.0,444300000.0,3658900000.0,123000000.0,252800000.0,36020000000,6505100000.0,1033600000.0,1314700000.0,29514900000.0,8874100000.0,14630300000.0,23522700000.0,2246400000.0,774800000.0,-7654000000,-8124300000.0,1200000.0,1184800000,USD,1852300000,6668000000,4815700000.0,4815700000.0,987600000,464400000.0,0.0,864700000,-97700000.0,17300000.0,115000000.0,384500000.0,889900000,230500000.0,659400000.0,1004900000.0,1389400000,659400000,0,0,0,0,0,0,0,0,0,0,0,0,0,0,0,0,0,0,0,0,0,0,0,0,0,0,0,0,0,0,0,0,0,0,1,0,0,0,0,0,0,0,0,0,0,0,97.42110443115234,2021-03-31,-0.15302777101018006
1004,1004,SGEN,2021-03-31,USD,3942985000.0,3103697000,373712000.0,373712000.0,146591000.0,335828000.0,839288000,254885000.0,277986000.0,277986000.0,274671000.0,2157444000.0,90122000.0,518361000,389616000.0,108048000.0,0.0,128745000.0,58293000.0,0.0,58293000.0,281568000.0,70452000.0,3424624000,-990988000.0,181000.0,181150000,USD,267848000,331983000,64135000.0,64135000.0,-122420000,159842000.0,230426000.0,390268000,0.0,0.0,58000000.0,18633000.0,-121420000,-1000000.0,-121420000.0,-123420000.0,-104787000,-121420000,0,0,0,0,0,0,0,0,0,0,0,0,0,0,0,0,0,1,0,0,1,0,0,0,0,0,0,0,0,0,0,0,0,0,0,0,1,1,1,0,0,0,0,0,0,0,,,
542,542,SIRI,2021-03-31,USD,9988000000.0,905000000,59000000.0,59000000.0,8000000.0,611000000.0,9083000000,1795000000.0,3302000000.0,3302000000.0,3128000000.0,0.0,11000000.0,12591000000,2850000000.0,1057000000.0,49000000.0,9741000000.0,454000000.0,8878000000.0,9333000000.0,80000000.0,671000000.0,-2603000000,-2614000000.0,4000000.0,422200000,USD,1033000000,2058000000,1025000000.0,1025000000.0,254000000,121000000.0,64000000.0,779000000,-100000000.0,0.0,100000000.0,147000000.0,157000000,-62000000.0,219000000.0,257000000.0,404000000,219000000,0,0,0,0,0,0,0,0,0,0,0,0,1,0,0,0,0,0,0,0,0,0,0,0,0,0,0,0,0,0,0,0,0,0,0,0,0,1,0,0,0,0,0,0,0,0,51.11711502075195,2021-03-31,0.14125288385225576
566,566,SWKS,2021-03-31,USD,5734400000.0,2804700000,1059900000.0,1059900000.0,739800000.0,499000000.0,2929700000,1564600000.0,39100000.0,39100000.0,1189800000.0,359700000.0,146300000.0,1022100000,538400000.0,276200000.0,31300000.0,483700000.0,179600000.0,0.0,179600000.0,157300000.0,31200000.0,4712300000,5489100000.0,41300000.0,166800000,USD,575600000,1171800000,596200000.0,596200000.0,374700000,70000000.0,130699999.0,200900000,0.0,0.0,800000.0,89300000.0,375500000,50500000.0,325000000.0,375500000.0,464800000,325000000,0,0,0,0,0,0,0,0,0,0,0,0,0,0,0,0,0,0,0,0,1,0,0,0,0,0,0,0,0,0,0,0,0,0,0,0,1,1,0,0,0,0,0,0,0,0,159.746337890625,2021-03-31,-0.2635872243898637
163,163,ADI,2021-04-30,USD,21588217000.0,2902800000,1305216000.0,1305216000.0,641202000.0,814135000.0,18685417000,1160586000.0,3393546000.0,3393546000.0,12282465000.0,94033000.0,142247000.0,9421113000,2776829000.0,279222000.0,1324451000.0,6644284000.0,0.0,3823595000.0,5148046000.0,1001975000.0,987169000.0,12167104000,7564054000.0,61472000.0,372418000,USD,1136637000,1661407000,524770000.0,524770000.0,519690000,206612000.0,302238000.0,616947000,-42776000.0,290000.0,43066000.0,198167000.0,475985000,53080000.0,422905000.0,519051000.0,717218000,422905000,0,0,0,0,0,0,0,0,0,0,0,0,0,0,0,0,0,0,0,1,0,0,0,0,0,0,0,0,0,0,0,0,0,0,0,0,0,0,0,0,0,0,0,0,0,0,140.51292419433594,2021-04-30,0.025377321660980945
210,210,ADSK,2021-04-30,USD,7298300000.0,1505400000,923200000.0,923200000.0,1478040500.0,326100000.0,5792900000,197300000.0,173900000.0,173900000.0,3484000000.0,0.0,256100000.0,6169900000,3130100000.0,124000000.0,76000000.0,3039800000.0,453300000.0,1637900000.0,2091200000.0,341600000.0,164900000.0,1128400000,-1409300000.0,2639400000.0,222000000,USD,893700000,994800000,101100000.0,101100000.0,152300000,111900000.0,265500000.0,741400000,-2400000.0,0.0,10600000.0,33000000.0,131400000,-24200000.0,155600000.0,142000000.0,175000000,155600000,0,0,0,0,0,1,0,0,0,0,0,0,0,0,0,0,0,0,0,0,0,0,0,0,0,0,0,0,0,0,0,0,0,0,0,0,0,1,0,0,0,0,0,0,0,0,291.9100036621094,2021-04-30,-0.3515809790527371
187,187,AMAT,2021-04-30,USD,24085000000.0,14971000000,6305000000.0,6305000000.0,4053000000.0,3375000000.0,9114000000,1768000000.0,127000000.0,127000000.0,3479000000.0,460000000.0,778000000.0,12092000000,4822000000.0,1307000000.0,65000000.0,7270000000.0,253000000.0,5450000000.0,5515000000.0,1744000000.0,1820000000.0,11993000000,29247000000.0,9000000.0,927000000,USD,2653000000,5582000000,2929000000.0,2929000000.0,1579000000,149000000.0,617000000.0,1074000000,-34000000.0,27000000.0,61000000.0,97000000.0,1545000000,215000000.0,1330000000.0,1603000000.0,1700000000,1330000000,0,0,0,0,0,0,0,0,0,0,0,0,0,0,0,0,0,0,0,0,0,0,0,0,0,0,0,0,0,0,0,0,0,0,0,0,0,0,0,0,0,0,0,0,0,0,127.17169189453124,2021-04-30,-0.1626560834448001
706,706,AVGO,2021-04-30,USD,75524000000.0,14245000000,9518000000.0,9518000000.0,1004000000.0,2425000000.0,61279000000,2416000000.0,14068000000.0,14068000000.0,43457000000.0,0.0,1298000000.0,51558000000,6436000000.0,830000000.0,278000000.0,45122000000.0,0.0,40160000000.0,40438000000.0,1919000000.0,4962000000.0,23966000000,0.0,8000000.0,4300751790,USD,4057000000,6610000000,2553000000.0,2553000000.0,1975000000,325000000.0,1238000000.0,2082000000,-466000000.0,0.0,466000000.0,1504000000.0,1486000000,-7000000.0,1493000000.0,1952000000.0,3456000000,1493000000,0,0,0,0,0,0,0,0,0,0,0,0,1,0,0,0,0,0,0,1,0,0,0,0,0,0,1,0,0,0,0,0,0,0,0,0,0,1,0,0,0,0,0,0,0,0,41.36089706420898,2021-04-30,0.2500109061452649
800,800,CPRT,2021-04-30,USD,4281946000.0,1499371000,911890000.0,911890000.0,39229000.0,445461000.0,2782575000,2227531000.0,42535000.0,42535000.0,347515000.0,0.0,102791000.0,1032569000,413045000.0,359239000.0,24006000.0,619524000.0,132493000.0,397633000.0,530126000.0,-24006000.0,164124000.0,3249377000,2617436000.0,24000.0,960832000,USD,381341000,733910000,352569000.0,352569000.0,328111000,53230000.0,0.0,53230000,-5346000.0,0.0,5346000.0,31966000.0,323535000,36739000.0,286796000.0,328881000.0,360847000,286796000,0,0,0,0,0,0,0,0,0,0,0,0,1,0,0,0,0,0,0,0,0,0,0,0,0,0,0,0,0,0,0,0,0,0,1,0,0,1,0,0,0,0,0,0,0,0,31.127500534057617,2021-04-30,-0.08722191329230944
1091,1091,CRWD,2021-04-30,USD,2881171000.0,1952615000,1684997000.0,1684997000.0,85388000.0,211233000.0,928555999,191310000.0,88851000.0,88851000.0,374581000.0,8165000.0,56385000.0,2027774000,982765000.0,3468000.0,9333000.0,1045009000.0,40791000.0,738400000.0,779191000.0,183171000.0,266656000.0,849264000,-815165000.0,113000.0,224153000,USD,224338000,302843000,78505000.0,78505000.0,-31347000,42374000.0,78180000.0,255685000,-6230000.0,0.0,6230000.0,14372000.0,-32809000,50062000.0,-82871000.0,-26579000.0,-12207000,-85049000,0,0,0,0,0,0,0,0,0,0,0,0,0,0,0,0,0,0,0,0,0,0,0,0,0,0,0,0,0,0,0,0,0,0,0,0,0,1,0,0,0,0,0,0,0,0,208.50999450683597,2021-04-30,-0.04676034845744692
1283,1283,CSCO,2021-04-30,USD,93896000000.0,37060000000,7350000000.0,7350000000.0,1579000000.0,9073000000.0,56836000000,2367000000.0,3716000000.0,3716000000.0,37690000000.0,16229000000.0,2829000000.0,53691000000,24262000000.0,2440000000.0,2000000000.0,29429000000.0,0.0,9532000000.0,11532000000.0,7577000000.0,19897000000.0,40205000000,-1456000000.0,41949000000.0,4238000000,USD,8185000000,12803000000,4618000000.0,4618000000.0,3465000000,603000000.0,1697000000.0,4720000000,42000000.0,153000000.0,111000000.0,486000000.0,3591000000,728000000.0,2863000000.0,3702000000.0,4188000000,2863000000,0,0,0,0,0,0,0,0,0,0,0,0,0,0,0,0,0,0,0,1,0,0,0,0,0,0,0,0,0,0,0,0,0,0,0,0,0,0,0,0,0,0,0,0,0,0,44.364990234375,2021-04-30,-0.012191986666226229
305,305,INTU,2021-04-30,USD,15758000000.0,5327000000,3164000000.0,3164000000.0,1478040500.0,558000000.0,10431000000,791000000.0,3321000000.0,3321000000.0,5614000000.0,952000000.0,653000000.0,5803000000,2712000000.0,601000000.0,74000000.0,3091000000.0,439000000.0,2033000000.0,2472000000.0,821000000.0,421000000.0,9955000000,12081000000.0,10382000000.0,276000000,USD,3578000000,4173000000,595000000.0,595000000.0,1914000000,289000000.0,464000000.0,1664000000,7000000.0,14000000.0,7000000.0,113000000.0,1921000000,457000000.0,1464000000.0,1928000000.0,2041000000,1464000000,0,0,0,0,0,1,0,0,0,0,0,0,0,0,0,0,0,0,0,0,0,0,0,0,0,0,0,0,0,0,0,0,0,0,0,0,0,0,0,0,0,0,0,0,0,0,399.9100036621094,2021-04-30,0.021055075944439672
895,895,MRVL,2021-04-30,USD,21229937000.0,1887811000,522512000.0,522512000.0,538117000.0,694395000.0,19342126000,2047000000.0,6840474000.0,6840474000.0,10965666000.0,115663000.0,132787000.0,6374567000,1160103000.0,304425000.0,262374000.0,5214464000.0,0.0,0.0,5088609000.0,414631000.0,0.0,14855370000,1974642000.0,1633000.0,693400000,USD,418200000,832300000,414100000.0,414100000.0,-82300000,368000000.0,286100000.0,500500000,0.0,0.0,35100000.0,180400000.0,-116000000,-27800000.0,471000000.0,-80900000.0,99500000,-88200000,0,0,0,0,0,0,0,0,1,0,0,0,0,0,0,0,0,0,0,1,1,0,0,1,0,0,0,0,0,0,0,0,0,1,0,0,1,1,0,0,0,0,1,0,0,0,44.36437225341797,2021-04-30,0.2893265899984645
399,399,NVDA,2021-04-30,USD,30796000000.0,18127000000,978000000.0,978000000.0,1992000000.0,3024000000.0,12669000000,2268000000.0,2613000000.0,2613000000.0,4193000000.0,11689000000.0,132000000.0,12022000000,4004000000.0,1218000000.0,1134000000.0,8018000000.0,775000000.0,5964000000.0,7738000000.0,1319000000.0,2054000000.0,18774000000,20721000000.0,1000000.0,25280000000,USD,3629000000,5661000000,2032000000.0,2032000000.0,1956000000,520000000.0,1153000000.0,1673000000,-47000000.0,6000000.0,53000000.0,281000000.0,2044000000,132000000.0,1912000000.0,2097000000.0,2378000000,1912000000,0,0,0,0,0,0,0,0,0,0,0,0,0,0,0,0,0,0,0,0,0,0,0,0,0,0,0,0,0,0,0,0,0,0,0,0,0,0,0,0,0,0,0,0,0,0,14.972574234008787,2021-04-30,0.2365473829675917
966,966,OKTA,2021-04-30,USD,3430447000.0,3012139000,659886000.0,659886000.0,1478040500.0,218474000.0,418308000,62515000.0,24190000.0,24190000.0,48023000.0,2030180000.0,103599000.0,2747669000,800461000.0,9542000.0,20781000.0,1947208000.0,173467000.0,1751326000.0,1945574000.0,156971000.0,195882000.0,682778000,-1076688000.0,14000.0,131777000,USD,184883000,251006000,66123000.0,66123000.0,-90681000,60180000.0,68863000.0,275564000,-18405000.0,4355000.0,22760000.0,13134000.0,-109222000,10000.0,-109232000.0,-86462000.0,-73328000,-109232000,0,0,0,0,0,1,0,0,0,0,0,0,0,0,0,0,0,0,0,0,0,0,0,0,0,0,0,0,0,0,0,0,0,0,0,0,0,0,0,0,0,0,0,0,0,0,269.70001220703125,2021-04-30,-0.5576196063832315
1139,1139,PANW,2021-04-30,USD,9562100000.0,4140900000,1886100000.0,1886100000.0,1478040500.0,766800000.0,5421200000,322700000.0,530300000.0,530300000.0,2713100000.0,1059300000.0,428700000.0,8564900000,3007300000.0,71800000.0,317000000.0,5557600000.0,317700000.0,3190600000.0,3508300000.0,514300000.0,95500000.0,997200000,-1547500000.0,2541100000.0,581400000,USD,743300000,1073900000,330600000.0,330600000.0,-110400000,94700000.0,311000000.0,853700000,-41000000.0,1800000.0,41000000.0,80600000.0,-150400000,-5300000.0,-145100000.0,-110800000.0,-30200000,-145100000,0,0,0,0,0,1,0,0,0,0,0,0,0,0,0,0,0,0,0,0,0,0,0,0,0,0,0,0,0,0,0,0,0,0,0,0,0,0,0,0,0,0,0,0,0,0,58.89833450317383,2021-04-30,0.5882735869433922
518,518,ROST,2021-04-30,USD,13395863000.0,7431528000,5367006000.0,5367006000.0,1697992000.0,167139000.0,5964335000,2047000000.0,986000000.0,986000000.0,4290000000.0,0.0,199391000.0,9743042000,4318395000.0,2574780000.0,664775000.0,5424647000.0,0.0,0.0,5656341000.0,906564000.0,0.0,3652821000,2560623000.0,3571000.0,355367000,USD,1317684000,4516080000,3198396000.0,3198396000.0,642631000,368000000.0,0.0,675053000,0.0,0.0,19285000.0,87510000.0,623582000,147103000.0,471000000.0,642867000.0,730377000,476479000,0,0,0,0,0,0,0,0,1,1,1,1,1,0,0,0,0,0,0,1,1,0,0,1,0,0,0,0,0,0,0,0,0,1,1,0,1,1,0,0,0,0,1,0,0,0,124.12166595458984,2021-04-30,-0.22965374065508526
1020,1020,SPLK,2021-04-30,USD,5297865000.0,3018197000,1845198000.0,1845198000.0,114715000.0,775942000.0,2279668000,138958000.0,191314000.0,191314000.0,1334888000.0,20196000.0,376861000.0,4051634000,1398153000.0,48849000.0,226019000.0,2653481000.0,226019000.0,2329193000.0,2555212000.0,425390000.0,238100000.0,1246231000,-2940452000.0,164000.0,163169000,USD,330145000,502051000,171906000.0,171906000.0,-435347000,162186000.0,247198000.0,765492000,-33211000.0,379000.0,33590000.0,60459.0,-469781000,1220000.0,-471001000.0,-410455459.0,-410395000,-471001000,0,0,0,0,0,0,0,0,0,0,0,0,0,0,0,0,0,0,0,0,0,0,0,0,0,0,0,0,0,0,0,0,0,0,0,0,0,0,0,0,0,0,0,0,0,0,,,
1044,1044,WDAY,2021-04-30,USD,8624007000.0,3781969000,959358000.0,959358000.0,1478040500.0,647163000.0,4842038000,1155697000.0,418223000.0,418223000.0,2362166000.0,2035171000.0,140277000.0,5218566000,4210755000.0,48097000.0,1272828000.0,1007811000.0,294674000.0,673273000.0,2159669000.0,528735000.0,334538000.0,3405441000,-2820480000.0,246000.0,243739000,USD,841980000,1175033000,333053000.0,333053000.0,-38313000,112183000.0,441616000.0,880293000,-2174000.0,2003000.0,4177000.0,82463000.0,-47364000,-842000.0,-46522000.0,-43187000.0,39276000,-46522000,0,0,0,0,0,1,0,0,0,0,0,0,0,0,0,0,0,0,0,0,0,0,0,0,0,0,0,0,0,0,0,0,0,0,0,0,0,0,0,0,0,0,0,0,0,0,247.0,2021-04-30,-0.16315790709213684
1068,1068,ZM,2021-04-30,USD,5888611000.0,5340896000,1557270000.0,1557270000.0,282450000.0,385611000.0,547715000,192410000.0,10655000.0,10655000.0,24340000.0,3132309000.0,265706000.0,1695878000,1528336000.0,8324000.0,16476000.0,167542000.0,86433000.0,0.0,102909000.0,383835000.0,167542000.0,4192733000,899999000.0,293000.0,305412419,USD,691243000,956237000,264994000.0,264994000.0,226312000,154089000.0,65175000.0,464931000,2619000.0,2619000.0,2619000.0,10663000.0,228931000,1400000.0,227531000.0,226312000.0,236975000,227531000,0,0,0,0,0,0,0,0,0,0,0,0,0,0,0,0,0,0,0,0,1,0,0,0,0,0,0,0,0,0,0,0,0,0,0,0,0,0,0,0,0,0,0,0,0,0,319.57000732421875,2021-04-30,-0.688425079285348
1163,1163,ZS,2021-04-30,USD,2062276000.0,1705501000,106590000.0,106590000.0,44541000.0,164923000.0,356775000,106812000.0,26495000.0,26495000.0,53291000.0,1361019000.0,77741000.0,1554169000,564879000.0,20172000.0,20974000.0,989290000.0,56446000.0,900263000.0,956709000.0,77898000.0,89027000.0,508107000,-520577000.0,137000.0,136385000,USD,137354000,176404000,39050000.0,39050000.0,-43850000,24595000.0,40952000.0,181204000,-12843000.0,593000.0,13436000.0,25760000.0,-56622000,1837000.0,-58459000.0,-43186000.0,-17426000,-58459000,0,0,0,0,0,0,0,0,0,0,0,0,0,0,0,0,0,0,0,0,0,0,0,0,0,0,0,0,0,0,0,0,0,0,0,0,0,0,0,0,0,0,0,0,0,0,187.63999938964844,2021-04-30,0.08047327943206484
66,66,ADBE,2021-05-31,USD,25582000000.0,8078000000,4250000000.0,4250000000.0,1478040500.0,1477000000.0,17504000000,2031000000.0,1641000000.0,1641000000.0,11859000000.0,1518000000.0,833000000.0,11730000000,6145000000.0,312000000.0,96000000.0,5585000000.0,573000000.0,4120000000.0,4693000000.0,1538000000.0,259000000.0,13852000000,21538000000.0,8000000.0,481000000,USD,3391000000,3835000000,444000000.0,444000000.0,1406000000,256000000.0,620000000.0,1985000000,-28000000.0,0.0,28000000.0,208000000.0,1386000000,270000000.0,1116000000.0,1414000000.0,1622000000,1116000000,0,0,0,0,0,1,0,0,0,0,0,0,0,0,0,0,0,0,0,0,0,0,0,0,0,0,1,0,0,0,0,0,0,0,0,0,0,1,0,0,0,0,0,0,0,0,495.9100036621094,2021-06-01,-0.16017017621992002
753,753,CTAS,2021-05-31,USD,8555477999.0,1953805000,493640000.0,493640000.0,481797000.0,923992000.0,6601672999,1402270000.0,491720000.0,491720000.0,2913069000.0,274616000.0,54376000.0,4867631000,1934085000.0,230786000.0,942920000.0,2933546000.0,174624000.0,1642833000.0,2716527000.0,738097000.0,585411000.0,3687847000,7877015000.0,1417343000.0,430904000,USD,859050000,1835661000,976611000.0,976611000.0,356446000,502604000.0,22300000.0,502604000,-24453000.0,98000.0,24551000.0,98130000.0,331993000,64271000.0,267722000.0,356544000.0,454674000,267722000,0,0,0,0,0,0,0,0,0,0,0,0,0,0,0,0,0,0,0,0,0,0,0,0,0,0,0,0,0,0,0,0,0,0,0,0,0,0,0,0,0,0,0,0,0,0,84.4644775390625,2021-06-01,0.1395377153568338
776,776,STZ,2021-05-31,USD,26192400000.0,3313100000,503800000.0,503800000.0,1377600000.0,922800000.0,22879300000,5392200000.0,2731800000.0,2731800000.0,7808900000.0,2656000000.0,508900000.0,13594800000,2062800000.0,821100000.0,529400000.0,11532000000.0,0.0,9914800000.0,10444200000.0,712300000.0,0.0,12261600000,14063600000.0,2200000.0,193849000,USD,1078500000,2026700000,948200000.0,948200000.0,678200000,378300000.0,0.0,400300000,-86700000.0,985900000.0,86700000.0,77200000.0,-910800000,-13500000.0,-897300000.0,-824100000.0,-746900000,-908100000,0,0,0,0,0,0,0,0,0,0,0,0,0,0,0,0,0,0,0,1,0,0,0,1,0,0,0,0,0,0,0,0,0,0,1,0,0,0,0,0,0,0,0,0,0,0,218.62469482421875,2021-06-01,0.04816535532211952
1258,1258,AAPL,2021-06-30,USD,329840000000.0,114423000000,34050000000.0,34050000000.0,5178000000.0,33908000000.0,215417000000,38615000000.0,986000000.0,986000000.0,4290000000.0,27646000000.0,13641000000.0,265560000000,107754000000.0,40409000000.0,16039000000.0,157806000000.0,0.0,105752000000.0,121791000000.0,43625000000.0,27131000000.0,64280000000,9233000000.0,54989000000.0,16781735000,USD,35255000000,81434000000,46179000000.0,46179000000.0,24126000000,5412000000.0,5717000000.0,11129000000,54000000.0,719000000.0,665000000.0,2832000000.0,24369000000,2625000000.0,21744000000.0,25034000000.0,27866000000,21744000000,0,0,0,0,0,0,0,0,0,1,1,1,0,0,0,0,0,0,0,1,0,0,0,0,0,0,0,0,0,0,0,0,0,0,0,0,0,0,0,0,0,0,0,0,0,0,133.62503051757812,2021-06-30,0.003950783636415434
233,233,ADP,2021-06-30,USD,48772500000.0,40741800000,2575200000.0,2575200000.0,34905800000.0,2727400000.0,8030700000,1146700000.0,1210100000.0,1210100000.0,2338400000.0,10400000.0,35439200000.0,43102400000,38094800000.0,141100000.0,23500000.0,5007600000.0,343200000.0,2985000000.0,3351700000.0,37668100000.0,834100000.0,5670100000,19451100000.0,63900000.0,425900000,USD,1699800000,3736900000,2037100000.0,2037100000.0,690700000,840700000.0,194900000.0,1009100000,-9700000.0,7500000.0,17200000.0,126000000.0,697100000,158900000.0,538200000.0,714300000.0,840300000,538200000,0,0,0,0,0,0,0,0,0,0,0,0,0,0,0,0,0,0,0,0,0,0,0,0,0,0,0,0,0,0,0,0,0,0,0,0,0,0,0,0,0,0,0,0,0,0,180.80718994140625,2021-06-30,0.07746143680091278
661,661,AEP,2021-06-30,USD,84358200000.0,4605800000,312700000.0,312700000.0,1188400000.0,2073800000.0,79752400000,66462100000.0,986000000.0,986000000.0,52500000.0,221700000.0,809200000.0,62728300000,10428600000.0,1641600000.0,5829200000.0,52299700000.0,811100000.0,30659300000.0,37056900000.0,1364200000.0,12977100000.0,21378700000,11098700000.0,3382700000.0,500983778,USD,1145300000,3809900000,2664600000.0,2664600000.0,791200000,566900000.0,0.0,354100000,-301600000.0,0.0,299800000.0,725000000.0,635000000,61200000.0,573800000.0,904400000.0,1629400000,578200000,0,0,0,0,0,0,0,0,0,1,1,0,0,0,0,0,0,0,0,0,0,0,0,0,0,0,0,0,0,0,0,0,0,0,1,0,0,1,0,0,0,0,0,0,0,0,71.12709045410156,2021-06-30,0.17363755621987886
637,637,ALGN,2021-06-30,USD,5395568000.0,2231825000,1086357000.0,1086357000.0,178751000.0,808079000.0,3163743000,1054277000.0,117721000.0,117721000.0,432179000.0,0.0,158638000.0,2011158000,1696581000.0,225079000.0,22547000.0,314577000.0,74184000.0,74184000.0,96731000.0,359719000.0,127087000.0,3384410000,2458955000.0,8000.0,79638000,USD,758538000,1010808000,252270000.0,252270000.0,268902000,431921000.0,57715000.0,489636000,383000.0,383000.0,100000.0,25892000.0,268802000,69088000.0,199714000.0,268902000.0,294794000,199714000,0,0,0,0,0,0,0,0,0,0,0,0,1,0,0,0,0,0,0,0,0,0,0,0,0,0,0,0,0,0,0,0,0,0,0,0,0,0,0,0,0,0,0,0,0,0,611.0,2021-06-30,-0.6126513941588456
613,613,AMD,2021-06-30,USD,10691000000.0,7818000000,2623000000.0,2623000000.0,1765000000.0,2026000000.0,2873000000,918000000.0,204000000.0,204000000.0,289000000.0,1170000000.0,234000000.0,3626000000,2892000000.0,836000000.0,0.0,734000000.0,240000000.0,313000000.0,553000000.0,2056000000.0,181000000.0,7065000000,-3348000000.0,12000000.0,1232000000,USD,1830000000,3850000000,2020000000.0,2020000000.0,831000000,341000000.0,659000000.0,999000000,-10000000.0,0.0,10000000.0,110000000.0,821000000,113000000.0,710000000.0,831000000.0,941000000,710000000,0,0,0,0,0,0,0,0,0,0,0,0,0,0,0,0,0,1,0,0,0,0,0,0,0,0,0,0,0,0,0,0,0,0,0,0,0,1,0,0,0,0,0,0,0,0,93.93000030517578,2021-06-30,-0.18588309408863657
138,138,AMGN,2021-06-30,USD,59773000000.0,19099000000,6630000000.0,6630000000.0,4115000000.0,4479000000.0,40674000000,4906000000.0,15308000000.0,15308000000.0,14676000000.0,1452000000.0,2423000000.0,51526000000,14585000000.0,1277000000.0,4324000000.0,36941000000.0,0.0,28458000000.0,32782000000.0,8984000000.0,2055000000.0,8247000000,-22762000000.0,31877000000.0,576000000,USD,4889000000,6526000000,1637000000.0,1637000000.0,828000000,1384000000.0,1082000000.0,4061000000,-281000000.0,0.0,281000000.0,855000000.0,558000000,94000000.0,464000000.0,839000000.0,1694000000,464000000,0,0,0,0,0,0,0,0,0,0,0,0,0,0,0,0,0,0,0,1,0,0,0,0,0,0,0,0,0,0,0,0,0,0,0,0,0,1,0,0,0,0,0,0,0,0,209.81265258789065,2021-06-30,0.031222705105247828
114,114,AMZN,2021-06-30,USD,360319000000.0,140848000000,40380000000.0,40380000000.0,24119000000.0,26835000000.0,219471000000,176848000000.0,986000000.0,986000000.0,15350000000.0,49514000000.0,6335000000.0,245516000000,117792000000.0,66090000000.0,15814000000.0,127724000000.0,56297000000.0,50279000000.0,106576000000.0,41007000000.0,21148000000.0,114803000000,68436000000.0,5000000.0,10280000000,USD,48904000000,113080000000,64176000000.0,64176000000.0,7702000000,2158000000.0,11794000000.0,41097895000,-329000000.0,106000000.0,435000000.0,8038000000.0,8646000000,868000000.0,7778000000.0,7702000000.0,15740000000,7778000000,0,0,0,0,0,0,0,0,0,1,1,0,0,0,0,0,0,0,0,0,0,0,0,0,0,0,0,0,0,0,0,0,0,0,0,0,0,0,0,0,0,0,0,0,0,0,172.00799560546875,2021-06-30,-0.3825287091416124
682,682,ANSS,2021-06-30,USD,5890772000.0,1622364000,957704000.0,957704000.0,1478040500.0,608897000.0,4268408000,217195000.0,689398000.0,689398000.0,3110736000.0,504000.0,55259000.0,1640554000,595385000.0,9608000.0,34301000.0,1045169000.0,108207000.0,753327000.0,861534000.0,213080000.0,79986000.0,4250218000,3970707000.0,953000.0,88053000,USD,382496000,446654000,64158000.0,64158000.0,116773000,160410000.0,100879000.0,265723000,-2850000.0,486000.0,3336000.0,32465000.0,128860000,35144000.0,93716000.0,111372000.0,143837000,93716000,0,0,0,0,0,1,0,0,0,0,0,0,0,0,0,0,0,0,0,0,0,0,0,0,0,0,0,0,0,0,0,0,0,0,0,0,0,0,0,0,0,0,0,0,0,0,,,
1234,1234,AZN,2021-06-30,USD,73641000000.0,27274000000,15567000000.0,15567000000.0,4762000000.0,6356000000.0,46367000000,2047000000.0,20006000000.0,20006000000.0,11798000000.0,62000000.0,527000000.0,57948000000,22222000000.0,17729000000.0,2894000000.0,35726000000.0,0.0,0.0,27495000000.0,819000000.0,0.0,15676000000,5335000000.0,328000000.0,2636000000,USD,6029000000,8220000000,2191000000.0,2191000000.0,1127000000,3098000000.0,1829000000.0,4902000000,0.0,0.0,326000000.0,753000000.0,764000000,214000000.0,471000000.0,1090000000.0,1843000000,550000000,0,0,0,0,0,0,0,0,1,0,0,0,0,0,0,0,0,0,0,1,1,0,0,1,0,0,0,0,0,0,0,0,0,0,0,0,1,1,0,0,0,0,1,0,0,0,107.83318328857422,2021-06-30,0.13023231857056405
1306,1306,BIDU,2021-06-30,CNY,389287000000.0,199934000000,42896000000.0,42896000000.0,10652000000.0,10063000000.0,189353000000,28612000000.0,17273000000.0,17273000000.0,22592000000.0,126387000000.0,9936000000.0,149959000000,64798000000.0,38276000000.0,11212000000.0,85161000000.0,7191000000.0,73291000000.0,89199000000.0,1802000000.0,91000000.0,228907000000,160300000000.0,228907000000.0,347750000,CNY,15453000000,31350000000,15897000000.0,15897000000.0,3463000000,5707000000.0,6283000000.0,11990000000,497000000.0,1342000000.0,845000000.0,4453500000.0,1033000000,2197000000.0,-1164000000.0,1878000000.0,6331500000,-583000000,0,0,0,0,0,0,0,0,0,0,0,0,0,0,0,0,0,0,0,0,0,0,0,0,0,0,0,0,0,0,0,0,0,0,0,0,0,0,0,0,0,0,0,0,0,0,203.8999938964844,2021-06-30,-0.2705738098106759
1330,1330,BIIB,2021-06-30,USD,24470400000.0,7183700000,1742000000.0,1742000000.0,1254800000.0,2110200000.0,17286700000,3844700000.0,2385000000.0,2385000000.0,5763900000.0,1308800000.0,767900000.0,13255600000,3347200000.0,375300000.0,7269000000.0,9908400000.0,363900000.0,7269200000.0,14538200000.0,2971900000.0,1356400000.0,10751900000,13900700000.0,100000.0,150100000,USD,2315300000,2775000000,459700000.0,459700000.0,470800000,637300000.0,1207200000.0,1844500000,-53700000.0,2700000.0,56400000.0,117200000.0,616400000,-409100000.0,1025500000.0,504000000.0,621200000,448500000,0,0,0,0,0,0,0,0,0,0,0,0,0,0,0,0,0,0,0,0,0,0,0,0,0,0,0,0,0,0,0,0,0,0,0,0,0,0,0,0,0,0,0,0,0,0,346.2699890136719,2021-06-30,-0.411037603858433
729,729,CDNS,2021-06-30,USD,4122548000.0,1457067000,847160000.0,847160000.0,90479000.0,389986000.0,2665481000,301979000.0,264789000.0,264789000.0,929525000.0,0.0,129442000.0,1605805000,926716000.0,312800000.0,312800000.0,679089000.0,0.0,347186000.0,659986000.0,27807000.0,233495000.0,2516743000,2693402000.0,2354801000.0,278558000,USD,651568000,728285000,76717000.0,76717000.0,185438000,40333000.0,285227000.0,466130000,-4316000.0,0.0,4316000.0,35234000.0,183265000,27365000.0,155900000.0,187581000.0,222815000,155900000,0,0,0,0,0,0,0,0,0,0,0,0,1,0,0,0,0,0,0,1,0,0,0,0,0,0,0,0,0,0,0,0,0,0,0,0,0,1,0,0,0,0,0,0,0,0,136.82000732421875,2021-06-30,0.09655014433506603
1354,1354,CHTR,2021-06-30,USD,144026000000.0,4682000000,1711000000.0,1711000000.0,1478040500.0,2583000000.0,139344000000,35494000000.0,72109000000.0,72109000000.0,29554000000.0,135869000000.0,388000000.0,119940000000,10038000000.0,704000000.0,1260000000.0,109902000000.0,258000000.0,86962000000.0,88222000000.0,6959000000.0,4262000000.0,19342000000,-3368000000.0,8000000.0,199077390,USD,4975000000,12802000000,7827000000.0,7827000000.0,2566000000,741000000.0,0.0,2409000000,-1004000000.0,0.0,1004000000.0,2354000000.0,1439000000,281000000.0,1158000000.0,2443000000.0,4797000000,1020000000,0,0,0,0,0,1,0,0,0,0,0,0,0,0,0,0,0,0,0,0,0,0,0,0,0,0,1,0,0,0,0,0,0,0,1,0,0,1,0,0,0,0,0,0,0,0,721.4500122070312,2021-06-30,-0.35057177787551974
1114,1114,DDOG,2021-06-30,USD,2076733000.0,1642386000,247442000.0,247442000.0,1.0,188326000.0,434347000,109744000.0,11743000.0,11743000.0,258682000.0,1162717000.0,43901000.0,1163854000,381057000.0,29257000.0,16626000.0,782797000.0,59074000.0,733805000.0,792879000.0,70524000.0,5267000.0,912879000,-153791000.0,3000.0,308019000,USD,176451000,233549000,57098000.0,57098000.0,-9886000,21146000.0,94779000.0,186337000,178000.0,5242000.0,5064000.0,5463000.0,-9658000,-296000.0,-9362000.0,-4594000.0,869000,-9362000,0,0,0,0,0,0,0,0,0,0,0,0,0,0,0,0,0,0,0,0,0,0,0,0,0,0,0,0,0,0,0,0,0,0,0,0,0,0,0,0,0,0,0,0,0,0,104.08000183105467,2021-06-30,-0.08493470226522937
257,257,FISV,2021-06-30,USD,75776000000.0,17727000000,841000000.0,841000000.0,94680000.0,2663000000.0,58049000000,2047000000.0,14711000000.0,14711000000.0,36668000000.0,0.0,14128320000.0,42983000000,17251000000.0,479000000.0,418000000.0,25732000000.0,0.0,0.0,20843000000.0,14943000000.0,0.0,31793000000,14014000000.0,8000000.0,672700000,USD,2084000000,4051000000,1967000000.0,1967000000.0,644000000,368000000.0,0.0,1440000000,0.0,0.0,176000000.0,813000000.0,512000000,228000000.0,471000000.0,646000000.0,1459000000,269000000,0,0,0,0,0,0,0,0,1,0,0,0,1,0,0,0,0,0,0,1,1,0,0,1,0,0,0,0,0,0,0,0,0,1,1,0,1,1,0,0,0,0,1,0,0,0,106.88999938964844,2021-06-30,-0.16764896876480606
823,823,FTNT,2021-06-30,USD,5558900000.0,3908200000,1879300000.0,1879300000.0,149800000.0,584600000.0,1650700000,506500000.0,28700000.0,28700000.0,99200000.0,1233900000.0,60600000.0,4508700000,1998500000.0,132000000.0,0.0,2510200000.0,0.0,987500000.0,987500000.0,238300000.0,55100000.0,1050200000,-195700000.0,200000.0,835400000,USD,614200000,801100000,186900000.0,186900000.0,147500000,34400000.0,106600000.0,466700000,-3300000.0,1200000.0,4500000.0,18900000.0,145000000,7500000.0,137500000.0,149500000.0,168400000,137500000,0,0,0,0,0,0,0,0,0,0,0,0,0,0,0,0,0,1,0,1,0,0,0,0,0,0,0,0,0,0,0,0,0,0,0,0,0,0,0,0,0,0,0,0,0,0,47.63800048828125,2021-06-30,0.18770731876064217
281,281,GILD,2021-06-30,USD,67984000000.0,13925000000,4893000000.0,4893000000.0,1772000000.0,4149000000.0,54059000000,4996000000.0,34341000000.0,34341000000.0,8334000000.0,1632000000.0,1479000000.0,48274000000,10214000000.0,608000000.0,2261000000.0,38060000000.0,0.0,27914000000.0,30175000000.0,6906000000.0,1176000000.0,19703000000,15392000000.0,1000000.0,1260000000,USD,4827000000,6217000000,1390000000.0,1390000000.0,2246000000,1351000000.0,1092000000.0,2581000000,-256000000.0,0.0,256000000.0,519000000.0,1817000000,300000000.0,1517000000.0,2073000000.0,2592000000,1522000000,0,0,0,0,0,0,0,0,0,0,0,0,0,0,0,0,0,0,0,1,0,0,0,0,0,0,0,0,0,0,0,0,0,0,0,0,0,1,0,0,0,0,0,0,0,0,58.07844924926758,2021-06-30,-0.06085977348842031
90,90,GOOGL,2021-06-30,USD,335387000000.0,175697000000,23630000000.0,23630000000.0,907000000.0,32851000000.0,159690000000,104675000000.0,1626000000.0,1626000000.0,22406000000.0,112233000000.0,6076000000.0,97822000000,55741000000.0,4708000000.0,2037000000.0,42081000000.0,11619000000.0,14328000000.0,27984000000.0,44470000000.0,2270000000.0,237565000000,176939000000.0,60436000000.0,13592234000,USD,35653000000,61880000000,26227000000.0,26227000000.0,19361000000,3341000000.0,7675000000.0,16292000000,313000000.0,389000000.0,76000000.0,2945000000.0,21985000000,3460000000.0,18525000000.0,22061000000.0,25006000000,18525000000,0,0,0,0,0,0,0,0,0,0,0,0,0,0,0,0,0,0,0,0,0,0,0,0,0,0,0,0,0,0,0,0,0,0,0,0,0,0,0,0,0,0,0,0,0,0,121.1739501953125,2021-06-30,-0.10751548621527884
847,847,IDXX,2021-06-30,USD,2412149000.0,1001226000,232134000.0,232134000.0,241392000.0,427386000.0,1410923000,550255000.0,96757000.0,96757000.0,353842000.0,0.0,100314000.0,1663926000,651809000.0,93016000.0,144217000.0,1012117000.0,107565000.0,780079000.0,1012626000.0,334018000.0,232038000.0,747460000,2582434000.0,10675000.0,86654000,USD,489308000,826142000,336834000.0,336834000.0,259253000,73326000.0,37697000.0,230055000,-7522000.0,91000.0,7613000.0,25377000.0,251731000,49125000.0,202606000.0,260044000.0,285421000,202582000,0,0,0,0,0,0,0,0,0,0,0,0,1,0,0,0,0,0,0,0,0,0,0,0,0,0,0,0,0,0,0,0,0,0,0,0,0,0,0,0,0,0,0,0,0,0,631.5499877929688,2021-06-30,-0.4446520184221704
18,18,INTC,2021-06-30,USD,154597000000.0,49372000000,4746000000.0,4746000000.0,8817000000.0,7460000000.0,105225000000,58166000000.0,8018000000.0,8018000000.0,26768000000.0,20111000000.0,8238000000.0,69390000000,24836000000.0,5917000000.0,3695000000.0,44554000000.0,0.0,31714000000.0,35409000000.0,11052000000.0,5329000000.0,85207000000,59647000000.0,26655000000.0,4084000000,USD,11206000000,19631000000,8425000000.0,8425000000.0,5892000000,1599000000.0,3715000000.0,5314000000,-96000000.0,37000000.0,129000000.0,2857000000.0,5745000000,684000000.0,5061000000.0,5892000000.0,8749000000,5061000000,0,0,0,0,0,0,0,0,0,0,0,0,0,0,0,0,0,0,0,1,0,0,0,0,0,0,0,0,0,0,0,0,0,0,0,0,0,0,0,0,0,0,0,0,0,0,51.37452697753906,2021-06-30,-0.31411178476459367
328,328,ISRG,2021-06-30,USD,12297000000.0,6016600000,1615500000.0,1615500000.0,569700000.0,794300000.0,6280400000,1651200000.0,84000000.0,84000000.0,344300000.0,2823700000.0,213400000.0,1417500000,1004600000.0,117900000.0,439700000.0,412900000.0,0.0,0.0,6120000000.0,467900000.0,92600000.0,10879500000,4022700000.0,100000.0,364800000,USD,1023700000,1464000000,440300000.0,440300000.0,511200000,350200000.0,162300000.0,512500000,15000000.0,0.0,58000000.0,75600000.0,526200000,3200000.0,523000000.0,511200000.0,586800000,517200000,0,0,0,0,0,0,0,0,0,0,0,0,0,0,0,0,0,0,0,1,1,1,0,0,0,0,0,0,0,0,0,0,0,0,0,0,0,1,1,0,0,0,0,0,0,0,306.5466613769531,2021-06-30,-0.3452546316690793
351,351,JD,2021-06-30,CNY,73688071098.0,44200974549,15887576008.0,15887576008.0,10774027346.0,3996832599.0,29487096549,50037614000.0,975587677.0,975587677.0,1905196202.0,11677337594.0,1865200999.0,35089033576,30475532736.0,19804610575.0,1025167106.0,4613500839.0,17532671000.0,12411731000.0,4721355113.0,3117076033.0,2407465000.0,33546483993,3807700000.0,216758929000.0,1595000000,CNY,31729000000,253800000000,222071000000.0,222071000000.0,301000000,2561000000.0,3693000000.0,31428000000,-232325000.0,0.0,232325000.0,1224321000.0,1047000000,569000000.0,477524000.0,213419000.0,1280000000,798000000,0,0,0,0,0,0,0,0,0,0,0,0,0,0,0,0,0,0,0,0,0,0,0,0,0,1,0,0,0,0,0,0,0,0,0,0,0,1,0,0,0,0,0,0,0,0,72.41998291015625,2021-06-30,-0.17503712509344482
375,375,KHC,2021-06-30,USD,97038000000.0,11385000000,3941000000.0,3941000000.0,2820000000.0,2008000000.0,85653000000,6611000000.0,44941000000.0,44941000000.0,31477000000.0,0.0,2616000000.0,46896000000,9879000000.0,4391000000.0,1610000000.0,37017000000.0,0.0,23545000000.0,25155000000.0,3878000000.0,1847000000.0,49997000000,-2158000000.0,12000000.0,1224000000,USD,2291000000,6615000000,4324000000.0,4324000000.0,1235000000,943000000.0,0.0,5380000000,-609000000.0,4000000.0,613000000.0,227000000.0,645000000,670000000.0,-25000000.0,1256000000.0,1483000000,-25000000,0,0,0,0,0,0,0,0,0,0,0,0,1,0,0,0,0,0,0,1,0,0,0,0,0,0,0,0,0,0,0,0,0,0,1,0,0,0,0,0,0,0,0,0,0,0,32.95344543457031,2021-06-30,-0.023665203920844147
871,871,KLAC,2021-06-30,USD,10271124000.0,5696248000,1434610000.0,1434610000.0,1575380000.0,1465378000.0,4574876000,663027000.0,1185311000.0,1185311000.0,2011172000.0,1059912000.0,160968000.0,6895482000,2103227000.0,342083000.0,52322000.0,4792255000.0,103061000.0,3422767000.0,3545828000.0,790590000.0,631290000.0,3377554000,1277123000.0,153000.0,154283000,USD,1153230000,1925471000,772241000.0,772241000.0,719780000,192022000.0,241428000.0,433450000,-39970000.0,0.0,39970000.0,84647000.0,708843000,75785000.0,633058000.0,748534000.0,833181000,632978000,0,0,0,0,0,0,0,0,0,0,0,0,0,0,0,0,0,0,0,0,0,0,0,0,0,0,0,0,0,0,0,0,0,0,0,0,0,1,0,0,0,0,0,0,0,0,308.5773620605469,2021-06-30,-0.004162008999093358
1210,1210,LCID,2021-06-30,USD,2071966288.0,1675503,1000159.0,1000159.0,28224000.0,480000.0,2070290785,1014429000.0,986000000.0,986000000.0,4290000000.0,505000.0,195344.0,1674146585,2050790.0,827213.0,1200000.0,1672095794.0,0.0,0.0,1200000.0,827212.0,0.0,397819703,-1672185472.0,2070005174.0,161862153,USD,155000,174000,19000.0,19000.0,-248919000,72272000.0,176802000.0,249074000,-872547.0,27453.0,30000.0,6819000.0,-261721000,5000.0,-588819915.0,-261691000.0,-254872000,-261726000,0,0,0,0,0,0,0,0,0,1,1,1,0,0,0,0,0,0,0,1,1,0,0,1,0,0,0,0,0,0,0,0,0,0,0,0,0,0,0,0,0,0,0,0,0,0,288.20001220703125,2021-06-30,-0.4045801567133692
1186,1186,META,2021-06-30,USD,170609000000.0,80697000000,16186000000.0,16186000000.0,1478040500.0,11698000000.0,89912000000,61434000000.0,514000000.0,514000000.0,19219000000.0,47894000000.0,4919000000.0,32382000000,14874000000.0,973000000.0,1051000000.0,17508000000.0,12007000000.0,0.0,12007000000.0,12459000000.0,6552000000.0,138227000000,85097000000.0,52845000000.0,2879224000,USD,23678000000,29077000000,5399000000.0,5399000000.0,12367000000,1956000000.0,6096000000.0,11311000000,146000000.0,121000000.0,121000000.0,1985000000.0,12513000000,2119000000.0,10394000000.0,12367000000.0,14352000000,10394000000,0,0,0,0,0,1,0,0,0,0,0,0,0,0,0,0,0,0,0,0,1,0,0,0,0,0,0,0,0,0,0,0,0,0,0,0,0,0,0,0,0,0,0,0,0,0,345.2979736328125,2021-06-30,-0.5362515250040567
942,942,MRNA,2021-06-30,USD,16153000000.0,10969000000,5603000000.0,5603000000.0,643000000.0,2071000000.0,5184000000,898000000.0,986000000.0,986000000.0,4290000000.0,2387000000.0,265000000.0,9449000000,8840000000.0,77000000.0,170000000.0,609000000.0,603000000.0,0.0,603000000.0,914000000.0,1000000.0,6704000000,1757000000.0,8000000.0,431000000,USD,3465000000,4215000000,750000000.0,750000000.0,3062000000,121000000.0,421000000.0,403000000,-2000000.0,3000000.0,5000000.0,69000000.0,3063000000,283000000.0,2780000000.0,3068000000.0,3137000000,2780000000,0,0,0,0,0,0,0,0,0,1,1,1,0,0,0,0,0,0,0,0,1,0,0,0,0,0,1,0,0,0,0,0,0,0,0,0,0,0,0,0,0,0,0,0,0,0,234.97999572753903,2021-06-30,-0.3920758843269738
42,42,MSFT,2021-06-30,USD,333779000000.0,184406000000,14224000000.0,14224000000.0,2636000000.0,38043000000.0,149373000000,70803000000.0,7800000000.0,7800000000.0,49711000000.0,116032000000.0,13471000000.0,191791000000,88657000000.0,15163000000.0,10825000000.0,103134000000.0,9629000000.0,50074000000.0,82278000000.0,18970000000.0,13427000000.0,141988000000,57055000000.0,83111000000.0,7581000000,USD,32161000000,46152000000,13991000000.0,13991000000.0,19095000000,1522000000.0,5687000000.0,13066000000,-56000000.0,497000000.0,553000000.0,3344000000.0,19405000000,2947000000.0,16458000000.0,19958000000.0,23302000000,16458000000,0,0,0,0,0,0,0,0,0,0,0,0,0,0,0,0,0,0,0,0,0,0,0,0,0,0,0,0,0,0,0,0,0,0,0,0,0,0,0,0,0,0,0,0,0,0,260.54498291015625,2021-06-30,-0.0441968164592651
918,918,MTCH,2021-06-30,USD,4433933000.0,634476000,236460000.0,236460000.0,1478040500.0,259325000.0,3799457000,129916000.0,227045000.0,227045000.0,2973121000.0,12453000.0,126238000.0,4567781000,577967000.0,57937000.0,0.0,3989814000.0,0.0,3845555000.0,3845555000.0,257062000.0,114783000.0,-142245000,-8107092000.0,277000.0,311087000,USD,514661000,707760000,193099000.0,193099000.0,209914000,113393000.0,52133000.0,304747000,-32219000.0,0.0,32219000.0,9848000.0,177340000,37320000.0,140020000.0,209772000.0,219620000,140895000,0,0,0,0,0,1,0,0,0,0,0,0,0,0,0,0,0,1,0,1,0,0,0,0,0,0,0,0,0,0,0,0,0,0,0,0,0,1,0,0,0,0,0,0,0,0,156.623291015625,2021-06-30,-0.5678140134740597
422,422,NXPI,2021-06-30,USD,20622000000.0,5291000000,2910000000.0,2910000000.0,1116000000.0,991000000.0,15331000000,2375000000.0,1891000000.0,1891000000.0,9971000000.0,0.0,274000000.0,12953000000,2336000000.0,1167000000.0,0.0,10617000000.0,0.0,9591000000.0,9591000000.0,1099000000.0,936000000.0,7442000000,-3897000000.0,59000000.0,278735000,USD,1422000000,2596000000,1174000000.0,1174000000.0,573000000,234000000.0,476000000.0,849000000,-99000000.0,1000000.0,90000000.0,305000000.0,471000000,65000000.0,406000000.0,572000000.0,877000000,397000000,0,0,0,0,0,0,0,0,0,0,0,0,1,0,0,0,0,1,0,1,0,0,0,0,0,0,0,0,0,0,0,0,0,0,0,0,0,0,0,0,0,0,0,0,0,0,189.62222290039065,2021-06-30,-0.2696009409127582
988,988,PDD,2021-06-30,CNY,156739756000.0,147573939000,19154777000.0,19154777000.0,48214068000.0,4331194000.0,9165817000,937084000.0,1004580000.0,1004580000.0,4290000000.0,73026502000.0,2847398000.0,91841849000,80073983000.0,50754254000.0,302639000.0,11767866000.0,726234000.0,11342314000.0,12068548000.0,28043101000.0,1957000.0,64897907000,-25966039000.0,161000.0,1143880400,CNY,15148334000,23046220000,7897886000.0,7897886000.0,1997479000,434151000.0,2328831000.0,13150855000,250630000.0,544629000.0,293999000.0,162881000.0,2414580000,-249258000.0,2414580000.0,1997479000.0,2160360000,2414580000,0,0,0,0,0,0,0,0,0,0,0,1,0,0,0,0,0,0,0,0,0,0,0,0,0,0,0,0,0,0,0,0,0,0,0,0,0,0,0,0,0,0,0,0,0,0,127.0199966430664,2021-06-30,-0.5134624400068113
446,446,PYPL,2021-06-30,USD,73816000000.0,53231000000,5745000000.0,5745000000.0,1478040500.0,39646000000.0,20585000000,1848000000.0,920000000.0,920000000.0,9564000000.0,6650000000.0,1190000000.0,52911000000,41268000000.0,38630000000.0,137000000.0,11643000000.0,0.0,8945000000.0,9690000000.0,2489000000.0,0.0,20905000000,14647000000.0,8000000.0,1186000000,USD,3545000000,6238000000,2693000000.0,2693000000.0,1127000000,522000000.0,746000000.0,2418000000,-44000000.0,13000000.0,57000000.0,316000000.0,1356000000,172000000.0,1184000000.0,1413000000.0,1729000000,1184000000,0,0,0,0,0,1,0,0,0,0,0,0,0,0,0,0,0,0,0,1,0,0,0,1,0,0,1,0,0,0,0,0,0,0,0,0,0,0,0,0,0,0,0,0,0,0,289.929931640625,2021-06-30,-0.7603952465700479
470,470,QCOM,2021-06-30,USD,38769000000.0,19693000000,7399000000.0,7399000000.0,3133000000.0,2952000000.0,19076000000,4424000000.0,1542000000.0,1542000000.0,7229000000.0,5508000000.0,701000000.0,30592000000,11460000000.0,2709000000.0,2045000000.0,19132000000.0,0.0,13695000000.0,15740000000.0,4374000000.0,3248000000.0,8177000000,7993000000.0,8000000.0,1145000000,USD,4656000000,8060000000,3404000000.0,3404000000.0,2195000000,597000000.0,1864000000.0,2461000000,-117000000.0,21000000.0,138000000.0,406000000.0,2257000000,230000000.0,2027000000.0,2195000000.0,2601000000,2027000000,0,0,0,0,0,0,0,0,0,0,0,0,0,0,0,0,0,0,0,1,0,0,0,0,0,0,1,0,0,0,0,0,0,0,0,0,0,0,0,0,0,0,0,0,0,0,129.60597229003906,2021-06-30,-0.09019536118868021
494,494,REGN,2021-06-30,USD,21485900000.0,13337600000,2072200000.0,2072200000.0,1983900000.0,6998600000.0,8148300000,3358500000.0,986000000.0,986000000.0,4290000000.0,1838600000.0,444300000.0,6358600000,3732400000.0,476000000.0,718400000.0,2626200000.0,718400000.0,1979200000.0,2697600000.0,2018000000.0,596300000.0,15127300000,15107100000.0,100000.0,110800000,USD,4373700000,5138500000,764800000.0,764800000.0,3347200000,414700000.0,643100000.0,1026500000,-14400000.0,0.0,14400000.0,71100000.0,3752800000,653900000.0,3098900000.0,3767200000.0,3838300000,3098900000,0,0,0,0,0,0,0,0,0,1,1,1,0,0,0,0,0,0,0,0,0,0,0,0,0,0,0,0,0,0,0,0,0,0,0,0,0,1,0,0,0,0,0,0,0,0,554.7918701171875,2021-06-30,0.058348836211496335
589,589,SBUX,2021-06-30,USD,29476800000.0,7931700000,4753100000.0,4753100000.0,1548200000.0,1140800000.0,21545100000,14216600000.0,398000000.0,398000000.0,3672000000.0,153600000.0,336000000.0,36271100000,7799800000.0,1127000000.0,2307300000.0,28471300000.0,8906200000.0,13619200000.0,23524300000.0,2342600000.0,762900000.0,-6800800000,-7501600000.0,1200000.0,1186200000,USD,2323600000,7496500000,5172900000.0,5172900000.0,1488700000,494900000.0,0.0,834900000,-77400000.0,36000000.0,113400000.0,373300000.0,1411300000,257100000.0,1154200000.0,1524700000.0,1898000000,1153400000,0,0,0,0,0,0,0,0,0,0,0,0,0,0,0,0,0,0,0,0,0,0,0,0,0,0,0,0,0,0,0,0,0,0,1,0,0,0,0,0,0,0,0,0,0,0,100.0822982788086,2021-06-30,-0.30280949356025433
1003,1003,SGEN,2021-06-30,USD,3952158000.0,3098512000,413434000.0,413434000.0,163184000.0,379740000.0,853646000,265410000.0,272229000.0,272229000.0,274671000.0,2038178000.0,103976000.0,560884000,433834000.0,102403000.0,0.0,127050000.0,61925000.0,0.0,61925000.0,331431000.0,65125000.0,3391274000,-1075564000.0,182000.0,181628000,USD,310388000,388478000,78090000.0,78090000.0,-89603000,165130000.0,234861000.0,399991000,0.0,0.0,58000000.0,18777000.0,-84576000,-5027000.0,-84576000.0,-94630000.0,-75853000,-84576000,0,0,0,0,0,0,0,0,0,0,0,0,0,0,0,0,0,1,0,0,1,0,0,0,0,0,0,0,0,0,0,0,0,0,0,0,1,1,1,0,0,0,0,0,0,0,,,
541,541,SIRI,2021-06-30,USD,11201000000.0,2129000000,1124000000.0,1124000000.0,5000000.0,654000000.0,9072000000,1784000000.0,3263000000.0,3263000000.0,3150000000.0,0.0,11000000.0,13716000000,3937000000.0,1132000000.0,1049000000.0,9779000000.0,439000000.0,8835000000.0,10272000000.0,173000000.0,139000000.0,-2515000000,-2539000000.0,4000000.0,416300000,USD,1088000000,2159000000,1071000000.0,1071000000.0,658000000,130000000.0,65000000.0,430000000,-103000000.0,0.0,103000000.0,144000000.0,560000000,127000000.0,433000000.0,663000000.0,807000000,433000000,0,0,0,0,0,0,0,0,0,0,0,0,1,0,0,0,0,0,0,0,0,0,0,0,0,0,0,0,0,0,0,0,0,0,0,0,0,1,0,0,0,0,0,0,0,0,55.0311393737793,2021-06-30,-0.0149041149978133
565,565,SWKS,2021-06-30,USD,7486200000.0,4357300000,2845000000.0,2845000000.0,808700000.0,570500000.0,3128900000,1452200000.0,34700000.0,34700000.0,1189800000.0,129200000.0,168500000.0,2483400000,996300000.0,319500000.0,31500000.0,1487100000.0,174200000.0,1487100000.0,1518600000.0,25000000.0,31500000.0,5002800000,4952100000.0,41300000.0,167000000,USD,556200000,1116400000,560200000.0,560200000.0,340300000,85100000.0,130800000.0,215900000,-2600000.0,300000.0,2600000.0,91000000.0,336200000,-1600000.0,337800000.0,338800000.0,429800000,337800000,0,0,0,0,0,0,0,0,0,0,0,0,0,0,0,0,0,0,0,0,0,0,0,0,0,0,0,0,0,0,0,0,0,0,0,0,0,0,0,0,0,0,0,0,0,0,167.45263671875,2021-06-30,-0.5090226819763051
162,162,ADI,2021-07-31,USD,21641190000.0,3090455000,1480701000.0,1480701000.0,657520000.0,823163000.0,18550735000,1173674000.0,3248802000.0,3248802000.0,12278898000.0,105562000.0,129071000.0,9377227000,2793342000.0,265933000.0,1324677000.0,6583885000.0,0.0,3824819000.0,5149496000.0,969677000.0,453701000.0,12263963000,7812859000.0,61370000.0,371849000,USD,1221184000,1758853000,537669000.0,537669000.0,609646000,206076000.0,306617000.0,611538000,-44359000.0,300000.0,44659000.0,196151000.0,572278000,68967000.0,503311000.0,616937000.0,813088000,503311000,0,0,0,0,0,0,0,0,0,0,0,0,0,0,0,0,0,0,0,1,0,0,0,0,0,0,0,0,0,0,0,0,0,0,0,0,0,0,0,0,0,0,0,0,0,0,154.24481201171875,2021-07-30,0.042265942582683236
209,209,ADSK,2021-07-31,USD,7420600000.0,1546000000,923500000.0,923500000.0,1478040500.0,357800000.0,5874600000,582600000.0,511300000.0,511300000.0,3562200000.0,1400000.0,263300000.0,6092800000,3087400000.0,108400000.0,87700000.0,3005400000.0,446600000.0,1638400000.0,2085000000.0,348400000.0,147200000.0,1327800000,-1339500000.0,2780700000.0,222000000,USD,948500000,1064800000,116300000.0,116300000.0,158500000,119400000.0,276700000.0,790000000,-9300000.0,0.0,11100000.0,39400000.0,138800000,23200000.0,115600000.0,149900000.0,189300000,115600000,0,0,0,0,0,1,0,0,0,0,0,0,0,0,0,0,0,0,0,0,0,0,0,0,0,0,0,0,0,0,0,0,0,0,0,0,0,1,0,0,0,0,0,0,0,0,321.1300048828125,2021-07-30,-0.3207112506685491
186,186,AMAT,2021-07-31,USD,24479000000.0,15248000000,6066000000.0,6066000000.0,4117000000.0,3822000000.0,9231000000,1814000000.0,116000000.0,116000000.0,3479000000.0,444000000.0,799000000.0,12419000000,5125000000.0,1352000000.0,69000000.0,7294000000.0,268000000.0,5451000000.0,5520000000.0,2016000000.0,699000000.0,12060000000,30748000000.0,9000000.0,918000000,USD,2967000000,6196000000,3229000000.0,3229000000.0,2013000000,155000000.0,640000000.0,954000000,-33000000.0,24000000.0,57000000.0,98000000.0,1980000000,264000000.0,1716000000.0,2037000000.0,2135000000,1716000000,0,0,0,0,0,0,0,0,0,0,0,0,0,0,0,0,0,0,0,0,0,0,0,0,0,0,0,0,0,0,0,0,0,0,0,0,0,0,0,0,0,0,0,0,0,0,134.32485961914062,2021-07-30,-0.2337546690864165
705,705,AVGO,2021-07-31,USD,75880000000.0,15636000000,11105000000.0,11105000000.0,1160000000.0,2234000000.0,60244000000,2370000000.0,12719000000.0,12719000000.0,43457000000.0,0.0,1137000000.0,51513000000,6501000000.0,968000000.0,279000000.0,45012000000.0,58000000.0,40178000000.0,40457000000.0,2246000000.0,4834000000.0,24367000000,320000000.0,8000000.0,4300751790,USD,4197000000,6778000000,2581000000.0,2581000000.0,2126000000,346000000.0,1205000000.0,2071000000,-415000000.0,0.0,415000000.0,1503000000.0,1726000000,-150000000.0,1876000000.0,2141000000.0,3644000000,1876000000,0,0,0,0,0,0,0,0,0,0,0,0,1,0,0,0,0,0,0,0,0,0,0,0,0,0,1,0,0,0,0,0,0,0,0,0,0,1,0,0,0,0,0,0,0,0,44.35275650024414,2021-07-30,0.13715027055144713
799,799,CPRT,2021-07-31,USD,4562143000.0,1702611000,1048260000.0,1048260000.0,44968000.0,500640000.0,2859532000,2416111000.0,45873000.0,45873000.0,355717000.0,0.0,108743000.0,1032942000,421031000.0,163237000.0,22472000.0,611911000.0,120433000.0,397636000.0,518069000.0,90267000.0,0.0,3529201000,2868203000.0,24000.0,962856000,USD,357483000,748630000,391147000.0,391147000.0,301500000,55983000.0,0.0,55983000,-5020000.0,0.0,5020000.0,29664000.0,299044000,43070000.0,255974000.0,304064000.0,333728000,255974000,0,0,0,0,0,0,0,0,0,0,0,0,1,0,0,0,0,0,0,0,0,0,0,1,0,0,0,0,0,0,0,0,0,0,1,0,0,1,0,0,0,0,0,0,0,0,36.75,2021-07-30,-0.1234013563921662
1090,1090,CRWD,2021-07-31,USD,3136045000.0,2156555000,1787051000.0,1787051000.0,95470000.0,266540000.0,979490000,250686000.0,85580000.0,85580000.0,374310000.0,14165000.0,102964000.0,2224644000,1136828000.0,19642000.0,9374000.0,1087815999.0,38752000.0,738772000.0,777524000.0,224843000.0,38278000.0,904268000,-872483000.0,114000.0,226362000,USD,247258000,337690000,90432000.0,90432000.0,-47403000,50345000.0,90455000.0,294661000,-6296000.0,0.0,6296000.0,16088000.0,-53080000,4238000.0,-57318000.0,-46784000.0,-30696000,-57318000,0,0,0,0,0,0,0,0,0,0,0,0,0,0,0,0,0,0,0,0,0,0,0,0,0,0,0,0,0,0,0,0,0,0,0,0,0,1,0,0,0,0,0,0,0,0,253.6100006103516,2021-07-30,-0.2772366917289615
1282,1282,CSCO,2021-07-31,USD,97497000000.0,39112000000,9175000000.0,9175000000.0,1559000000.0,10146000000.0,58385000000,2338000000.0,3619000000.0,3619000000.0,38168000000.0,15343000000.0,2889000000.0,56222000000,26257000000.0,2362000000.0,2508000000.0,29965000000.0,0.0,9018000000.0,11526000000.0,8438000000.0,2393000000.0,41275000000,-654000000.0,42346000000.0,4233000000,USD,8344000000,13126000000,4782000000.0,4782000000.0,3575000000,521000000.0,1713000000.0,4769000000,32000000.0,130000000.0,98000000.0,489000000.0,3735000000,726000000.0,3009000000.0,3833000000.0,4322000000,3009000000,0,0,0,0,0,0,0,0,0,0,0,0,0,0,0,0,0,0,0,1,0,0,0,0,0,0,0,0,0,0,0,0,0,0,0,0,0,0,0,0,0,0,0,0,0,0,48.58800506591797,2021-07-30,-0.15867664532159476
304,304,INTU,2021-07-31,USD,15516000000.0,5157000000,2562000000.0,2562000000.0,1478040500.0,646000000.0,10359000000,1160000000.0,3252000000.0,3252000000.0,5613000000.0,1308000000.0,641000000.0,5647000000,2655000000.0,623000000.0,66000000.0,2992000000.0,380000000.0,2034000000.0,2480000000.0,825000000.0,53000000.0,9869000000,12296000000.0,3000000.0,277000000,USD,2096000000,2561000000,465000000.0,465000000.0,402000000,274000000.0,521000000.0,1694000000,1000000.0,8000000.0,7000000.0,113000000.0,403000000,23000000.0,380000000.0,410000000.0,523000000,380000000,0,0,0,0,0,1,0,0,0,0,0,0,0,0,0,0,0,0,0,0,0,0,0,0,0,0,0,0,0,0,0,0,0,0,0,0,0,0,0,0,0,0,0,0,0,0,514.8187255859375,2021-07-30,-0.14916470949484206
894,894,MRVL,2021-07-31,USD,20838632000.0,1908477000,559617000.0,559617000.0,459532000.0,785611000.0,18930155000,575439000.0,6609053000.0,6609053000.0,10976443000.0,159961000.0,103717000.0,6097435000,1084433000.0,370502000.0,80719000.0,5013002000.0,185474000.0,4662844000.0,4889708000.0,417859000.0,150619000.0,14741197000,1648882000.0,1646000.0,821100000,USD,371800000,1075900000,704100000.0,704100000.0,-266700000,259161000.0,367000000.0,638500000,-33664000.0,150000.0,33800000.0,342900000.0,-302000000,-25600000.0,-276428000.0,-268200000.0,74700000,-276400000,0,0,0,0,0,0,0,0,0,0,0,0,0,0,0,0,0,0,0,0,0,0,0,0,0,0,0,0,0,0,0,0,0,0,0,0,0,0,0,0,0,0,0,0,0,0,59.44111633300781,2021-07-30,-0.08200674978237898
398,398,NVDA,2021-07-31,USD,38650000000.0,25806000000,5628000000.0,5628000000.0,2114000000.0,3586000000.0,12844000000,3165000000.0,2478000000.0,2478000000.0,4193000000.0,14026000000.0,129000000.0,17503000000,4448000000.0,1474000000.0,1000000000.0,13055000000.0,716000000.0,10943000000.0,12659000000.0,1673000000.0,1396000000.0,21147000000,22995000000.0,3000000.0,25320000000,USD,4215000000,6507000000,2292000000.0,2292000000.0,2444000000,526000000.0,1245000000.0,1771000000,-54000000.0,6000000.0,60000000.0,286000000.0,2394000000,20000000.0,2374000000.0,2454000000.0,2740000000,2374000000,0,0,0,0,0,0,0,0,0,0,0,0,0,0,0,0,0,0,0,0,0,0,0,0,0,0,0,0,0,0,0,0,0,0,0,0,0,0,0,0,0,0,0,0,0,0,19.45548820495605,2021-07-30,-0.053615592279387614
965,965,OKTA,2021-07-31,USD,8932095000.0,2877158000,225265000.0,225265000.0,1478040500.0,238478000.0,6054937000,208350000.0,337786000.0,337786000.0,5338116000.0,2243638000.0,169777000.0,2889905000,912534000.0,9414000.0,15723000.0,1977371000.0,171141000.0,1772511000.0,1959375000.0,165589000.0,18230000.0,6042190000,-1353370000.0,16000.0,151357000,USD,214394000,315500000,101106000.0,101106000.0,-263440000,157077000.0,122407000.0,477834000,-20661000.0,2211000.0,22872000.0,31769000.0,-284144000,-7462000.0,-276682000.0,-261272000.0,-229503000,-276682000,0,0,0,0,0,1,0,0,0,0,0,0,0,0,0,0,0,0,0,0,0,0,0,0,0,0,0,0,0,0,0,0,0,0,0,0,0,0,0,0,0,0,0,0,0,0,247.7899932861328,2021-07-30,-0.6023648999194232
1138,1138,PANW,2021-07-31,USD,10241600000.0,4647300000,1874200000.0,1874200000.0,1478040500.0,1240400000.0,5594300000,581300000.0,498600000.0,498600000.0,2710100000.0,1026900000.0,505800000.0,9478000000,5116700000.0,56900000.0,1557900000.0,4361300000.0,313400000.0,1668100000.0,3539400000.0,760000000.0,97700000.0,763600000,-1666800000.0,2311200000.0,583200000,USD,860400000,1219300000,358900000.0,358900000.0,-60400000,105700000.0,325300000.0,920800000,-41400000.0,1500000.0,41400000.0,80700000.0,-102300000,17000000.0,-119300000.0,-60900000.0,19800000,-119300000,0,0,0,0,0,1,0,0,0,0,0,0,0,0,0,0,0,0,0,0,0,0,0,0,0,0,0,0,0,0,0,0,0,0,0,0,0,0,0,0,0,0,0,0,0,0,66.50833129882812,2021-07-30,0.27217145518492947
517,517,ROST,2021-07-31,USD,13641400000.0,7672849000,5569071000.0,5569071000.0,1751027000.0,159163000.0,5968551000,2047000000.0,986000000.0,986000000.0,4290000000.0,0.0,193588000.0,9737414000,4336190000.0,2588551000.0,673087000.0,5401224000.0,0.0,0.0,5626664000.0,1055026000.0,0.0,3903986000,2782876000.0,3557000.0,354935000,USD,1394103000,4804974000,3410871000.0,3410871000.0,676315000,368000000.0,0.0,717788000,0.0,0.0,18906000.0,86584000.0,657608000,163350000.0,471000000.0,676514000.0,763098000,494258000,0,0,0,0,0,0,0,0,1,1,1,1,1,0,0,0,0,0,0,1,1,0,0,1,0,0,0,0,0,0,0,0,0,1,1,0,1,1,0,0,0,0,1,0,0,0,116.57937622070312,2021-07-30,-0.32088653803212663
1019,1019,SPLK,2021-07-31,USD,6046324000.0,3652671000,2231165000.0,2231165000.0,100774000.0,882436000.0,2393653000,371907000.0,192904000.0,192904000.0,1401628000.0,267035000.0,272034999.0,4911659000,1543009000.0,45789000.0,219242000.0,3368650000.0,219242000.0,3054463000.0,3273705000.0,543150000.0,14406000.0,1134665000,-3324403000.0,165000.0,164018000,USD,422336000,605743000,183407000.0,183407000.0,-344430000,124928000.0,259709000.0,766766000,-38506000.0,507000.0,39013000.0,86065.0,-381790000,2161000.0,-383951000.0,-318034065.0,-317948000,-383951000,0,0,0,0,0,0,0,0,0,0,0,0,0,0,0,0,0,0,0,0,0,0,0,0,0,0,0,0,0,0,0,0,0,0,0,0,0,0,0,0,0,0,0,0,0,0,,,
1043,1043,WDAY,2021-07-31,USD,9113845000.0,4331009000,1087070000.0,1087070000.0,1478040500.0,872764000.0,4782836000,1411340000.0,397652000.0,397652000.0,2362166000.0,2220888000.0,150287000.0,5245855000,4274095000.0,53082000.0,1284039000.0,971760000.0,291268000.0,654633000.0,2147865000.0,482595000.0,43724000.0,3867990000,-2714744000.0,248000.0,260016000,USD,914840000,1260361000,345521000.0,345521000.0,-1120000,113552000.0,444251000.0,915960000,-2857000.0,1333000.0,4190000.0,85383000.0,101865000,-3871000.0,105736000.0,106055000.0,191438000,105736000,0,0,0,0,0,1,0,0,0,0,0,0,0,0,0,0,0,0,0,0,0,0,0,0,0,0,0,0,0,0,0,0,0,0,0,0,0,0,0,0,0,0,0,0,0,0,234.3999938964844,2021-07-30,-0.33626277354016554
1067,1067,ZM,2021-07-31,USD,6508593000.0,5835079000,1931370000.0,1931370000.0,312739000.0,395266000.0,673514000,284939000.0,986000000.0,986000000.0,26247000.0,3174029000.0,334414000.0,1850845000,1686373000.0,49762000.0,17355000.0,164472000.0,83009000.0,0.0,100364000.0,417274000.0,57884000.0,4657748000,1217083000.0,296000.0,305861051,USD,760239000,1021495000,261256000.0,261256000.0,294603000,112146000.0,82311000.0,465636000,-2795000.0,26476000.0,2795000.0,12028000.0,323884000,6800000.0,317084000.0,294603000.0,306631000,317084000,0,0,0,0,0,0,0,0,0,1,1,0,0,0,0,0,0,0,0,0,1,0,0,0,0,0,0,0,0,0,0,0,0,0,0,0,0,0,0,0,0,0,0,0,0,0,378.1000061035156,2021-07-30,-0.7212642219297005
1162,1162,ZS,2021-07-31,USD,2257631000.0,1848303000,275898000.0,275898000.0,57373000.0,257109000.0,409328000,152915000.0,32129000.0,32129000.0,58977000.0,1226654000.0,88642000.0,1728736000,720205000.0,12547000.0,19842000.0,1008531000.0,51067000.0,913538000.0,964605000.0,116530000.0,4453000.0,528895000,-601600000.0,139000.0,137778000,USD,151488000,197074000,45586000.0,45586000.0,-67397000,26428000.0,56180000.0,218885000,-13110000.0,524000.0,13634000.0,28148000.0,-80178000,845000.0,-81023000.0,-66544000.0,-38396000,-81023000,0,0,0,0,0,0,0,0,0,0,0,0,0,0,0,0,0,0,0,0,0,0,0,0,0,0,0,0,0,0,0,0,0,0,0,0,0,0,0,0,0,0,0,0,0,0,235.91000366210935,2021-07-30,-0.3493281437108706
65,65,ADBE,2021-08-31,USD,26144000000.0,8619000000,4623000000.0,4623000000.0,1478040500.0,1545000000.0,17525000000,2081000000.0,1557000000.0,1557000000.0,11838000000.0,1541000000.0,910000000.0,11730000000,6191000000.0,331000000.0,97000000.0,5539000000.0,563000000.0,4122000000.0,4685000000.0,1450000000.0,269000000.0,14414000000,22750000000.0,8000000.0,481000000,USD,3468000000,3935000000,467000000.0,467000000.0,1441000000,265000000.0,651000000.0,2027000000,-27000000.0,0.0,27000000.0,213000000.0,1418000000,206000000.0,1212000000.0,1445000000.0,1658000000,1212000000,0,0,0,0,0,1,0,0,0,0,0,0,0,0,0,0,0,0,0,0,0,0,0,0,0,0,1,0,0,0,0,0,0,0,0,0,0,1,0,0,0,0,0,0,0,0,663.7000122070312,2021-08-31,-0.43733615251928415
752,752,CTAS,2021-08-31,USD,7857750000.0,1631010000,79749000.0,79749000.0,463692000.0,938609000.0,6226740000,1460522000.0,472064000.0,472064000.0,2924993000.0,295268000.0,148960000.0,4548547000,2269039000.0,202968000.0,1318475000.0,2279507999.0,165599000.0,1343222000.0,2783988000.0,736347000.0,540687000.0,3309203000,8109368000.0,1625594000.0,423776000,USD,902756000,1896950000,994194000.0,994194000.0,394101000,508655000.0,0.0,508655000,-21798000.0,56000.0,21854000.0,97949000.0,372303000,41124000.0,331179000.0,394764000.0,492713000,331179000,0,0,0,0,0,0,0,0,0,0,0,0,0,0,0,0,0,0,0,0,0,0,0,0,0,0,0,0,0,0,0,0,0,0,1,0,0,0,0,0,0,0,0,0,0,0,94.93485260009766,2021-08-31,0.03829731355048005
775,775,STZ,2021-08-31,USD,25340300000.0,2943700000,103400000.0,103400000.0,1339000000.0,972800000.0,22396600000,5505400000.0,2729700000.0,2729700000.0,7798900000.0,2819000000.0,528500000.0,13815700000,2187100000.0,840400000.0,491800000.0,11628600000.0,0.0,10081700000.0,10573500000.0,854900000.0,0.0,11192700000,13922200000.0,2200000.0,192530000,USD,1219800000,2371300000,1151500000.0,1151500000.0,717800000,490500000.0,0.0,502000000,-95800000.0,566600000.0,95800000.0,87400000.0,143200000,131300000.0,11900000.0,239000000.0,326400000,1500000,0,0,0,0,0,0,0,0,0,0,0,0,0,0,0,0,0,0,0,1,0,0,0,1,0,0,0,0,0,0,0,0,0,0,1,0,0,0,0,0,0,0,0,0,0,0,195.1603546142578,2021-08-31,0.18098449972240083
1257,1257,AAPL,2021-09-30,USD,351002000000.0,134836000000,34940000000.0,34940000000.0,6580000000.0,51506000000.0,216166000000,39440000000.0,986000000.0,986000000.0,4290000000.0,27699000000.0,14111000000.0,287912000000,125481000000.0,54763000000.0,15613000000.0,162431000000.0,0.0,109106000000.0,124719000000.0,47493000000.0,28636000000.0,63090000000,5562000000.0,57365000000.0,16635097000,USD,35174000000,83360000000,48186000000.0,48186000000.0,23786000000,5616000000.0,5772000000.0,11388000000,-13000000.0,659000000.0,672000000.0,2989000000.0,23248000000,2697000000.0,20551000000.0,23920000000.0,26909000000,20551000000,0,0,0,0,0,0,0,0,0,1,1,1,0,0,0,0,0,0,0,1,0,0,0,0,0,0,0,0,0,0,0,0,0,0,0,0,0,0,0,0,0,0,0,0,0,0,138.2613067626953,2021-09-30,-0.017848729728300983
232,232,ADP,2021-09-30,USD,59987200000.0,52047900000,1602100000.0,1602100000.0,46808600000.0,2769700000.0,7939300000,1111100000.0,1211600000.0,1211600000.0,2325800000.0,28500000.0,47647600000.0,54636500000,49669900000.0,77800000.0,45800000.0,4966600000.0,345700000.0,2985500000.0,3331200000.0,49221200000.0,813600000.0,5350700000,19754800000.0,63900000.0,423800000,USD,1772400000,3832300000,2059900000.0,2059900000.0,890500000,719200000.0,188800000.0,881900000,-8800000.0,9700000.0,18500000.0,129100000.0,900800000,200300000.0,700500000.0,919300000.0,1048400000,700500000,0,0,0,0,0,0,0,0,0,0,0,0,0,0,0,0,0,0,0,0,0,0,0,0,0,0,0,0,0,0,0,0,0,0,0,0,0,0,0,0,0,0,0,0,0,0,182.8195037841797,2021-09-30,0.1524945750692812
660,660,AEP,2021-09-30,USD,86337100000.0,5785100000,1372700000.0,1372700000.0,978500000.0,2050400000.0,80552000000,67471000000.0,986000000.0,986000000.0,52500000.0,218400000.0,1165100000.0,63809900000,9954000000.0,1597100000.0,5267600000.0,53855900000.0,828600000.0,32056500000.0,37910900000.0,1642500000.0,12881700000.0,22278100000,11523000000.0,3404500000.0,502606836,USD,1338100000,4495100000,3157000000.0,3157000000.0,977300000,735300000.0,0.0,360800000,-303700000.0,0.0,302200000.0,721800000.0,866700000,69800000.0,796900000.0,1151900000.0,1873700000,796000000,0,0,0,0,0,0,0,0,0,1,1,0,0,0,0,0,0,0,0,0,0,0,0,0,0,0,0,0,0,0,0,0,0,0,1,0,0,1,0,0,0,0,0,0,0,0,68.82994079589844,2021-09-30,0.10142503423420779
636,636,ALGN,2021-09-30,USD,5650109000.0,2455307000,1237822000.0,1237822000.0,207116000.0,855037000.0,3194802000,1095496000.0,115794000.0,115794000.0,426594000.0,0.0,155332000.0,2133347000,1790315000.0,174916000.0,22170000.0,343032000.0,74352000.0,74352000.0,96522000.0,487964000.0,142694000.0,3516762000,2526705000.0,8000.0,79516000,USD,755156000,1015906000,260750000.0,260750000.0,261160000,428409000.0,65587000.0,493996000,401000.0,401000.0,828000.0,27614000.0,261988000,81019000.0,180969000.0,261160000.0,288774000,180969000,0,0,0,0,0,0,0,0,0,0,0,0,1,0,0,0,0,0,0,0,0,0,0,0,0,0,0,0,0,0,0,0,0,0,0,0,0,0,0,0,0,0,0,0,0,0,665.4299926757812,2021-09-30,-0.6887576410892826
612,612,AMD,2021-09-30,USD,11153000000.0,7988000000,2440000000.0,2440000000.0,1902000000.0,2229000000.0,3165000000,1001000000.0,203000000.0,203000000.0,289000000.0,1168000000.0,249000000.0,4017000000,3564000000.0,1048000000.0,312000000.0,453000000.0,269000000.0,1000000.0,582000000.0,2204000000.0,183000000.0,7136000000,-2425000000.0,12000000.0,1230000000,USD,2086000000,4313000000,2227000000.0,2227000000.0,948000000,376000000.0,765000000.0,1138000000,-7000000.0,0.0,7000000.0,112000000.0,1003000000,82000000.0,923000000.0,948000000.0,1060000000,923000000,0,0,0,0,0,0,0,0,0,0,0,0,0,0,0,0,0,0,0,0,0,0,0,0,0,0,0,0,0,0,0,0,0,0,0,0,0,1,0,0,0,0,0,0,0,0,102.9000015258789,2021-09-30,-0.38425656296597044
137,137,AMGN,2021-09-30,USD,64993000000.0,24380000000,11969000000.0,11969000000.0,4152000000.0,4765000000.0,40613000000,4982000000.0,14659000000.0,14659000000.0,14665000000.0,952000000.0,2542000000.0,56776000000,14842000000.0,1171000000.0,4288000000.0,41934000000.0,0.0,33291000000.0,37579000000.0,9383000000.0,2160000000.0,8217000000,-22964000000.0,31989000000.0,570000000,USD,5097000000,6706000000,1609000000.0,1609000000.0,2378000000,1305000000.0,1422000000.0,2719000000,-296000000.0,0.0,296000000.0,850000000.0,2155000000,271000000.0,1884000000.0,2451000000.0,3301000000,1884000000,0,0,0,0,0,0,0,0,0,0,0,0,0,0,0,0,0,0,0,1,0,0,0,0,0,0,0,0,0,0,0,0,0,0,0,0,0,1,0,0,0,0,0,0,0,0,184.4561767578125,2021-09-30,0.09507458315823603
113,113,AMZN,2021-09-30,USD,382406000000.0,138531000000,29944000000.0,29944000000.0,30933000000.0,28610000000.0,243875000000,199303000000.0,986000000.0,986000000.0,15345000000.0,49044000000.0,6910000000.0,261842000000,123994000000.0,71474000000.0,15625000000.0,137848000000.0,63848000000.0,50055000000.0,113903000000.0,41546000000.0,23945000000.0,120564000000,71592000000.0,5000000.0,10300000000,USD,47882000000,110812000000,62930000000.0,62930000000.0,4852000000,2153000000.0,12097000000.0,42923873000,-374000000.0,119000000.0,493000000.0,8948000000.0,4311000000,1155000000.0,3156000000.0,4852000000.0,13800000000,3156000000,0,0,0,0,0,0,0,0,0,1,1,0,0,0,0,0,0,0,0,0,0,0,0,0,0,0,0,0,0,0,0,0,0,0,0,0,0,0,0,0,0,0,0,0,0,0,164.2519989013672,2021-09-30,-0.3120327255934575
681,681,ANSS,2021-09-30,USD,5974752000.0,1756685000,1080838000.0,1080838000.0,1.0,624849000.0,4218067000,90793000.0,667268000.0,667268000.0,3101623000.0,527000.0,50471000.0,1635508000,600431000.0,12590000.0,34147000.0,1035077000.0,102842000.0,753451000.0,856293000.0,235662000.0,197060000.0,4339244000,4056049000.0,953000.0,88169000,USD,378422000,441168000,62746000.0,62746000.0,107628000,165368000.0,102023000.0,270794000,-2402000.0,541000.0,2943000.0,32150000.0,103898000,18556000.0,85342000.0,101832000.0,133982000,85342000,0,0,0,0,0,0,0,0,0,0,0,0,0,0,0,0,0,0,0,0,0,0,0,0,0,0,0,0,0,0,0,0,0,0,0,0,0,0,0,0,0,0,0,0,0,0,,,
1233,1233,AZN,2021-09-30,USD,107221000000.0,26691000000,7067000000.0,7067000000.0,10528000000.0,8258000000.0,80530000000,2047000000.0,44104000000.0,44104000000.0,20081000000.0,82000000.0,756000000.0,67309000000,23649000000.0,18663000000.0,2973000000.0,43660000000.0,0.0,0.0,31912000000.0,1026000000.0,0.0,39744000000,2200000000.0,387000000.0,2992000000,USD,6109000000,9866000000,3757000000.0,3757000000.0,-1674000000,4090000000.0,3610000000.0,7783000000,0.0,0.0,335000000.0,2788000000.0,-2001000000,-350000000.0,471000000.0,-1666000000.0,1122000000,-1652000000,0,0,0,0,0,0,0,0,1,0,0,0,0,0,0,0,0,0,0,1,1,0,0,1,0,0,0,0,0,0,0,0,0,0,0,0,1,1,0,0,0,0,1,0,0,0,108.98756408691406,2021-09-30,-0.06525521696623737
1305,1305,BIDU,2021-09-30,CNY,384356000000.0,215394000000,40701000000.0,40701000000.0,10773000000.0,9651000000.0,168962000000,31213000000.0,18660000000.0,18660000000.0,22605000000.0,143127000000.0,11142000000.0,159795000000,73915000000.0,40461000000.0,18006000000.0,85880000000.0,7656000000.0,73877000000.0,96783000000.0,1824000000.0,92000000.0,211378000000,3807700000.0,211378000000.0,347250000,CNY,15795000000,31921000000,16126000000.0,16126000000.0,2308000000,7320000000.0,6167000000.0,13487000000,582000000.0,1462000000.0,880000000.0,4456750000.0,-19186000000,-1839000000.0,-17347000000.0,-18306000000.0,-13849250000,-16559000000,0,0,0,0,0,0,0,0,0,0,0,0,0,0,0,0,0,0,0,0,0,0,0,0,0,1,0,0,0,0,0,0,0,0,0,0,0,0,0,0,0,0,0,0,0,0,153.75,2021-09-30,-0.2358374122681658
1329,1329,BIIB,2021-09-30,USD,23806700000.0,7162300000,1541800000.0,1541800000.0,1347900000.0,2123000000.0,16644400000,3799800000.0,2286800000.0,2286800000.0,5760500000.0,1413300000.0,736300000.0,12925000000,4211600000.0,427900000.0,998800000.0,8713400000.0,348200000.0,6272300000.0,7619300000.0,2550700000.0,1318200000.0,10429900000,13543500000.0,100000.0,148600000,USD,2267100000,2778900000,511800000.0,511800000.0,799600000,654100000.0,813400000.0,1467500000,-63700000.0,2600000.0,66300000.0,133200000.0,292200000,-25900000.0,318100000.0,821800000.0,955000000,329200000,0,0,0,0,0,0,0,0,0,0,0,0,0,0,0,0,0,0,0,0,0,0,0,0,0,0,0,0,0,0,0,0,0,0,0,0,0,0,0,0,0,0,0,0,0,0,282.989990234375,2021-09-30,-0.05650373082500881
728,728,CDNS,2021-09-30,USD,4213875000.0,1543013000,1013819000.0,1013819000.0,101575000.0,327191000.0,2670862000,303313000.0,247628000.0,247628000.0,925949000.0,0.0,100428000.0,1582613000,907196000.0,342335000.0,342335000.0,675417000.0,0.0,347385000.0,689720000.0,21500000.0,232041000.0,2631262000,2869709000.0,2411791000.0,278311000,USD,674308000,750895000,76587000.0,76587000.0,194034000,42990000.0,289105000.0,480274000,-4196000.0,0.0,4196000.0,34729000.0,188695000,12388000.0,176307000.0,192891000.0,227620000,176307000,0,0,0,0,0,0,0,0,0,0,0,0,1,0,0,0,0,0,0,1,0,0,0,0,0,0,0,0,0,0,0,0,0,0,0,0,0,1,0,0,0,0,0,0,0,0,151.44000244140625,2021-09-30,0.0791732041804083
1353,1353,CHTR,2021-09-30,USD,142495000000.0,3498000000,466000000.0,466000000.0,1478040500.0,2645000000.0,138997000000,34179000000.0,72597000000.0,72597000000.0,29554000000.0,135474000000.0,387000000.0,120969000000,12237000000.0,686000000.0,3258000000.0,108732000000.0,262000000.0,85376000000.0,88634000000.0,7154000000.0,4376000000.0,17030000000,-2151000000.0,8000000.0,187166071,USD,5360000000,13146000000,7786000000.0,7786000000.0,2918000000,788000000.0,0.0,2442000000,-1016000000.0,0.0,1016000000.0,2270000000.0,1754000000,347000000.0,1407000000.0,2770000000.0,5040000000,1217000000,0,0,0,0,0,1,0,0,0,0,0,0,0,0,0,0,0,0,0,0,0,0,0,0,0,0,1,0,0,0,0,0,0,0,1,0,0,1,0,0,0,0,0,0,0,0,727.5599975585938,2021-09-30,-0.5830584321273306
1113,1113,DDOG,2021-09-30,USD,2194173000.0,1736336000,286966000.0,286966000.0,1.0,224602000.0,457837000,68820000.0,12803000.0,12803000.0,255735000.0,1180160000.0,44608000.0,1236761000,440202000.0,34654000.0,19425000.0,796559000.0,72614000.0,734643000.0,807257000.0,85173000.0,61916000.0,957412000,-159275000.0,3000.0,310247000,USD,207156000,270488000,63332000.0,63332000.0,-4895000,23549000.0,112675000.0,212051000,-82000.0,4830000.0,4912000.0,6197000.0,-4767000,717000.0,-5484000.0,145000.0,6342000,-5484000,0,0,0,0,0,0,0,0,0,0,0,0,0,0,0,0,0,0,0,0,0,0,0,0,0,0,0,0,0,0,0,0,0,0,0,0,0,0,0,0,0,0,0,0,0,0,141.35000610351562,2021-09-30,-0.37191372518031496
256,256,FISV,2021-09-30,USD,75767000000.0,18425000000,933000000.0,933000000.0,1478040500.0,2793000000.0,57342000000,2047000000.0,14268000000.0,14268000000.0,36303000000.0,0.0,14699000000.0,43183000000,17562000000.0,496000000.0,449000000.0,25621000000.0,0.0,0.0,20989000000.0,15128000000.0,0.0,31596000000,14442000000.0,8000000.0,669700000,USD,2112000000,4163000000,2051000000.0,2051000000.0,636000000,368000000.0,0.0,1476000000,0.0,0.0,173000000.0,805000000.0,500000000,54000000.0,471000000.0,651000000.0,1456000000,428000000,0,0,0,0,0,1,0,0,1,0,0,0,1,0,0,0,0,0,0,1,1,0,0,1,0,0,0,0,0,0,0,0,0,1,1,0,1,1,0,0,0,0,1,0,0,0,108.5,2021-09-30,-0.13760368944862467
822,822,FTNT,2021-09-30,USD,5970600000.0,3963500000,1852100000.0,1852100000.0,177900000.0,604900000.0,2007100000,556600000.0,71000000.0,71000000.0,127600000.0,1268900000.0,59700000.0,4835000000,2198000000.0,142300000.0,17600000.0,2637000000.0,0.0,988000000.0,1005600000.0,325500000.0,62200000.0,1118100000,-138600000.0,200000.0,838600000,USD,656000000,867200000,211200000.0,211200000.0,166400000,35800000.0,107800000.0,489600000,-3400000.0,1200000.0,4600000.0,22900000.0,153900000,-9300000.0,163200000.0,161300000.0,184200000,163100000,0,0,0,0,0,0,0,0,0,0,0,0,0,0,0,0,0,0,0,1,0,0,0,0,0,0,0,0,0,0,0,0,0,0,0,0,0,0,0,0,0,0,0,0,0,0,58.40800094604492,2021-09-30,-0.15884809833673896
280,280,GILD,2021-09-30,USD,67098000000.0,13991000000,4362000000.0,4362000000.0,1676000000.0,4566000000.0,53107000000,5037000000.0,33900000000.0,33900000000.0,8332000000.0,1376000000.0,2011000000.0,45627000000,10245000000.0,585000000.0,2511000000.0,35382000000.0,0.0,25175000000.0,27686000000.0,6702000000.0,5604000000.0,21470000000,16903000000.0,1000000.0,1262000000,USD,6198000000,7421000000,1223000000.0,1223000000.0,3842000000,1190000000.0,1101000000.0,2356000000,-250000000.0,0.0,250000000.0,523000000.0,3438000000,852000000.0,2586000000.0,3688000000.0,4211000000,2592000000,0,0,0,0,0,0,0,0,0,0,0,0,0,0,0,0,0,0,0,1,0,0,0,0,0,0,0,0,0,0,0,0,0,0,0,0,0,1,0,0,0,0,0,0,0,0,59.50726318359375,2021-09-30,-0.07481426294428428
89,89,GOOGL,2021-09-30,USD,347403000000.0,184110000000,23719000000.0,23719000000.0,1278000000.0,34800000000.0,163293000000,107549000000.0,1549000000.0,1549000000.0,22623000000.0,118284000000.0,6029000000.0,102836000000,61782000000.0,4616000000.0,2101000000.0,41054000000.0,11471000000.0,14288000000.0,27860000000.0,47927000000.0,2250000000.0,244567000000,183782000000.0,61193000000.0,13530373911,USD,37497000000,65118000000,27621000000.0,27621000000.0,21031000000,3256000000.0,7694000000.0,16466000000,310000000.0,387000000.0,77000000.0,3304000000.0,23064000000,4128000000.0,18936000000.0,23141000000.0,26445000000,18936000000,0,0,0,0,0,0,0,0,0,0,0,0,0,0,0,0,0,0,0,0,0,0,0,0,0,0,0,0,0,0,0,0,0,0,0,0,0,0,0,0,0,0,0,0,0,0,132.67356872558594,2021-09-30,-0.28446404470669284
846,846,IDXX,2021-09-30,USD,2385744000.0,938037000,145203000.0,145203000.0,258484000.0,425029000.0,1447707000,573385000.0,94976000.0,94976000.0,355240000.0,0.0,109321000.0,1630284000,633849000.0,86684000.0,95428000.0,996435000.0,110158000.0,778025000.0,963173000.0,367073000.0,203104000.0,754754000,2757669000.0,10681000.0,86511000,USD,472921000,810421000,337500000.0,337500000.0,225962000,82098000.0,40427000.0,246959000,-7012000.0,122000.0,7134000.0,26467000.0,218950000,43772000.0,175178000.0,226784000.0,253251000,175235000,0,0,0,0,0,0,0,0,0,0,0,0,1,0,0,0,0,0,0,0,0,0,0,0,0,0,0,0,0,0,0,0,0,0,0,0,0,0,0,0,0,0,0,0,0,0,621.9000244140625,2021-09-30,-0.47612160314685825
17,17,INTC,2021-09-30,USD,167962000000.0,61304000000,7870000000.0,7870000000.0,9798000000.0,8400000000.0,106658000000,59733000000.0,7684000000.0,7684000000.0,26786000000.0,26765000000.0,8471000000.0,77875000000,29572000000.0,6792000000.0,4694000000.0,48303000000.0,0.0,35610000000.0,40304000000.0,13863000000.0,5389000000.0,90087000000,63642000000.0,27592000000.0,4086000000,USD,10746000000,19192000000,8446000000.0,8446000000.0,5269000000,1674000000.0,3803000000.0,5519000000,-107000000.0,37000000.0,144000000.0,2959000000.0,6858000000,35000000.0,6823000000.0,7002000000.0,9961000000,6823000000,0,0,0,0,0,0,0,0,0,0,0,0,0,0,0,0,0,0,0,1,0,0,0,0,0,0,0,0,0,0,0,0,0,0,0,0,0,0,0,0,0,0,0,0,0,0,49.07413482666016,2021-09-30,-0.5003825647188502
327,327,ISRG,2021-09-30,USD,12934600000.0,5728000000,1346700000.0,1346700000.0,584900000.0,793600000.0,7206600000,3475800000.0,77200000.0,77200000.0,344300000.0,2785300000.0,217500000.0,1475100000,1027300000.0,120000000.0,478700000.0,447800000.0,0.0,0.0,6120000000.0,492900000.0,103600000.0,11459500000,4390100000.0,400000.0,366800000,USD,971400000,1403300000,431900000.0,431900000.0,442600000,363300000.0,165500000.0,528800000,18500000.0,0.0,58000000.0,82100000.0,461100000,73900000.0,387200000.0,442500000.0,524600000,380500000,0,0,0,0,0,0,0,0,0,0,0,0,0,0,0,0,0,0,0,1,1,1,0,0,0,0,0,0,0,0,0,0,0,0,0,0,0,1,1,0,0,0,0,0,0,0,331.3833312988281,2021-09-30,-0.4343710599240116
350,350,JD,2021-09-30,CNY,74750189023.0,44691154646,14526076924.0,14526076924.0,10026881765.0,2679887034.0,30059034377,52425972000.0,940832230.0,940832230.0,1918138545.0,15837904103.0,1620404818.0,36195528113,31594607831.0,19566600589.0,2078570444.0,4600920281.0,18087168000.0,12492576000.0,5819679363.0,2974609371.0,2250938000.0,33319304875,33805000000.0,215314346000.0,1593500000,CNY,31092000000,218708000000,187616000000.0,187616000000.0,2572000000,3050000000.0,4004000000.0,28520000000,-276139000.0,0.0,276139000.0,1300000000.0,-2616000000,653000000.0,-3268587000.0,1993000000.0,-2340000000,-2802000000,0,0,0,0,0,0,0,0,0,0,0,0,0,0,0,0,0,0,0,0,0,0,0,0,0,0,0,0,0,0,0,0,0,0,0,0,0,1,0,0,0,0,0,0,0,0,65.55091857910156,2021-09-30,-0.2861422224912097
374,374,KHC,2021-09-30,USD,94897000000.0,9557000000,2273000000.0,2273000000.0,2839000000.0,1958000000.0,85340000000,6588000000.0,44803000000.0,44803000000.0,31386000000.0,0.0,2487000000.0,44659000000,8455000000.0,4380000000.0,1035000000.0,36204000000.0,0.0,22937000000.0,23972000000.0,3040000000.0,1638000000.0,50089000000,-1425000000.0,12000000.0,1236000000,USD,2028000000,6324000000,4296000000.0,4296000000.0,1156000000,872000000.0,0.0,872000000,-415000000.0,4000000.0,415000000.0,228000000.0,879000000,143000000.0,736000000.0,1291000000.0,1519000000,736000000,0,0,0,0,0,0,0,0,0,0,0,0,1,0,0,0,0,0,0,1,0,0,0,0,0,0,0,0,0,0,0,0,0,0,1,0,0,0,0,0,0,0,0,0,0,0,30.08663558959961,2021-09-30,-0.0552242662669894
870,870,KLAC,2021-09-30,USD,11146477000.0,6144672000,1509564000.0,1509564000.0,1715339000.0,1582744000.0,5001805000,698547000.0,1157535000.0,1157535000.0,2041338000.0,1115249000.0,221776000.0,7287391000,2523010000.0,380827000.0,52946000.0,4764381000.0,98886000.0,3423436000.0,3542322000.0,898228000.0,620581000.0,3860930000,1801268000.0,2137706000.0,153410000,USD,1270214000,2083838000,813624000.0,813624000.0,818800000,193261000.0,258153000.0,451414000,-38312000.0,0.0,38312000.0,84824000.0,766348000,-302137000.0,1068485000.0,804660000.0,889484000,1068417000,0,0,0,0,0,0,0,0,0,0,0,0,0,0,0,0,0,0,0,0,0,0,0,0,0,0,0,0,0,0,0,0,0,0,0,0,0,1,0,0,0,0,0,0,0,0,319.401611328125,2021-09-30,-0.08431647084812066
1209,1209,LCID,2021-09-30,USD,6139184000.0,4986801000,4796880000.0,4796880000.0,61155000.0,27695000.0,1152383000,965901000.0,986000000.0,986000000.0,4290000000.0,505000.0,100566000.0,1294026000,269408000.0,8914000.0,42553000.0,1024618000.0,191999000.0,0.0,216673000.0,185213000.0,0.0,4845158000,-5020192000.0,164000.0,121703229,USD,-3088000,232000,3320000.0,3320000.0,-497050000,251554000.0,242408000.0,493962000,-2793000.0,0.0,76000.0,14900000.0,-524381000,22000.0,-524403000.0,-524305000.0,-509405000,-524403000,0,0,0,0,0,0,0,0,0,1,1,1,0,0,0,0,0,0,0,0,1,0,0,1,0,0,0,0,0,0,0,0,0,0,0,0,0,1,0,0,0,0,0,0,0,0,253.8000030517578,2021-09-30,-0.4495666065072783
1185,1185,META,2021-09-30,USD,169585000000.0,75421000000,14496000000.0,14496000000.0,1478040500.0,12088000000.0,94164000000,64789000000.0,365000000.0,365000000.0,19065000000.0,43579000000.0,5258000000.0,36225000000,17812000000.0,2195000000.0,1086000000.0,18413000000.0,12640000000.0,0.0,12640000000.0,14067000000.0,6859000000.0,133360000000,79233000000.0,54334000000.0,2859000000,USD,23239000000,29010000000,5771000000.0,5771000000.0,10423000000,2946000000.0,6316000000.0,12816000000,120000000.0,120000000.0,120000000.0,1995000000.0,10565000000,1371000000.0,9194000000.0,10423000000.0,12418000000,9194000000,0,0,0,0,0,1,0,0,0,0,0,0,0,0,0,0,0,0,0,0,1,0,0,0,0,0,0,0,0,0,0,0,0,0,0,0,0,0,0,0,0,0,0,0,0,0,337.03570556640625,2021-09-30,-0.6002239137210061
941,941,MRNA,2021-09-30,USD,20923000000.0,13425000000,5550000000.0,5550000000.0,965000000.0,3199000000.0,7498000000,960000000.0,986000000.0,986000000.0,4290000000.0,3356000000.0,355000000.0,10799000000,9957000000.0,87000000.0,240000000.0,842000000.0,583000000.0,0.0,583000000.0,1088000000.0,1000000.0,10124000000,5090000000.0,8000000.0,434000000,USD,4107000000,4829000000,722000000.0,722000000.0,3558000000,168000000.0,521000000.0,549000000,0.0,4000000.0,4000000.0,70000000.0,3552000000,219000000.0,3333000000.0,3556000000.0,3626000000,3333000000,0,0,0,0,0,0,0,0,0,1,1,1,0,0,0,0,0,0,0,0,1,0,0,0,0,0,1,0,0,0,0,0,0,0,0,0,0,0,0,0,0,0,0,0,0,0,384.8599853515625,2021-09-30,-0.6927454022221073
41,41,MSFT,2021-09-30,USD,335418000000.0,174326000000,19165000000.0,19165000000.0,3411000000.0,27349000000.0,161092000000,75347000000.0,7794000000.0,7794000000.0,50455000000.0,111419000000.0,12982000000.0,183440000000,80528000000.0,14832000000.0,6180000000.0,102912000000.0,10050000000.0,50039000000.0,78935000000.0,14779000000.0,14346000000.0,151978000000,66944000000.0,83751000000.0,7567000000,USD,31671000000,45317000000,13646000000.0,13646000000.0,20238000000,1287000000.0,5599000000.0,11433000000,-19000000.0,520000000.0,539000000.0,3212000000.0,20524000000,19000000.0,20505000000.0,21063000000.0,24275000000,20505000000,0,0,0,0,0,0,0,0,0,0,0,0,0,0,0,0,0,0,0,0,0,0,0,0,0,0,0,0,0,0,0,0,0,0,0,0,0,0,0,0,0,0,0,0,0,0,271.66278076171875,2021-09-30,-0.16696036979296203
917,917,MTCH,2021-09-30,USD,4893626000.0,1052059000,511311000.0,511311000.0,1.0,382897000.0,3841567000,145652000.0,793002000.0,793002000.0,2427450000.0,11874000.0,145977000.0,4953102000,747954000.0,30256000.0,329586000.0,4205148000.0,0.0,3847896000.0,4263484000.0,121027000.0,206201000.0,-68352000,-7975882000.0,277000.0,299994000,USD,569624000,801835000,232211000.0,232211000.0,220590000,103502000.0,66974000.0,349034000,-31850000.0,0.0,31850000.0,10104000.0,149528000,18627000.0,130901000.0,181378000.0,191482000,131210000,0,0,0,0,0,0,0,0,0,0,0,0,0,0,0,0,0,0,0,1,0,0,0,0,0,0,0,0,0,0,0,0,0,0,0,0,0,1,0,0,0,0,0,0,0,0,152.48553466796875,2021-09-30,-0.6958405448374769
421,421,NXPI,2021-09-30,USD,20010000000.0,4721000000,2303000000.0,2303000000.0,1173000000.0,979000000.0,15289000000,2510000000.0,1741000000.0,1741000000.0,9968000000.0,0.0,266000000.0,13038000000,3438000000.0,1140000000.0,999000000.0,9600000000.0,0.0,8594000000.0,9593000000.0,1217000000.0,922000000.0,6738000000,-3730000000.0,59000000.0,271359000,USD,1583000000,2861000000,1278000000.0,1278000000.0,711000000,243000000.0,492000000.0,872000000,-96000000.0,1000000.0,96000000.0,306000000.0,621000000,95000000.0,526000000.0,715000000.0,1021000000,519000000,0,0,0,0,0,0,0,0,0,0,0,0,1,0,0,0,0,0,0,1,0,0,0,0,0,0,0,0,0,0,0,0,0,0,0,0,0,0,0,0,0,0,0,0,0,0,181.0174865722656,2021-09-30,-0.2334021064535744
987,987,PDD,2021-09-30,CNY,166528759000.0,157093286000,11132801000.0,11132801000.0,51230161000.0,4564376000.0,9435473000,2967168000.0,860610000.0,860610000.0,4290000000.0,86785027000.0,3380921000.0,98420789000,86296875000.0,53201246000.0,338709000.0,12123914000.0,776537000.0,11684597000.0,12461134000.0,31612847000.0,1489000.0,68107970000,-24326079000.0,161000.0,1140797200,CNY,14947110000,21505758000,6558648000.0,6558648000.0,2139272000,334806000.0,2422421000.0,12807838000,333482000.0,631913000.0,298431000.0,162881000.0,2494726000,854766000.0,1639960000.0,2139272000.0,2302153000,1639960000,0,0,0,0,0,0,0,0,0,0,0,1,0,0,0,0,0,0,0,0,0,0,0,0,0,0,0,0,0,0,0,0,0,0,0,0,0,0,0,0,0,0,0,0,0,0,90.66999816894533,2021-09-30,-0.30980475245571937
445,445,PYPL,2021-09-30,USD,74534000000.0,54130000000,7782000000.0,7782000000.0,1478040500.0,39553000000.0,20404000000,1900000000.0,808000000.0,808000000.0,9550000000.0,5510000000.0,1285000000.0,52444000000,41695000000.0,37990000000.0,135000000.0,10749000000.0,0.0,7949000000.0,8700000000.0,2556000000.0,0.0,22090000000,15734000000.0,8000000.0,1187000000,USD,3350000000,6182000000,2832000000.0,2832000000.0,1043000000,498000000.0,755000000.0,2307000000,-43000000.0,15000000.0,58000000.0,323000000.0,1165000000,78000000.0,1087000000.0,1223000000.0,1546000000,1087000000,0,0,0,0,0,1,0,0,0,0,0,0,0,0,0,0,0,0,0,1,0,0,0,1,0,0,1,0,0,0,0,0,0,0,0,0,0,0,0,0,0,0,0,0,0,0,258.8262023925781,2021-09-30,-0.6692286908824523
469,469,QCOM,2021-09-30,USD,41240000000.0,20075000000,7116000000.0,7116000000.0,3228000000.0,3579000000.0,21165000000,4559000000.0,1458000000.0,1458000000.0,7246000000.0,5298000000.0,854000000.0,31290000000,11951000000.0,2750000000.0,2170000000.0,19339000000.0,0.0,13701000000.0,16299000000.0,5557000000.0,5274000000.0,9950000000,9822000000.0,8000000.0,1144000000,USD,5399000000,9336000000,3937000000.0,3937000000.0,2902000000,4060000000.0,1878000000.0,2497000000,-118000000.0,20000000.0,138000000.0,425000000.0,3285000000,487000000.0,2799000000.0,2902000000.0,3327000000,2798000000,0,0,0,0,0,0,0,0,0,0,0,0,0,0,0,0,0,0,0,1,0,0,0,0,0,0,1,0,0,0,0,0,0,0,0,0,0,0,0,0,0,0,0,0,0,0,117.50106048583984,2021-09-30,-0.1074425922461767
493,493,REGN,2021-09-30,USD,23671500000.0,13775400000,3432400000.0,3432400000.0,2053800000.0,5452000000.0,9896100000,3395700000.0,986000000.0,986000000.0,4290000000.0,2355200000.0,482000000.0,6413500000,3714800000.0,427000000.0,719000000.0,2698700000.0,719000000.0,1979600000.0,2698600000.0,2061000000.0,719100000.0,17258000000,16739300000.0,100000.0,113900907,USD,2926400000,3452800000,526400000.0,526400000.0,1847200000,445000000.0,592200000.0,1079200000,-14200000.0,0.0,14200000.0,73200000.0,1816600000,184400000.0,1632200000.0,1830800000.0,1904000000,1632200000,0,0,0,0,0,0,0,0,0,1,1,1,0,0,0,0,0,0,0,0,0,0,0,0,0,0,0,0,0,0,0,0,0,0,0,0,0,1,0,0,0,0,0,0,0,0,601.1190185546875,2021-09-30,0.13828955071788918
588,588,SBUX,2021-09-30,USD,31392600000.0,9756400000,6455700000.0,6455700000.0,1603900000.0,1133100000.0,21636200000,14605500000.0,349900000.0,349900000.0,3677300000.0,162200000.0,401500000.0,36707100000,8151400000.0,1211600000.0,2250200000.0,28555700000.0,8989300000.0,13616900000.0,23605100000.0,2745500000.0,737800000.0,-5321200000,-6315700000.0,1200000.0,1187900000,USD,2382200000,8146700000,5764500000.0,5764500000.0,1482200000,501200000.0,0.0,900000000,-99100000.0,21500000.0,120600000.0,377900000.0,2247600000,483000000.0,1764600000.0,2368200000.0,2746100000,1764400000,0,0,0,0,0,0,0,0,0,0,0,0,0,0,0,0,0,0,0,0,0,0,0,0,0,0,0,0,0,0,0,0,0,0,1,0,0,0,0,0,0,0,0,0,0,0,99.12286376953124,2021-09-30,-0.2191145447525874
1002,1002,SGEN,2021-09-30,USD,3977878000.0,3114613000,685173000.0,685173000.0,181375000.0,387169000.0,863265000,269122000.0,266409000.0,266409000.0,274671000.0,1751201000.0,109695000.0,812923000,698434000.0,109957000.0,0.0,114489000.0,58878000.0,0.0,58878000.0,588477000.0,55611000.0,3164955000,-1369411000.0,183000.0,182303000,USD,341410000,424060000,82650000.0,82650000.0,-297963000,180281000.0,459092000.0,639373000,0.0,0.0,58000000.0,19795000.0,-292735000,1112000.0,-293847000.0,-303191000.0,-283396000,-293847000,0,0,0,0,0,0,0,0,0,0,0,0,0,0,0,0,0,1,0,0,1,0,0,0,0,0,0,0,0,0,0,0,0,0,0,0,1,1,1,0,0,0,0,0,0,0,,,
540,540,SIRI,2021-09-30,USD,10094000000.0,1036000000,164000000.0,164000000.0,4000000.0,652000000.0,9058000000,1817000000.0,3225000000.0,3225000000.0,3150000000.0,0.0,10000000.0,12649000000,2832000000.0,1202000000.0,50000000.0,9817000000.0,418000000.0,8827000000.0,9245000000.0,80000000.0,151000000.0,-2555000000,-2563000000.0,4000000.0,411900000,USD,1130000000,2198000000,1068000000.0,1068000000.0,628000000,125000000.0,68000000.0,502000000,-111000000.0,0.0,111000000.0,154000000.0,433000000,90000000.0,343000000.0,544000000.0,698000000,343000000,0,0,0,0,0,0,0,0,0,0,0,0,1,0,0,0,0,0,0,0,0,0,0,0,0,0,0,0,0,0,0,0,0,0,0,0,0,1,0,0,0,0,0,0,0,0,51.4487533569336,2021-09-30,-0.015281921485474026
564,564,SWKS,2021-09-30,USD,8590700000.0,2865400000,882900000.0,882900000.0,885000000.0,756200000.0,5725300000,1501600000.0,1698600000.0,1698600000.0,2176700000.0,137200000.0,204100000.0,3293600000,658500000.0,236000000.0,33000000.0,2635100000.0,177500000.0,2235600000.0,2413100000.0,300900000.0,32200000.0,5297100000,5185800000.0,41300000.0,167300000,USD,603300000,1310900000,707600000.0,707600000.0,394300000,100500000.0,149200000.0,209000000,-10800000.0,100000.0,10800000.0,169900000.0,316200000,-10100000.0,326300000.0,327000000.0,496900000,326300000,0,0,0,0,0,0,0,0,0,0,0,0,0,0,0,0,0,0,0,0,0,0,0,0,0,0,0,0,0,0,0,0,0,0,0,0,0,0,0,0,0,0,0,0,0,0,144.34085083007812,2021-09-30,-0.4725920612056296
161,161,ADI,2021-10-31,USD,52322071000.0,5378317000,1977964000.0,1977964000.0,1200610000.0,1459056000.0,46943754000,1979051000.0,15267170000.0,15267170000.0,26918470000.0,0.0,740687000.0,14329529000,2770312000.0,443434000.0,569239000.0,11559217000.0,52576000.0,6253212000.0,6822451000.0,1424954000.0,1367175000.0,37992542000,7517316000.0,87554000.0,487781000,USD,1452903000,2339568000,886665000.0,886665000.0,99005000,317455000.0,399121000.0,1353898000,-54200000.0,421000.0,54621000.0,478963000.0,-156167000,-231854000.0,75687000.0,-101546000.0,377417000,75687000,0,0,0,0,0,0,0,0,0,0,0,0,1,0,0,0,0,0,0,0,0,0,0,0,0,0,0,0,0,0,0,0,0,0,0,0,0,0,0,0,0,0,0,0,0,0,161.90028381347656,2021-11-01,-0.1700647964896741
208,208,ADSK,2021-10-31,USD,8531000000.0,2654800000,1748900000.0,1748900000.0,1478040500.0,580300000.0,5876200000,555400000.0,498200000.0,498200000.0,3579200000.0,43200000.0,282400000.0,7251100000,3281500000.0,133600000.0,89700000.0,3969600000.0,422700000.0,2626800000.0,3049500000.0,442600000.0,155900000.0,1279900000,-1439100000.0,2821400000.0,222000000,USD,1010500000,1128800000,118300000.0,118300000.0,201500000,112800000.0,281800000.0,809000000,-5900000.0,0.0,21700000.0,41500000.0,187400000,50700000.0,136700000.0,209100000.0,250600000,136700000,0,0,0,0,0,1,0,0,0,0,0,0,0,0,0,0,0,0,0,0,0,0,0,0,0,0,0,0,0,0,0,0,0,0,0,0,0,1,0,0,0,0,0,0,0,0,315.010009765625,2021-11-01,-0.3197041477786622
185,185,AMAT,2021-10-31,USD,25825000000.0,16107000000,4995000000.0,4995000000.0,4309000000.0,4953000000.0,9718000000,1934000000.0,104000000.0,104000000.0,3479000000.0,464000000.0,1386000000.0,13578000000,6344000000.0,1472000000.0,73000000.0,7234000000.0,301000000.0,5452000000.0,5525000000.0,2723000000.0,692000000.0,12247000000,32246000000.0,9000000.0,907000000,USD,2945000000,6123000000,3178000000.0,3178000000.0,2014000000,155000000.0,622000000.0,932000000,-8000000.0,49000000.0,57000000.0,105000000.0,2006000000,294000000.0,1712000000.0,2063000000.0,2168000000,1712000000,0,0,0,0,0,0,0,0,0,0,0,0,0,0,0,0,0,0,0,0,0,0,0,0,0,0,0,0,0,0,0,0,0,0,0,0,0,0,0,0,0,0,0,0,0,0,134.16664123535156,2021-11-01,-0.36179697011570333
704,704,AVGO,2021-10-31,USD,75570000000.0,16586000000,12163000000.0,12163000000.0,1297000000.0,2071000000.0,58984000000,2348000000.0,11374000000.0,11374000000.0,43450000000.0,0.0,1055000000.0,50581000000,6281000000.0,1086000000.0,290000000.0,44300000000.0,0.0,39440000000.0,39730000000.0,2286000000.0,4860000000.0,24989000000,748000000.0,8000000.0,4310776850,USD,4638000000,7407000000,2769000000.0,2769000000.0,2581000000,337000000.0,1200000000.0,2057000000,-434000000.0,0.0,411000000.0,1501000000.0,2169000000,180000000.0,1989000000.0,2603000000.0,4104000000,1989000000,0,0,0,0,0,0,0,0,0,0,0,0,1,0,0,0,0,0,0,1,0,0,0,0,0,0,1,0,0,0,0,0,0,0,0,0,0,1,0,0,0,0,0,0,0,0,48.60346603393555,2021-11-01,-0.08284656898337017
798,798,CPRT,2021-10-31,USD,4918852000.0,2039780000,1298373000.0,1298373000.0,48194000.0,563174000.0,2879072000,2441955000.0,43914000.0,43914000.0,354062000.0,0.0,130039000.0,1125031000,491911000.0,411249000.0,23536000.0,633120000.0,124456000.0,408940000.0,533396000.0,-23536000.0,152014000.0,3793821000,3128317000.0,24000.0,964884000,USD,385030000,810132000,425102000.0,425102000.0,330121000,54909000.0,0.0,54909000,-5107000.0,0.0,5107000.0,31765000.0,325826000,65463000.0,260363000.0,330405000.0,362170000,260363000,0,0,0,0,0,0,0,0,0,0,0,0,1,0,0,0,0,0,0,0,0,0,0,0,0,0,0,0,0,0,0,0,0,0,1,0,0,1,0,0,0,0,0,0,0,0,38.64250183105469,2021-11-01,-0.25587118332856196
1089,1089,CRWD,2021-10-31,USD,3299617000.0,2251450000,1907508000.0,1907508000.0,108636000.0,283272000.0,1048167000,242224000.0,82870000.0,82870000.0,373889000.0,0.0,60670000.0,2340047000,1241547000.0,7167000.0,9706000.0,1098500000.0,37601000.0,739145000.0,776746000.0,185793000.0,341520000.0,948182000,-922938000.0,115000.0,228293000,USD,278387000,380051000,101664000.0,101664000.0,-40264000,56061000.0,97630000.0,318651000,-6403000.0,0.0,6403000.0,17859000.0,-45977000,4473000.0,-50450000.0,-39574000.0,-21715000,-50455000,0,0,0,0,0,0,0,0,0,0,0,0,1,0,0,0,0,0,0,0,0,0,0,0,0,0,0,0,0,0,0,0,0,0,0,0,0,1,0,0,0,0,0,0,0,0,269.1700134277344,2021-11-01,-0.40112200874292236
1281,1281,CSCO,2021-10-31,USD,95981000000.0,37588000000,7619000000.0,7619000000.0,1832000000.0,9376000000.0,58393000000,2238000000.0,3350000000.0,3350000000.0,38802000000.0,15727000000.0,3034000000.0,53280000000,23238000000.0,2261000000.0,506000000.0,30042000000.0,0.0,8996000000.0,9502000000.0,7638000000.0,2438000000.0,42701000000,553000000.0,42621000000.0,4243000000,USD,8053000000,12900000000,4847000000.0,4847000000.0,3438000000,551000000.0,1714000000.0,4615000000,32000000.0,121000000.0,89000000.0,533000000.0,3657000000,677000000.0,2980000000.0,3746000000.0,4279000000,2980000000,0,0,0,0,0,0,0,0,0,0,0,0,0,0,0,0,0,0,0,1,0,0,0,0,0,0,0,0,0,0,0,0,0,0,0,0,0,0,0,0,0,0,0,0,0,0,49.56116485595703,2021-11-01,-0.16477742503518655
303,303,INTU,2021-10-31,USD,14870000000.0,4487000000,2864000000.0,2864000000.0,1478040500.0,522000000.0,10383000000,1194000000.0,3195000000.0,3195000000.0,5613000000.0,386000000.0,715000000.0,5137000000,2138000000.0,531000000.0,67000000.0,2999000000.0,470000000.0,2037000000.0,2507000000.0,614000000.0,454000000.0,9733000000,12333000000.0,10718000000.0,277000000,USD,1590000000,2007000000,417000000.0,417000000.0,195000000,262000000.0,530000000.0,1395000000,-2000000.0,5000000.0,7000000.0,114000000.0,238000000,10000000.0,228000000.0,245000000.0,359000000,228000000,0,0,0,0,0,1,0,0,0,0,0,0,0,0,0,0,0,0,0,0,0,0,0,0,0,0,0,0,0,0,0,0,0,0,0,0,0,0,0,0,0,0,0,0,0,0,592.1578979492188,2021-11-01,-0.2935287517979698
893,893,MRVL,2021-10-31,USD,22018842000.0,2244814000,523502000.0,523502000.0,628600000.0,978261000.0,19774028000,597783000.0,6945251000.0,6945251000.0,11446444000.0,167636000.0,114451000.0,6332498000,1237537000.0,440592000.0,94073000.0,5094961000.0,192715000.0,4504321000.0,4749241000.0,468266000.0,349294000.0,15686344000,1535921000.0,1682000.0,828600000,USD,587800000,1211200000,623400000.0,623400000.0,-33400000,243406000.0,371900000.0,621200000,-35234000.0,189000.0,35400000.0,350900000.0,-67600000,-5000000.0,-62532000.0,-32200000.0,318700000,-62600000,0,0,0,0,0,0,0,0,0,0,0,0,0,0,0,0,0,0,0,0,0,0,0,0,0,0,0,0,0,0,0,0,0,0,0,0,0,0,0,0,0,0,0,0,0,0,67.8056640625,2021-11-01,-0.4221560150612821
397,397,NVDA,2021-10-31,USD,40632000000.0,25806000000,1288000000.0,1288000000.0,2233000000.0,3954000000.0,14826000000,3339000000.0,2454000000.0,2454000000.0,4302000000.0,18010000000.0,321000000.0,16834000000,3612000000.0,1664000000.0,140000000.0,13222000000.0,743000000.0,10944000000.0,11687000000.0,1510000000.0,1535000000.0,23798000000,25359000000.0,3000000.0,25380000000,USD,4631000000,7103000000,2472000000.0,2472000000.0,2671000000,557000000.0,1403000000.0,1960000000,-55000000.0,7000000.0,62000000.0,298000000.0,2638000000,174000000.0,2464000000.0,2700000000.0,2998000000,2464000000,0,0,0,0,0,0,0,0,0,0,0,0,0,0,0,0,0,0,0,0,0,0,0,0,0,0,0,0,0,0,0,0,0,0,0,0,0,0,0,0,0,0,0,0,0,0,25.77391242980957,2021-11-01,-0.47698848652844417
964,964,OKTA,2021-10-31,USD,8996973000.0,2852868000,372372000.0,372372000.0,1478040500.0,253568000.0,6144105000,60751000.0,336354000.0,336354000.0,5401343000.0,2109687000.0,117241000.0,3012418000,988166000.0,11547000.0,15956000.0,2024252000.0,179205000.0,1793970000.0,1989131000.0,200749000.0,33119000.0,5984555000,-1574681000.0,16000.0,153756000,USD,241006000,350680000,109674000.0,109674000.0,-198556000,105149000.0,130535000.0,439562000,-22088000.0,1056000.0,23144000.0,31728000.0,-220644000,667000.0,-221311000.0,-197500000.0,-165772000,-221311000,0,0,0,0,0,1,0,0,0,0,0,0,0,0,0,0,0,0,0,0,0,0,0,0,0,0,0,0,0,0,0,0,0,0,0,0,0,0,0,0,0,0,0,0,0,0,250.1999969482422,2021-11-01,-0.7756994419808323
1137,1137,PANW,2021-10-31,USD,10426400000.0,4839100000,2272900000.0,2272900000.0,1478040500.0,812100000.0,5587300000,324300000.0,471300000.0,471300000.0,2732300000.0,1188500000.0,565600000.0,9907500000,7144400000.0,95300000.0,3672100000.0,2763100000.0,299500000.0,0.0,3971600000.0,575400000.0,107000000.0,518900000,-1503700000.0,2033900000.0,585800000,USD,866800000,1247400000,380600000.0,380600000.0,-82700000,104100000.0,339500000.0,949500000,-6900000.0,0.0,6900000.0,69000000.0,-91200000,12400000.0,-103600000.0,-86100000.0,-17100000,-103600000,0,0,0,0,0,1,0,0,0,0,0,0,0,0,0,0,0,0,0,0,1,0,0,0,0,0,0,0,0,0,0,0,0,0,0,0,0,1,0,0,0,0,0,0,0,0,84.71833038330078,2021-11-01,0.012708793725906053
516,516,ROST,2021-10-31,USD,13915734000.0,7844911000,5259595000.0,5259595000.0,2231242000.0,158765000.0,6070823000,2047000000.0,986000000.0,986000000.0,4290000000.0,0.0,195309000.0,9932517000,4476309000.0,2652881000.0,685666000.0,5456208000.0,0.0,0.0,5688111000.0,1137762000.0,0.0,3983217000,2833520000.0,3537000.0,353081000,USD,1248537000,4574541000,3326004000.0,3326004000.0,522775999,368000000.0,0.0,725761000,0.0,0.0,18936000.0,88045000.0,504032000,119002000.0,471000000.0,522968000.0,611013000,385030000,0,0,0,0,0,0,0,0,1,1,1,1,1,0,0,0,0,0,0,1,1,0,0,1,0,0,0,0,0,0,0,0,0,1,1,0,1,1,0,0,0,0,1,0,0,0,108.59630584716795,2021-11-01,-0.149372397724171
1018,1018,SPLK,2021-10-31,USD,5088942000.0,2717744000,1304381000.0,1304381000.0,96110000.0,866914000.0,2371198000,353977000.0,178818000.0,178818000.0,1401628000.0,305228000.0,241221000.0,4911234000,1524696000.0,35617000.0,0.0,3386538000.0,207291000.0,3095842000.0,3303133000.0,545116000.0,221038000.0,177708000,-3667725000.0,166000.0,160202000,USD,476461000,664751000,188290000.0,188290000.0,-288366000,112750000.0,265145000.0,764827000,-49835000.0,888000.0,50723000.0,27081.0,-337790000,5532000.0,-343322000.0,-263094081.0,-263067000,-343322000,0,0,0,0,0,0,0,0,0,0,0,0,0,0,0,0,0,1,0,0,0,0,0,0,0,0,0,0,0,0,0,0,0,0,0,0,0,0,0,0,0,0,0,0,0,0,,,
1042,1042,WDAY,2021-10-31,USD,9440883000.0,4557879000,1297259000.0,1297259000.0,1478040500.0,865040000.0,4883004000,1389883000.0,387176000.0,387176000.0,2428481000.0,2257722000.0,137858000.0,5225067000,4275050000.0,47928000.0,1295667000.0,950017000.0,286421000.0,635994000.0,2134630000.0,508150000.0,314023000.0,4215816000,-2671332000.0,249000.0,254760000,USD,967539000,1327263000,359724000.0,359724000.0,23945000,121656000.0,455615000.0,943594000,-2965000.0,1195000.0,4160000.0,87127000.0,45502000,2090000.0,43412000.0,49662000.0,136789000,43412000,0,0,0,0,0,1,0,0,0,0,0,0,0,0,0,0,0,0,0,0,0,0,0,0,0,0,0,0,0,0,0,0,0,0,0,0,0,0,0,0,0,0,0,0,0,0,288.07000732421875,2021-11-01,-0.4590897928889712
1066,1066,ZM,2021-10-31,USD,6978971000.0,6112716000,1322435000.0,1322435000.0,294066000.0,377874000.0,866255000,300990000.0,986000000.0,986000000.0,26247000.0,4095520000.0,316887000.0,1865286000,1691380000.0,20064000.0,18074000.0,173906000.0,79319000.0,0.0,97393000.0,415260000.0,173906000.0,5113685000,1557466000.0,297000.0,305939624,USD,779799000,1050756000,270957000.0,270957000.0,290857000,96736000.0,98508000.0,488942000,-2995000.0,117821000.0,2995000.0,12584000.0,410283000,69900000.0,340383000.0,290857000.0,303441000,340383000,0,0,0,0,0,0,0,0,0,1,1,0,0,0,0,0,0,0,0,0,1,0,0,0,0,0,0,0,0,0,0,0,0,0,0,0,0,0,0,0,0,0,0,0,0,0,278.94000244140625,2021-11-01,-0.7008675639524541
1161,1161,ZS,2021-10-31,USD,2271118000.0,1855436000,371696000.0,371696000.0,62067000.0,172028000.0,415682000,157152000.0,29903000.0,29903000.0,58977000.0,1212946000.0,102225000.0,1740919000,715300000.0,14961000.0,20488000.0,1025619000.0,51022000.0,927014000.0,978036000.0,95526000.0,4580000.0,530199000,-692401000.0,140000.0,139296000,USD,178178000,230517000,52339000.0,52339000.0,-74371000,33717000.0,65215999.0,252549000,-13362000.0,473000.0,13835000.0,17274000.0,-88322000,2479000.0,-90801000.0,-74487000.0,-57213000,-90801000,0,0,0,0,0,0,0,0,0,0,0,0,0,0,0,0,0,0,0,0,0,0,0,0,0,0,0,0,0,0,0,0,0,0,0,0,0,0,0,0,0,0,0,0,0,0,318.67999267578125,2021-11-01,-0.5164427963938925
64,64,ADBE,2021-11-30,USD,27241000000.0,8669000000,3844000000.0,3844000000.0,1478040500.0,1878000000.0,18572000000,2116000000.0,1820000000.0,1820000000.0,12668000000.0,1954000000.0,993000000.0,12444000000,6932000000.0,312000000.0,97000000.0,5512000000.0,550000000.0,4123000000.0,4673000000.0,1736000000.0,252000000.0,14797000000,23905000000.0,8000000.0,480000000,USD,3603000000,4110000000,507000000.0,507000000.0,1501000000,274000000.0,657000000.0,2102000000,-28000000.0,0.0,28000000.0,225000000.0,1468000000,235000000.0,1233000000.0,1496000000.0,1721000000,1233000000,0,0,0,0,0,1,0,0,0,0,0,0,0,0,0,0,0,0,0,0,0,0,0,0,0,0,1,0,0,0,0,0,0,0,0,0,0,1,0,0,0,0,0,0,0,0,669.8499755859375,2021-11-30,-0.4850638124244748
751,751,CTAS,2021-11-30,USD,8017410000.0,1779409000,113170000.0,113170000.0,464864000.0,1064577000.0,6238001000,1455052000.0,457525000.0,457525000.0,2931307000.0,0.0,136798000.0,4454283000,2177928000.0,240322000.0,1159663000.0,2276355000.0,162048000.0,1343367000.0,2621922000.0,688808000.0,527117000.0,3563127000,8305075999.0,1686293000.0,424488000,USD,885141000,1922281000,1037140000.0,1037140000.0,381228000,503913000.0,0.0,503913000,-21846000.0,56000.0,21902000.0,98219000.0,359382000,64713000.0,294669000.0,381284000.0,479503000,294669000,0,0,0,0,0,0,0,0,0,0,0,0,1,0,0,0,0,0,0,0,0,0,0,0,0,0,0,0,0,0,0,0,0,0,1,0,0,0,0,0,0,0,0,0,0,0,101.4944839477539,2021-11-30,0.10520582255920341
774,774,STZ,2021-11-30,USD,25527300000.0,3376600000,361300000.0,361300000.0,1518900000.0,917800000.0,22150700000,5519300000.0,2756700000.0,2756700000.0,7848100000.0,0.0,578600000.0,13980900000,2248600000.0,945400000.0,318300000.0,11732300000.0,69600000.0,10083800000.0,10402100000.0,794400000.0,0.0,11238300000,14251600000.0,2200000.0,213161000,USD,1229800000,2321000000,1091200000.0,1091200000.0,847300000,385800000.0,0.0,382500000,-88000000.0,259800000.0,87700000.0,87800000.0,580100000,99300000.0,480800000.0,667800000.0,755600000,470800000,0,0,0,0,0,0,0,0,0,0,0,0,1,0,0,0,0,0,0,0,0,0,0,1,0,0,0,0,0,0,0,0,0,0,1,0,0,0,0,0,0,0,0,0,0,0,208.99615478515625,2021-11-30,0.15731830828460902
1256,1256,AAPL,2021-12-31,USD,381191000000.0,153154000000,37119000000.0,37119000000.0,5876000000.0,65253000000.0,228037000000,39245000000.0,986000000.0,986000000.0,4290000000.0,26794000000.0,18112000000.0,309259000000,147574000000.0,74362000000.0,16169000000.0,161685000000.0,0.0,106629000000.0,122798000000.0,7926000000.0,55056000000.0,71932000000,14435000000.0,58424000000.0,16519291000,USD,54243000000,123945000000,69702000000.0,69702000000.0,41488000000,6449000000.0,6306000000.0,12755000000,-44000000.0,650000000.0,694000000.0,2697000000.0,41241000000,6611000000.0,34630000000.0,41935000000.0,44632000000,34630000000,0,0,0,0,0,0,0,0,0,1,1,1,0,0,0,0,0,0,0,1,0,0,0,0,0,0,0,0,0,0,0,0,0,0,0,0,0,0,0,0,0,0,0,0,0,0,174.37542724609375,2021-12-30,-0.2666438744304712
231,231,ADP,2021-12-31,USD,59102600000.0,51107300000,1745000000.0,1745000000.0,45890400000.0,2736000000.0,7995300000,1116600000.0,1222500000.0,1222500000.0,2330700000.0,19700000.0,46606600000.0,54053000000,49084000000.0,103500000.0,3024500000.0,4969000000.0,363500000.0,2986100000.0,3349600000.0,48727300000.0,843600000.0,5049600000,20011800000.0,63900000.0,422000000,USD,1858200000,4025400000,2167200000.0,2167200000.0,901900000,782300000.0,199700000.0,956300000,-9900000.0,8500000.0,18400000.0,126500000.0,910100000,215700000.0,694400000.0,928500000.0,1055000000,694400000,0,0,0,0,0,0,0,0,0,0,0,0,0,0,0,0,0,0,0,0,0,0,0,0,0,0,0,0,0,0,0,0,0,0,0,0,0,0,0,0,0,0,0,0,0,0,225.5567321777344,2021-12-30,-0.008768721816393321
659,659,AEP,2021-12-31,USD,87668700000.0,7809200000,403400000.0,403400000.0,989200000.0,1941600000.0,79859500000,66001300000.0,986000000.0,986000000.0,52500000.0,220400000.0,4254600000.0,64988500000,12426700000.0,2054600000.0,4865400000.0,52561800000.0,590400000.0,31300700000.0,36658900000.0,3598700000.0,12785000000.0,22433200000,11667100000.0,3408700000.0,504721277,USD,1024800000,4037200000,3012400000.0,3012400000.0,678600000,653100000.0,0.0,346200000,-303600000.0,0.0,301900000.0,745200000.0,468600000,-70000000.0,522800000.0,754700000.0,1499900000,538900000,0,0,0,0,0,0,0,0,0,1,1,0,0,0,0,0,0,0,0,0,0,0,0,0,0,0,0,0,0,0,0,0,0,0,1,0,0,1,0,0,0,0,0,0,0,0,75.903076171875,2021-12-30,0.10728835972454087
635,635,ALGN,2021-12-31,USD,5942110000.0,2494075000,1099370000.0,1099370000.0,230230000.0,990808000.0,3448035000,1203183000.0,109709000.0,109709000.0,418547000.0,71972000.0,101695000.0,2319396000,1924071000.0,163886000.0,22719000.0,395325000.0,102656000.0,102656000.0,125375000.0,550758000.0,174597000.0,3622714000,2619374000.0,8000.0,79431000,USD,744563000,1031099000,286536000.0,286536000.0,220892000,451195000.0,72476000.0,523671000,676000.0,676000.0,880000.0,29588000.0,220012000,29051000.0,190961000.0,220892000.0,250480000,190961000,0,0,0,0,0,0,0,0,0,0,0,0,0,0,0,0,0,0,0,0,0,0,0,0,0,0,0,0,0,0,0,0,0,0,0,0,0,0,0,0,0,0,0,0,0,0,662.219970703125,2021-12-30,-0.6815257720594605
611,611,AMD,2021-12-31,USD,12419000000.0,8583000000,2535000000.0,2535000000.0,1955000000.0,2708000000.0,3836000000,1069000000.0,323000000.0,323000000.0,289000000.0,1073000000.0,312000000.0,4922000000,4240000000.0,1321000000.0,312000000.0,682000000.0,348000000.0,1000000.0,661000000.0,2293000000.0,333000000.0,7497000000,-1451000000.0,12000000.0,1222000000,USD,2426000000,4826000000,2400000000.0,2400000000.0,1207000000,412000000.0,811000000.0,1219000000,-8000000.0,0.0,8000000.0,134000000.0,1203000000,229000000.0,974000000.0,1207000000.0,1341000000,974000000,0,0,0,0,0,0,0,0,0,0,0,0,0,0,0,0,0,0,0,0,0,0,0,0,0,0,0,0,0,0,0,0,0,0,0,0,0,1,0,0,0,0,0,0,0,0,145.14999389648438,2021-12-30,-0.5537719644049177
136,136,AMGN,2021-12-31,USD,61165000000.0,19385000000,7989000000.0,7989000000.0,4086000000.0,5839000000.0,41780000000,5184000000.0,15182000000.0,15182000000.0,14890000000.0,48000000.0,1423000000.0,54465000000,12184000000.0,1366000000.0,87000000.0,42281000000.0,0.0,33222000000.0,33309000000.0,10030000000.0,2465000000.0,6700000000,-24600000000.0,32096000000.0,565000000,USD,5128000000,6846000000,1718000000.0,1718000000.0,2304000000,582000000.0,1348000000.0,2824000000,-335000000.0,0.0,335000000.0,852000000.0,2131000000,232000000.0,1899000000.0,2466000000.0,3318000000,1899000000,0,0,0,0,0,0,0,0,0,0,0,0,0,0,0,0,0,0,0,1,0,0,0,0,0,0,0,0,0,0,0,0,0,0,0,0,0,1,0,0,0,0,0,0,0,0,198.0931396484375,2021-12-30,0.19634258577415653
112,112,AMZN,2021-12-31,USD,420549000000.0,161580000000,36220000000.0,36220000000.0,32640000000.0,32891000000.0,258969000000,216363000000.0,5107000000.0,5107000000.0,15371000000.0,59829000000.0,7391000000.0,282304000000,142266000000.0,78664000000.0,15923000000.0,140038000000.0,67651000000.0,48744000000.0,116395000000.0,51775000000.0,23643000000.0,138245000000,85915000000.0,106000000.0,10320000000,USD,54577000000,137412000000,82835000000.0,82835000000.0,3460000000,2525000000.0,2001000000.0,50983048000,-364000000.0,118000000.0,482000000.0,9802000000.0,14934000000,612000000.0,14322000000.0,3460000000.0,13262000000,14323000000,0,0,0,0,0,0,0,0,0,0,0,0,0,0,0,0,0,0,0,0,0,0,0,0,0,0,0,0,0,0,0,0,0,0,0,0,0,0,0,0,0,0,0,0,0,0,168.64450073242188,2021-12-30,-0.5019108264118392
680,680,ANSS,2021-12-31,USD,6324314000.0,1313919000,667667000.0,667667000.0,-52435000.0,645891000.0,5010395000,87914000.0,763119000.0,763119000.0,3409271000.0,361000.0,52435000.0,1840266000,391528000.0,10863000.0,386964000.0,1448738000.0,104378000.0,753576000.0,1140540000.0,376101000.0,202650000.0,4484048000,4259220000.0,953000.0,88201000,USD,586690000,655667000,68977000.0,68977000.0,238848000,243384000.0,101489000.0,347842000,-2277000.0,534000.0,2811000.0,31664000.0,234973000,31802000.0,203171000.0,237784000.0,269448000,203171000,0,0,0,0,0,0,0,0,0,0,0,0,0,0,0,0,0,0,0,0,0,0,0,0,0,0,0,0,0,0,0,0,0,0,0,0,0,0,0,0,0,0,0,0,0,0,,,
1232,1232,AZN,2021-12-31,USD,105363000000.0,26244000000,6329000000.0,6329000000.0,8983000000.0,8132000000.0,79119000000,2047000000.0,42387000000.0,42387000000.0,19997000000.0,69000000.0,2731000000.0,66076000000,22594000000.0,2824000000.0,1893000000.0,43482000000.0,0.0,0.0,30781000000.0,16498000000.0,0.0,39268000000,1710000000.0,387000000.0,3094000000,USD,7386000000,12011000000,4625000000.0,4625000000.0,-292000000,368000000.0,4145000000.0,7678000000,0.0,0.0,312000000.0,2192000000.0,-636000000,-290000000.0,471000000.0,-324000000.0,1868000000,-347000000,0,0,0,0,0,0,0,0,1,0,0,0,0,0,0,0,0,0,0,1,1,0,0,1,0,0,0,0,0,0,0,0,0,1,0,0,1,1,0,0,0,0,1,0,0,0,106.10227966308594,2021-12-30,0.18707304891235643
1304,1304,BIDU,2021-12-31,CNY,380034000000.0,213315000000,36850000000.0,36850000000.0,1477000000.0,11349000000.0,166719000000,35092000000.0,19898000000.0,19898000000.0,22605000000.0,143243000000.0,11052000000.0,156082000000,74488000000.0,41384000000.0,17537000000.0,81594000000.0,8431000000.0,68401000000.0,91507000000.0,1764000000.0,718000000.0,211459000000,145160000000.0,212170000000.0,352000000,CNY,15799000000,33088000000,17289000000.0,17289000000.0,1958000000,5749000000.0,7390000000.0,13841000000,641000000.0,1514000000.0,873000000.0,1330000000.0,2365000000,1295000000.0,1070000000.0,3238000000.0,4568000000,1715000000,0,0,0,0,0,0,0,0,0,0,0,0,0,0,0,0,0,0,0,0,0,0,0,0,0,0,0,0,0,0,0,0,0,0,0,0,0,0,0,0,0,0,0,0,0,0,150.61000061035156,2021-12-30,-0.24055509733822744
1328,1328,BIIB,2021-12-31,USD,23877300000.0,7856500000,2261400000.0,2261400000.0,1351500000.0,1961700000.0,16020800000,3416400000.0,2221300000.0,2221300000.0,5761100000.0,1541100000.0,740800000.0,12917600000,4298200000.0,589200000.0,999100000.0,8619400000.0,330400000.0,6274000000.0,7603500000.0,2535200000.0,1650900000.0,10896200000,13911700000.0,100000.0,147500000,USD,2073699999,2733800000,660100000.0,660100000.0,506900000,700500000.0,767600000.0,1566800000,-63500000.0,2800000.0,66300000.0,134700000.0,422700000,443200000.0,-38300000.0,578400000.0,713100000,368200000,0,0,0,0,0,0,0,0,0,0,0,0,0,0,0,0,0,0,0,0,0,0,0,0,0,0,0,0,0,0,0,0,0,0,0,0,0,0,0,0,0,0,0,0,0,0,240.0,2021-12-30,0.15383338928222656
727,727,CDNS,2021-12-31,USD,4386299000.0,1715769000,1088940000.0,1088940000.0,115721000.0,337596000.0,2670530000,305911000.0,233265000.0,233265000.0,928358000.0,5956000.0,173512000.0,1645624000,971225000.0,392012000.0,25271000.0,674399000.0,107121000.0,347588000.0,372859000.0,417283000.0,225663000.0,2740675000,3046288000.0,2467701000.0,278253000,USD,703310000,773036000,69726000.0,69726000.0,195680000,65743000.0,288953000.0,507630000,-1617000.0,0.0,4251000.0,26657000.0,194054000,17475000.0,176579000.0,198305000.0,224962000,176579000,0,0,0,0,0,0,0,0,0,0,0,0,0,0,0,0,0,0,0,0,0,0,0,0,0,0,0,0,0,0,0,0,0,0,0,0,0,1,0,0,0,0,0,0,0,0,188.25,2021-12-30,-0.1466666699089061
1352,1352,CHTR,2021-12-31,USD,142491000000.0,3566000000,601000000.0,601000000.0,1478040500.0,2579000000.0,138925000000,34310000000.0,71406000000.0,71406000000.0,29562000000.0,0.0,386000000.0,124335000000,12458000000.0,724000000.0,3266000000.0,111877000000.0,269000000.0,88564000000.0,91830000000.0,7415000000.0,4217000000.0,14050000000,-12675000000.0,8000000.0,180417622,USD,5582000000,13212000000,7630000000.0,7630000000.0,3001000000,98000000.0,0.0,2581000000,-1034000000.0,0.0,1034000000.0,2280000000.0,2058000000,224000000.0,1834000000.0,3092000000.0,5372000000,1610000000,0,0,0,0,0,1,0,0,0,0,0,0,1,0,0,0,0,0,0,0,0,0,0,0,0,0,1,0,0,0,0,0,0,0,1,0,0,1,0,0,0,0,0,0,0,0,657.22998046875,2021-12-30,-0.484046656146662
1112,1112,DDOG,2021-12-31,USD,2380794000.0,1870948000,270973000.0,270973000.0,-6768000.0,268824000.0,509846000,136507000.0,15704000.0,15704000.0,292176000.0,1283473000.0,47678000.0,1339591000,528696000.0,25270000.0,20157000.0,810895000.0,72263000.0,735482000.0,807745000.0,93968000.0,9411000.0,1041203000,-152106000.0,3000.0,345877000,USD,258841000,326198000,67357000.0,67357000.0,8455000,28640000.0,133049000.0,250386000,77000.0,5681000.0,5604000.0,6876000.0,8532000,1363000.0,7169000.0,14136000.0,21012000,7169000,0,0,0,0,0,0,0,0,0,0,0,0,0,0,0,0,0,0,0,0,0,0,0,0,0,0,0,0,0,0,0,0,0,0,0,0,0,0,0,0,0,0,0,0,0,0,178.92999267578125,2021-12-30,-0.5892248197138139
255,255,FISV,2021-12-31,USD,76249000000.0,18870000000,835000000.0,835000000.0,1478040500.0,2860000000.0,57379000000,2047000000.0,14009000000.0,14009000000.0,36433000000.0,0.0,15175000000.0,44299000000,18295000000.0,593000000.0,508000000.0,26004000000.0,0.0,0.0,21237000000.0,15672000000.0,0.0,30952000000,14846000000.0,8000000.0,663900000,USD,2054000000,4257000000,2203000000.0,2203000000.0,533000000,368000000.0,0.0,1521000000,0.0,0.0,170000000.0,781000000.0,418000000,63000000.0,471000000.0,568000000.0,1349000000,333000000,0,0,0,0,0,1,0,0,1,0,0,0,1,0,0,0,0,0,0,1,1,0,0,1,0,0,0,0,0,0,0,0,0,1,1,0,1,1,0,0,0,0,1,0,0,0,104.5199966430664,2021-12-30,-0.03300800860168274
821,821,FTNT,2021-12-31,USD,5919100000.0,3600600000,1319100000.0,1319100000.0,175800000.0,807700000.0,2318500000,687600000.0,63600000.0,63600000.0,125100000.0,1232600000.0,65400000.0,5120700000,2318100000.0,148400000.0,0.0,2802600000.0,0.0,988400000.0,988400000.0,312800000.0,59200000.0,781700000,-467900000.0,800000.0,835000000,USD,735300000,963600000,228300000.0,228300000.0,214900000,41300000.0,112600000.0,520400000,-3500000.0,1000000.0,4500000.0,25300000.0,202500000,3700000.0,198800000.0,211800000.0,237100000,199000000,0,0,0,0,0,0,0,0,0,0,0,0,0,0,0,0,0,1,0,1,0,0,0,0,0,0,0,0,0,0,0,0,0,0,0,0,0,0,0,0,0,0,0,0,0,0,71.95600128173828,2021-12-30,-0.32055702764494454
279,279,GILD,2021-12-31,USD,67952000000.0,14772000000,5338000000.0,5338000000.0,1618000000.0,4493000000.0,53180000000,5121000000.0,33455000000.0,33455000000.0,8332000000.0,1182000000.0,2141000000.0,46888000000,11610000000.0,705000000.0,1516000000.0,35278000000.0,0.0,25179000000.0,26695000000.0,8850000000.0,5743000000.0,21069000000,16324000000.0,1000000.0,1262000000,USD,4617000000,7244000000,2627000000.0,2627000000.0,940000000,915000000.0,2027000000.0,3677000000,-238000000.0,0.0,238000000.0,535000000.0,759000000,383000000.0,376000000.0,997000000.0,1532000000,382000000,0,0,0,0,0,0,0,0,0,0,0,0,0,0,0,0,0,0,0,1,0,0,0,0,0,0,0,0,0,0,0,0,0,0,0,0,0,1,0,0,0,0,0,0,0,0,63.1323471069336,2021-12-30,0.2236564553239
88,88,GOOGL,2021-12-31,USD,359268000000.0,188143000000,20945000000.0,20945000000.0,1170000000.0,39304000000.0,171125000000,97599000000.0,1417000000.0,1417000000.0,22956000000.0,118704000000.0,8020000000.0,107633000000,64254000000.0,6037000000.0,2189000000.0,43379000000.0,11389000000.0,14817000000.0,28395000000.0,51932000000.0,23305000000.0,251635000000,191484000000.0,61774000000.0,13449853947,USD,42337000000,75325000000,32988000000.0,32988000000.0,21885000000,4140000000.0,8708000000.0,20452000000,261000000.0,378000000.0,117000000.0,3439000000.0,24402000000,3760000000.0,20642000000.0,24519000000.0,27958000000,20642000000,0,0,0,0,0,0,0,0,0,0,0,0,0,0,0,0,0,0,0,0,0,0,0,0,0,0,0,0,0,0,0,0,0,0,0,0,0,0,0,0,0,0,0,0,0,0,145.10414123535156,2021-12-30,-0.39651371332697827
845,845,IDXX,2021-12-31,USD,2437203000.0,955655000,144454000.0,144454000.0,269030000.0,425584000.0,1481548000,587667000.0,99035000.0,99035000.0,359345000.0,0.0,116587000.0,1747211000,763579000.0,116140000.0,168427000.0,983632000.0,107308000.0,775205000.0,1031009000.0,396373000.0,208427000.0,689992000,2920440000.0,10688000.0,86142000,USD,456421000,801090000,344669000.0,344669000.0,199191000,83466000.0,45306000.0,257230000,-7308000.0,169000.0,7477000.0,27695000.0,191883000,29112000.0,162771000.0,200060000.0,227755000,162771000,0,0,0,0,0,0,0,0,0,0,0,0,1,0,0,0,0,0,0,0,0,0,0,0,0,0,0,0,0,0,0,0,0,0,0,0,0,0,0,0,0,0,0,0,0,0,661.3200073242188,2021-12-30,-0.3831125825064118
16,16,INTC,2021-12-31,USD,168406000000.0,57718000000,4827000000.0,4827000000.0,10776000000.0,9457000000.0,110688000000,63245000000.0,7270000000.0,7270000000.0,26963000000.0,23586000000.0,9072000000.0,73015000000,27462000000.0,5747000000.0,4600000000.0,45553000000.0,0.0,33510000000.0,38101000000.0,12810000000.0,9191000000.0,95391000000,68265000000.0,28006000000.0,4095000000,USD,11009000000,20528000000,9519000000.0,9519000000.0,5018000000,842000000.0,4049000000.0,5991000000,-154000000.0,33000000.0,134000000.0,3074000000.0,5194000000,571000000.0,4623000000.0,5328000000.0,8402000000,4623000000,0,0,0,0,0,0,0,0,0,0,0,0,0,0,0,0,0,0,0,1,0,0,0,0,0,0,0,0,0,0,0,0,0,0,0,0,0,0,0,0,0,0,0,0,0,0,47.98711013793945,2021-12-30,-0.4689019457240583
326,326,ISRG,2021-12-31,USD,13555000000.0,5844900000,1290900000.0,1290900000.0,587100000.0,893000000.0,7710100000,1876400000.0,70500000.0,70500000.0,343600000.0,2940000000.0,133900000.0,1603500000,1149800000.0,121200000.0,20400000.0,453700000.0,0.0,0.0,87000000.0,597300000.0,453700000.0,11951500000,4760900000.0,400000.0,367400000,USD,1060800000,1550700000,489900000.0,489900000.0,450400000,427000000.0,183400000.0,610400000,3800000.0,0.0,2100000.0,80900000.0,454200000,71500000.0,382700000.0,450400000.0,531300000,380600000,0,0,0,0,0,0,0,0,0,0,0,0,0,0,0,0,0,0,0,1,1,0,0,0,0,0,0,0,0,0,0,0,0,0,0,0,0,1,0,0,0,0,0,0,0,0,363.2999877929688,2021-12-30,-0.2696118496576203
349,349,JD,2021-12-31,CNY,77903614268.0,47019542312,12033389034.0,12033389034.0,12483230953.0,2730118383.0,30884071955,58748766000.0,915844885.0,915844885.0,1950779417.0,17975476005.0,1797327935.0,39182376615,34775432072.0,22042410976.0,1783363537.0,4406944542.0,20385636000.0,9385959000.0,5408929369.0,3272256693.0,1786364000.0,32778836875,5304117928.0,206490000000.0,1555357000,CNY,37121650000,275907003000,238785353000.0,238785353000.0,-391937000,3737413000.0,4105083000.0,37513587000,-447170000.0,0.0,69942192.0,1567855000.0,-5132747000,185688000.0,-5318720000.0,-4686032000.0,-3118177000,-5176291000,0,0,0,0,0,0,0,0,0,0,0,0,0,0,0,0,0,0,0,0,0,0,0,0,0,0,0,0,0,0,0,0,0,0,0,0,0,1,0,0,0,0,0,0,0,0,63.88130187988281,2021-12-30,-0.18258275061058993
373,373,KHC,2021-12-31,USD,93394000000.0,8994000000,3445000000.0,3445000000.0,2729000000.0,1957000000.0,84400000000,6806000000.0,43542000000.0,43542000000.0,31296000000.0,0.0,863000000.0,43942000000,9064000000.0,4753000000.0,754000000.0,34878000000.0,0.0,21061000000.0,21815000000.0,3016000000.0,1542000000.0,49298000000,-1682000000.0,12000000.0,1225000000,USD,2162000000,6709000000,4547000000.0,4547000000.0,-20000000,2525000000.0,140000000.0,6729000000,-602000000.0,2000000.0,604000000.0,233000000.0,-520000000,-265000000.0,-255000000.0,82000000.0,315000000,-255000000,0,0,0,0,0,0,0,0,0,0,0,0,1,0,0,0,0,0,0,1,0,0,0,0,0,0,0,0,0,0,0,0,0,0,0,0,0,0,0,0,0,0,0,0,0,0,29.467832565307617,2021-12-30,0.18971087400080955
869,869,KLAC,2021-12-31,USD,11680237000.0,6701475000,1657057000.0,1657057000.0,1829412000.0,1862783000.0,4978762000,717178000.0,1104991000.0,1104991000.0,2042794000.0,1153404000.0,198819000.0,7633481000,2776098000.0,379875000.0,52467000.0,4857383000.0,95020000.0,3424106000.0,3539126000.0,995126000.0,753589000.0,4048527000,1943981000.0,2181025000.0,152331000,USD,1444468000,2352630000,908162000.0,908162000.0,965958000,213479000.0,265031000.0,478510000,-37852000.0,0.0,37852000.0,85545000.0,926905000,209388000.0,717517000.0,964478000.0,1050023000,717444000,0,0,0,0,0,0,0,0,0,0,0,0,0,0,0,0,0,0,0,0,0,0,0,0,0,0,0,0,0,0,0,0,0,0,0,0,0,1,0,0,0,0,0,0,0,0,408.8305969238281,2021-12-30,-0.10568503364408222
1208,1208,LCID,2021-12-31,USD,7881713000.0,6506977000,6262905000.0,6262905000.0,127250000.0,3148000.0,1374736000,1344127000.0,986000000.0,986000000.0,4290000000.0,0.0,113674000.0,3972358000,396101000.0,41342000.0,30520000.0,3576257000.0,206645000.0,1986791000.0,2208717000.0,324239000.0,3252000.0,3909355000,-6065872000.0,165000.0,163621551,USD,-125081000,26392000,151473000.0,151473000.0,-485684000,196997000.0,163606000.0,360603000,-1263000.0,0.0,1263000.0,36286000.0,-1045662000,18000.0,-1045680000.0,-1044399000.0,-1008113000,-1045680000,0,0,0,0,0,0,0,0,0,1,1,1,0,0,0,0,0,0,0,0,0,0,0,0,0,0,0,0,0,0,0,0,0,0,0,0,0,1,0,0,0,0,0,0,0,0,387.5,2021-12-30,-0.823741927608367
1184,1184,META,2021-12-31,USD,165987000000.0,66666000000,16601000000.0,16601000000.0,1478040500.0,14039000000.0,99321000000,69964000000.0,634000000.0,634000000.0,19197000000.0,31397000000.0,4629000000.0,41108000000,21135000000.0,4083000000.0,1127000000.0,19973000000.0,13873000000.0,0.0,13873000000.0,14108000000.0,19973000000.0,124879000000,69761000000.0,55811000000.0,2799000000,USD,27323000000,33671000000,6348000000.0,6348000000.0,12585000000,3305000000.0,7046000000.0,14738000000,117000000.0,117000000.0,102000000.0,2014000000.0,12702000000,2417000000.0,10285000000.0,12585000000.0,14599000000,10285000000,0,0,0,0,0,1,0,0,0,0,0,0,0,0,0,0,0,0,0,0,1,0,0,0,0,0,0,0,0,0,0,0,0,0,0,0,0,0,0,0,0,0,0,0,0,0,341.97119140625,2021-12-30,-0.6505401441693308
940,940,MRNA,2021-12-31,USD,24669000000.0,16071000000,6848000000.0,6848000000.0,1441000000.0,3323000000.0,8598000000,1383000000.0,986000000.0,986000000.0,4290000000.0,3879000000.0,580000000.0,10524000000,9128000000.0,302000000.0,211000000.0,1396000000.0,916000000.0,0.0,916000000.0,1486000000.0,1396000000.0,14145000000,9958000000.0,-857000000.0,431000000,USD,5997000000,6949000000,952000000.0,952000000.0,5410000000,201000000.0,648000000.0,587000000,1000000.0,7000000.0,6000000.0,78000000.0,5410000000,542000000.0,4868000000.0,5410000000.0,5488000000,4868000000,0,0,0,0,0,0,0,0,0,1,1,1,0,0,0,0,0,0,0,0,1,0,0,0,0,0,0,0,0,0,0,0,0,0,0,0,0,0,0,0,0,0,0,0,0,0,251.6000061035156,2021-12-30,-0.28608906693234903
40,40,MSFT,2021-12-31,USD,340389000000.0,174188000000,20604000000.0,20604000000.0,3019000000.0,33520000000.0,166201000000,67214000000.0,7462000000.0,7462000000.0,50921000000.0,104765000000.0,12280000000.0,180379000000,77510000000.0,15314000000.0,4998000000.0,102869000000.0,10774000000.0,48260000000.0,64032000000.0,23197000000.0,54410000000.0,160010000000,75045000000.0,84528000000.0,7555000000,USD,34768000000,51728000000,16960000000.0,16960000000.0,22247000000,1384000000.0,5758000000.0,12521000000,-22000000.0,503000000.0,525000000.0,3496000000.0,22515000000,3750000000.0,18765000000.0,23040000000.0,26536000000,18765000000,0,0,0,0,0,0,0,0,0,0,0,0,0,0,0,0,0,0,0,0,0,0,0,0,0,0,0,0,0,0,0,0,0,0,0,0,0,0,0,0,0,0,0,0,0,0,327.5724792480469,2021-12-30,-0.2866107782869125
916,916,MTCH,2021-12-31,USD,5063288000.0,1218252000,815384000.0,815384000.0,120696000.0,188482000.0,3845036000,163256000.0,771697000.0,771697000.0,2411996000.0,11818000.0,202568000.0,5257870000,1168295000.0,37871000.0,99927000.0,4089575000.0,0.0,3829421000.0,3929348000.0,735641000.0,116051000.0,-203769000,-8144514000.0,283000.0,282979000,USD,571527000,806070000,234543000.0,234543000.0,231917000,110261000.0,66366000.0,339610000,-34586000.0,0.0,34586000.0,23818000.0,-226821000,-58097000.0,-168724000.0,-192235000.0,-168417000,-168632000,0,0,0,0,0,0,0,0,0,0,0,0,0,0,0,0,0,0,0,1,0,0,0,0,0,0,0,0,0,0,0,0,0,0,0,0,0,1,0,0,0,0,0,0,0,0,129.3781280517578,2021-12-30,-0.6885135202870647
420,420,NXPI,2021-12-31,USD,20864000000.0,5228000000,2830000000.0,2830000000.0,1189000000.0,923000000.0,15636000000,2635000000.0,1694000000.0,1694000000.0,9961000000.0,0.0,286000000.0,14094000000,2452000000.0,1252000000.0,56000000.0,11642000000.0,0.0,10572000000.0,10572000000.0,1118000000.0,1013000000.0,6528000000,-5371000000.0,56000000.0,268926000,USD,1707000000,3039000000,1332000000.0,1332000000.0,807000000,257000000.0,507000000.0,900000000,-101000000.0,1000000.0,96000000.0,310000000.0,682000000,72000000.0,610000000.0,780000000.0,1090000000,602000000,0,0,0,0,0,0,0,0,0,0,0,0,1,0,0,0,0,0,0,1,0,0,0,0,0,0,0,0,0,0,0,0,0,0,0,0,0,0,0,0,0,0,0,0,0,0,211.80328369140625,2021-12-30,-0.29468342465891584
986,986,PDD,2021-12-31,CNY,168718621000.0,146164961000,7404992000.0,7404992000.0,14196000.0,4187876000.0,22553660000,3141860000.0,701220000.0,701220000.0,4290000000.0,87815868000.0,46756225000.0,92065644000,77522397000.0,47166443000.0,418356000.0,14543247000.0,971427000.0,11788907000.0,14928998000.0,28876942000.0,996000.0,76652977000,-13740576000.0,162000.0,1137618800,CNY,20715353000,27230862000,6515509000.0,6515509000.0,6906967000,419962000.0,2022595000.0,13808386000,611527000.0,914643000.0,303116000.0,373845000.0,7698365000,1078819000.0,6619546000.0,6906967000.0,7280812000,6619546000,0,0,0,0,0,0,0,0,0,0,0,1,0,0,0,0,0,0,0,0,0,0,0,0,0,0,0,0,0,0,0,0,0,0,0,0,0,0,0,0,0,0,0,0,0,0,59.45000076293945,2021-12-30,0.3717409925181243
444,444,PYPL,2021-12-31,USD,75803000000.0,52574000000,5197000000.0,5197000000.0,1478040500.0,41787000000.0,23229000000,1909000000.0,1332000000.0,1332000000.0,11454000000.0,4303000000.0,1287000000.0,54076000000,43029000000.0,39038000000.0,142000000.0,11047000000.0,0.0,8049000000.0,8811000000.0,2756000000.0,0.0,21727000000,16535000000.0,8000000.0,1187000000,USD,3616000000,6918000000,3302000000.0,3302000000.0,1050000000,570000000.0,796000000.0,2566000000,-45000000.0,14000000.0,59000000.0,326000000.0,706000000,-95000000.0,801000000.0,765000000.0,1091000000,801000000,0,0,0,0,0,1,0,0,0,0,0,0,0,0,0,0,0,0,0,1,0,0,0,1,0,0,1,0,0,0,0,0,0,0,0,0,0,0,0,0,0,0,0,0,0,0,190.8595733642578,2021-12-30,-0.6288304854753768
468,468,QCOM,2021-12-31,USD,42820000000.0,20222000000,6607000000.0,6607000000.0,3861000000.0,4032000000.0,22598000000,4723000000.0,1373000000.0,1373000000.0,7264000000.0,4703000000.0,1019000000.0,31487000000,12273000000.0,3526000000.0,2042000000.0,19214000000.0,0.0,13708000000.0,15750000000.0,4414000000.0,5249000000.0,11333000000,11275000000.0,8000000.0,1142000000,USD,6402000000,10705000000,4303000000.0,4303000000.0,3864000000,608000000.0,1930000000.0,2538000000,-122000000.0,17000000.0,139000000.0,406000000.0,3865000000,466000000.0,3399000000.0,3864000000.0,4270000000,3399000000,0,0,0,0,0,0,0,0,0,0,0,0,0,0,0,0,0,0,0,1,0,0,0,0,0,0,1,0,0,0,0,0,0,0,0,0,0,0,0,0,0,0,0,0,0,0,167.09674072265625,2021-12-30,-0.38535499338316326
492,492,REGN,2021-12-31,USD,25434800000.0,14014900000,2885600000.0,2885600000.0,1951300000.0,6036500000.0,11419900000,3482200000.0,6700000.0,6700000.0,-6844700000.0,2809100000.0,332400000.0,6666000000,3932500000.0,564000000.0,719700000.0,2733500000.0,719700000.0,1980000000.0,2699700000.0,1880500000.0,753500000.0,18768800000,18968300000.0,100000.0,113200000,USD,3894600000,4951700000,1057099999.0,1057099999.0,2639700000,559600000.0,711100000.0,1254900000,-14100000.0,0.0,14100000.0,74500000.0,2503400000,274400000.0,2229000000.0,2517500000.0,2592000000,2229000000,0,0,0,0,0,0,0,0,0,0,0,0,0,0,0,0,0,0,0,0,0,0,0,0,0,0,0,0,0,0,0,0,0,0,0,0,0,1,0,0,0,0,0,0,0,0,638.1985473632812,2021-12-30,0.12292395597080974
587,587,SBUX,2021-12-31,USD,28833900000.0,7255100000,3969400000.0,3969400000.0,1637100000.0,1151500000.0,21578800000,14601400000.0,302500000.0,302500000.0,3675700000.0,87400000.0,409700000.0,37284200000,8921100000.0,1289400000.0,2452600000.0,28363100000.0,8961300000.0,13586300000.0,23746900000.0,2532700000.0,621100000.0,-8457200000,-8753000000.0,1200000.0,1176600000,USD,2123500000,8050400000,5926900000.0,5926900000.0,1177800000,525800000.0,0.0,945700000,-115400000.0,0.0,115400000.0,386400000.0,1062400000,246300000.0,816100000.0,1177800000.0,1564200000,815900000,0,0,0,0,0,0,0,0,0,0,0,0,0,0,0,0,0,0,0,0,0,0,0,0,0,0,0,0,0,0,0,0,0,0,1,0,0,1,0,0,0,0,0,0,0,0,104.90186309814452,2021-12-30,-0.12631092888810558
1001,1001,SGEN,2021-12-31,USD,3719604000.0,2160036000,424834000.0,424834000.0,200663000.0,389256000.0,1559568000,210073000.0,260593000.0,260593000.0,274671000.0,1735202000.0,119239000.0,654465000,568854000.0,114824000.0,0.0,85611000.0,56665000.0,0.0,56665000.0,454030000.0,85611000.0,3065139000,-1544039000.0,183000.0,183095000,USD,343162000,429851000,86689000.0,86689000.0,-172069000,210937000.0,304294000.0,515231000,0.0,0.0,58000000.0,21421000.0,-176973000,-2345000.0,-168601000.0,-188586000.0,-167165000,-174628000,0,0,0,0,0,0,0,0,0,0,0,0,0,0,0,0,0,1,0,0,1,0,0,0,0,0,0,0,0,0,0,0,0,0,0,0,1,1,1,0,0,0,0,0,0,0,,,
539,539,SIRI,2021-12-31,USD,10274000000.0,1180000000,191000000.0,191000000.0,246000000.0,722000000.0,9094000000,1808000000.0,3186000000.0,3186000000.0,3151000000.0,0.0,21000000.0,12899000000,2980000000.0,1299000000.0,49000000.0,9919000000.0,411000000.0,8832000000.0,9243000000.0,178000000.0,150000000.0,-2625000000,-2636000000.0,4000000.0,406100000,USD,1153000000,2281000000,1128000000.0,1128000000.0,475000000,138000000.0,68000000.0,678000000,-102000000.0,0.0,102000000.0,139000000.0,374000000,55000000.0,319000000.0,476000000.0,615000000,319000000,0,0,0,0,0,0,0,0,0,0,0,0,1,0,0,0,0,0,0,0,0,0,0,0,0,0,0,0,0,0,0,0,0,0,0,0,0,1,0,0,0,0,0,0,0,0,54.331878662109375,2021-12-30,-0.04269406469637649
563,563,SWKS,2021-12-31,USD,8618500000.0,2629400000,876400000.0,876400000.0,838500000.0,774000000.0,5989100000,1547600000.0,1631600000.0,1631600000.0,2176700000.0,137000000.0,237500000.0,3284300000,1097800000.0,279400000.0,29700000.0,2186500000.0,196800000.0,2186500000.0,2216200000.0,44300000.0,415900000.0,5334200000,5493200000.0,41100000.0,166400000,USD,681400000,1510400000,829000000.0,829000000.0,448300000,82000000.0,151100000.0,233100000,-11000000.0,0.0,11000000.0,181500000.0,436100000,36200000.0,399900000.0,447100000.0,628600000,399900000,0,0,0,0,0,0,0,0,0,0,0,0,0,0,0,0,0,0,0,0,0,0,0,0,0,0,0,0,0,0,0,0,0,0,0,0,0,1,0,0,0,0,0,0,0,0,136.9519500732422,2021-12-30,-0.40200609830352985
160,160,ADI,2022-01-31,USD,51215614000.0,4636695000,1790399000.0,1790399000.0,972571000.0,1636928000.0,46578919000,2037290000.0,14762722000.0,14762722000.0,26940594000.0,0.0,236797000.0,13788302000,2221906000.0,436227000.0,0.0,11566396000.0,0.0,6253575000.0,6253575000.0,1385259000.0,1360636000.0,37427312000,7434748000.0,87221000.0,530142000,USD,1673393000,2684293000,1010900000.0,1010900000.0,364757000,297365000.0,426780000.0,1308636000,-51746000.0,218000.0,51964000.0,569810000.0,323555000,43478000.0,280077000.0,375519000.0,945329000,280077000,0,0,0,0,0,0,0,0,0,0,0,0,1,0,0,0,0,1,0,1,0,0,0,0,0,0,0,0,0,0,0,0,0,0,0,0,0,0,0,0,0,0,0,0,0,0,152.28562927246094,2022-01-31,0.06553982784497814
207,207,ADSK,2022-01-31,USD,8606800000.0,2764000000,1528000000.0,1528000000.0,1478040500.0,716000000.0,5843000000,467000000.0,493800000.0,493800000.0,3603800000.0,236000000.0,284000000.0,7757700000,4009000000.0,121000000.0,437000000.0,3748300000.0,432400000.0,2277900000.0,3060000000.0,558300000.0,148900000.0,849100000,-1950000000.0,2923100000.0,221200000,USD,1087000000,1209900000,122900000.0,122900000.0,150500000,227600000.0,289600000.0,936500000,-35300000.0,0.0,25900000.0,34200000.0,107100000,18000000.0,89100000.0,133000000.0,167200000,89100000,0,0,0,0,0,1,0,0,0,0,0,0,0,0,0,0,0,0,0,0,0,0,0,0,0,0,0,0,0,0,0,0,0,0,0,0,0,1,0,0,0,0,0,0,0,0,249.7899932861328,2022-01-31,-0.13863641680935967
184,184,AMAT,2022-01-31,USD,25428000000.0,15707000000,5264000000.0,5264000000.0,4526000000.0,4405000000.0,9721000000,1974000000.0,94000000.0,94000000.0,3479000000.0,473000000.0,1039000000.0,13538000000,6264000000.0,1502000000.0,76000000.0,7274000000.0,303000000.0,5454000000.0,5530000000.0,2289000000.0,752000000.0,11890000000,33827000000.0,9000000.0,897000000,USD,2959000000,6271000000,3312000000.0,3312000000.0,1976000000,166000000.0,654000000.0,987000000,-51000000.0,6000000.0,57000000.0,102000000.0,1925000000,133000000.0,1792000000.0,1972000000.0,2074000000,1792000000,0,0,0,0,0,0,0,0,0,0,0,0,0,0,0,0,0,0,0,0,0,0,0,0,0,0,0,0,0,0,0,0,0,0,0,0,0,0,0,0,0,0,0,0,0,0,133.10205078125,2022-01-31,-0.18567229807808716
703,703,AVGO,2022-01-31,USD,73224000000.0,15341000000,10219000000.0,10219000000.0,1520000000.0,2539000000.0,57883000000,2303000000.0,10244000000.0,10244000000.0,43450000000.0,0.0,1063000000.0,50230000000,6287000000.0,1078000000.0,300000000.0,43943000000.0,0.0,39205000000.0,39505000000.0,1882000000.0,4738000000.0,22994000000,4984000000.0,8000000.0,4290000000,USD,5049000000,7706000000,2657000000.0,2657000000.0,3127000000,321000000.0,1206000000.0,1924000000,-407000000.0,0.0,407000000.0,1287000000.0,2687000000,215000000.0,2472000000.0,3094000000.0,4381000000,2472000000,0,0,0,0,0,0,0,0,0,0,0,0,1,0,0,0,0,0,0,1,0,0,0,0,0,0,1,0,0,0,0,0,0,0,0,0,0,1,0,0,0,0,0,0,0,0,54.27128219604492,2022-01-31,0.03062882818178614
797,797,CPRT,2022-01-31,USD,5136956000.0,2189373000,971651000.0,971651000.0,52979000.0,646055000.0,2947583000,2496322000.0,42731000.0,42731000.0,352908000.0,374866000.0,143822000.0,1047100000,417860000.0,367699000.0,23126000.0,629240000.0,121585000.0,403829000.0,525414000.0,-23126000.0,155652000.0,4089856000,3415379000.0,24000.0,964748000,USD,403342000,867460000,464118000.0,464118000.0,347328000,51001000.0,0.0,56014000,-4433000.0,0.0,4433000.0,33303000.0,342055000,54643000.0,287412000.0,347603000.0,380906000,287412000,0,0,0,0,0,0,0,0,0,0,0,0,0,0,0,0,0,0,0,0,0,0,0,0,0,0,0,0,0,0,0,0,0,0,1,0,0,1,0,0,0,0,0,0,0,0,32.3125,2022-01-31,0.03071567675592357
1088,1088,CRWD,2022-01-31,USD,3618381000.0,2444130000,1996633000.0,1996633000.0,126822000.0,368145000.0,1174250999,292312000.0,97336000.0,97336000.0,416445000.0,0.0,79352000.0,2580738000,1406830000.0,47634000.0,9820000.0,1173908000.0,35199000.0,739517000.0,774716000.0,202179000.0,25379000.0,1025763999,-964918000.0,115000.0,229662000,USD,318390000,431010000,112620000.0,112620000.0,-23534000,74312000.0,105018000.0,341924000,-6302000.0,0.0,6302000.0,20491000.0,-28157000,13582000.0,-41739000.0,-21855000.0,-1364000,-41980000,0,0,0,0,0,0,0,0,0,0,0,0,1,0,0,0,0,0,0,0,0,0,0,0,0,0,0,0,0,0,0,0,0,0,0,0,0,1,0,0,0,0,0,0,0,0,180.63999938964844,2022-01-31,-0.4137510967465853
1280,1280,CSCO,2022-01-31,USD,94262000000.0,36799000000,6731000000.0,6731000000.0,2059000000.0,10000000000.0,57463000000,2140000000.0,3079000000.0,3079000000.0,38679000000.0,14382000000.0,3627000000.0,54766000000,25915000000.0,2101000000.0,2502000000.0,28851000000.0,0.0,8969000000.0,11471000000.0,8207000000.0,2209000000.0,39496000000,-2006000000.0,42291000000.0,4205000000,USD,8049000000,12720000000,4671000000.0,4671000000.0,3487000000,544000000.0,1670000000.0,4562000000,23000000.0,111000000.0,88000000.0,516000000.0,3603000000,630000000.0,2973000000.0,3691000000.0,4207000000,2973000000,0,0,0,0,0,0,0,0,0,0,0,0,0,0,0,0,0,0,0,1,0,0,0,0,0,0,0,0,0,0,0,0,0,0,0,0,0,0,0,0,0,0,0,0,0,0,49.47108840942383,2022-01-31,-0.09641911365720246
302,302,INTU,2022-01-31,USD,26303000000.0,3490000000,1257000000.0,1257000000.0,1478040500.0,1130000000.0,22813000000,1270000000.0,7388000000.0,7388000000.0,13732000000.0,157000000.0,946000000.0,10708000000,2968000000.0,883000000.0,76000000.0,7740000000.0,429000000.0,6732000000.0,7237000000.0,758000000.0,73000000.0,15595000000,12235000000.0,17202000000.0,287000000,USD,2108000000,2673000000,565000000.0,565000000.0,56000000,399000000.0,590000000.0,2052000000,-26000000.0,0.0,21000000.0,215000000.0,30000000,-70000000.0,100000000.0,51000000.0,266000000,100000000,0,0,0,0,0,1,0,0,0,0,0,0,0,0,0,0,0,0,0,0,0,0,0,0,0,0,0,0,0,0,0,0,0,0,0,0,0,0,0,0,0,0,0,0,0,0,540.67041015625,2022-01-31,-0.2334470754353184
892,892,MRVL,2022-01-31,USD,22108600000.0,2493400000,613500000.0,613500000.0,720300000.0,1048600000.0,19615200000,502200000.0,6643600000.0,6643600000.0,11511100000.0,177648000.0,111000000.0,6406500000,1388600000.0,461500000.0,101400000.0,5017900000.0,174000000.0,4465300000.0,4726500000.0,763400000.0,340000000.0,15702100000,1491400000.0,1700000.0,862062000,USD,686434000,1342978000,656544000.0,656544000.0,34652000,250412000.0,399269000.0,651782000,-35800000.0,500000.0,34963000.0,371041000.0,2074000,-4094000.0,-165700000.0,37037000.0,408078000,6168000,0,0,0,0,0,0,0,0,0,0,0,0,0,0,0,0,0,0,0,0,0,0,0,0,0,0,0,0,0,0,0,0,0,0,0,0,0,0,0,0,0,0,0,0,0,0,70.25494384765625,2022-01-31,-0.39253518722356917
396,396,NVDA,2022-01-31,USD,44187000000.0,28829000000,1990000000.0,1990000000.0,2605000000.0,4650000000.0,15358000000,3607000000.0,2339000000.0,2339000000.0,4349000000.0,19218000000.0,366000000.0,17575000000,4335000000.0,1783000000.0,1409000000.0,13240000000.0,741000000.0,10946000000.0,12355000000.0,843000000.0,1553000000.0,26612000000,16235000000.0,3000000.0,25450000000,USD,4999000000,7643000000,2644000000.0,2644000000.0,2970000000,563000000.0,1466000000.0,2029000000,-52000000.0,9000000.0,61000000.0,309000000.0,2865000000,-138000000.0,3003000000.0,2926000000.0,3235000000,3003000000,0,0,0,0,0,0,0,0,0,0,0,0,0,0,0,0,0,0,0,0,0,0,0,0,0,0,0,0,0,0,0,0,0,0,0,0,0,0,0,0,0,0,0,0,0,0,24.438663482666016,2022-01-31,-0.20136943258269913
963,963,OKTA,2022-01-31,USD,9206000000.0,3041000000,260000000.0,260000000.0,1478040500.0,398000000.0,6165000000,213428000.0,317000000.0,317000000.0,5401000000.0,2242000000.0,141000000.0,3284000000,1243000000.0,20000000.0,43000000.0,2041000000.0,197131000.0,1815714000.0,2030000000.0,200000000.0,54708000.0,5922000000,-1816000000.0,16000.0,154720000,USD,263513000,383015000,119502000.0,119502000.0,-214426000,108908000.0,147454000.0,477939000,-21260000.0,2146000.0,23406000.0,30981000.0,-235686000,5500000.0,-241186000.0,-212280000.0,-181299000,-241186000,0,0,0,0,0,1,0,0,0,0,0,0,0,0,0,0,0,0,0,0,0,0,0,0,0,0,0,0,0,0,0,0,0,0,0,0,0,0,0,0,0,0,0,0,0,0,197.88999938964844,2022-01-31,-0.6280256665956507
1136,1136,PANW,2022-01-31,USD,10400500000.0,4868600000,1922700000.0,1922700000.0,1478040500.0,952200000.0,5531900000,601500000.0,443900000.0,443900000.0,2731300000.0,1417600000.0,576100000.0,10282700000,7406400000.0,120400000.0,3673900000.0,2876300000.0,282400000.0,0.0,3956300000.0,653900000.0,102900000.0,117800000,-1597200000.0,1745200000.0,589000000,USD,911600000,1316900000,405300000.0,405300000.0,-73900000,97700000.0,359000000.0,985500000,-6800000.0,0.0,6800000.0,69700000.0,-80800000,12700000.0,-93500000.0,-75800000.0,-6100000,-93500000,0,0,0,0,0,1,0,0,0,0,0,0,0,0,0,0,0,0,0,0,1,0,0,0,0,0,0,0,0,0,0,0,0,0,0,0,0,1,0,0,0,0,0,0,0,0,86.23332977294922,2022-01-31,-0.08017004673631034
515,515,ROST,2022-01-31,USD,13640256000.0,7473176000,4922365000.0,4922365000.0,2262273000.0,119247000.0,6167080000,2047000000.0,986000000.0,986000000.0,4290000000.0,0.0,169291000.0,9580206000,4214929000.0,2372302000.0,630517000.0,5365277000.0,0.0,0.0,5622139000.0,1201861000.0,0.0,4060050000,2874898000.0,3517000.0,351245000,USD,1247013000,5020649000,3773636000.0,3773636000.0,491146000,690767000.0,0.0,755867000,0.0,0.0,18034000.0,98525000.0,473318000,106496000.0,471000000.0,491352000.0,589877000,366822000,0,0,0,0,0,0,0,0,1,1,1,1,1,0,0,0,0,0,0,1,1,0,0,1,0,0,0,0,0,0,0,0,0,0,1,0,1,1,0,0,0,0,1,0,0,0,93.34983825683594,2022-01-31,0.22542852589380935
1017,1017,SPLK,2022-01-31,USD,5790875000.0,3276887000,1428691000.0,1428691000.0,102322000.0,1306666000.0,2513988000,354098000.0,164769000.0,164769000.0,1401628000.0,286337000.0,255193000.0,5568104000,2098742000.0,59206000.0,0.0,3469362000.0,225556000.0,3137731000.0,3363287000.0,654931000.0,19491000.0,222771000,-3808548000.0,167000.0,159217000,USD,710753000,901119000,190366000.0,190366000.0,-78686000,122486000.0,257522000.0,789439000,-50463000.0,809000.0,51272000.0,54880.0,-131422000,9401000.0,-140823000.0,-55684880.0,-55630000,-140823000,0,0,0,0,0,0,0,0,0,0,0,0,0,0,0,0,0,1,0,0,0,0,0,0,0,0,0,0,0,0,0,0,0,0,0,0,0,0,0,0,0,0,0,0,0,0,,,
1041,1041,WDAY,2022-01-31,USD,10498505000.0,5061108000,1534273000.0,1534273000.0,1478040500.0,1242545000.0,5437397000,1370883000.0,413794000.0,413794000.0,2840044000.0,2109888000.0,174402000.0,5963423000,5067855000.0,55487000.0,1302946000.0,895568000.0,262959000.0,617354000.0,2102756000.0,598475000.0,24225000.0,4535082000,-2744585000.0,251000.0,254377000,USD,986344000,1376141000,389797000.0,389797000.0,-100962000,138621000.0,537738000.0,1087306000,-3031000.0,1044000.0,4075000.0,88750000.0,-83821000,-10568000.0,-73253000.0,-79746000.0,9004000,-73253000,0,0,0,0,0,1,0,0,0,0,0,0,0,0,0,0,0,0,0,0,0,0,0,0,0,0,0,0,0,0,0,0,0,0,0,0,0,0,0,0,0,0,0,0,0,0,253.00999450683597,2022-01-31,-0.28291373220483873
1065,1065,ZM,2022-01-31,USD,7551318000.0,6183807000,1062820000.0,1062820000.0,322168000.0,419673000.0,1367511000,318319000.0,23992000.0,23992000.0,27607000.0,4356446000.0,344868000.0,1771300000,1579691000.0,7841000.0,20697000.0,191609000.0,85018000.0,0.0,105715000.0,298561000.0,68110000.0,5780018000,2048107000.0,299000.0,306125821,USD,814029000,1071376000,257347000.0,257347000.0,251819000,119799000.0,116996000.0,562210000,0.0,119736000.0,113285000.0,12913000.0,138534000,-352107000.0,490641000.0,97322000.0,110235000,490641000,0,0,0,0,0,0,0,0,0,0,0,0,0,0,0,0,0,0,0,0,1,0,0,0,0,0,0,0,0,0,0,0,0,0,0,0,1,0,0,0,0,0,0,0,0,0,154.27999877929688,2022-01-31,-0.5138708802604399
1160,1160,ZS,2022-01-31,USD,2422021000.0,1989165000,409819000.0,409819000.0,69025000.0,269449000.0,432856000,164032000.0,29272000.0,29272000.0,59823000.0,1211390000.0,101768000.0,1882654000,836042000.0,13499000.0,19665000.0,1046612000.0,48945000.0,940692000.0,989637000.0,114959000.0,4628000.0,539367000,-792821000.0,141000.0,140515000,USD,197549000,255563000,58014000.0,58014000.0,-83932000,37444000.0,69142000.0,281481000,-13483000.0,557000.0,14040000.0,18599000.0,-98259000,2161000.0,-100420000.0,-84219000.0,-65620000,-100420000,0,0,0,0,0,0,0,0,0,0,0,0,0,0,0,0,0,0,0,0,0,0,0,0,0,0,0,0,0,0,0,0,0,0,0,0,0,0,0,0,0,0,0,0,0,0,257.1099853515625,2022-01-31,-0.5170938091247694
63,63,ADBE,2022-02-28,USD,25976000000.0,7476000000,2739000000.0,2739000000.0,1478040500.0,1685000000.0,18500000000,2138000000.0,1743000000.0,1743000000.0,12795000000.0,1962000000.0,1090000000.0,12201000000,7197000000.0,295000000.0,592000000.0,5004000000.0,540000000.0,3626000000.0,4665000000.0,1333000000.0,262000000.0,13775000000,24961000000.0,8000000.0,475000000,USD,3750000000,4262000000,512000000.0,512000000.0,1580000000,269000000.0,701000000.0,2170000000,-28000000.0,0.0,28000000.0,235000000.0,1543000000,277000000.0,1266000000.0,1571000000.0,1806000000,1266000000,0,0,0,0,0,1,0,0,0,0,0,0,0,0,0,0,0,0,0,0,0,0,0,0,0,0,1,0,0,0,0,0,0,0,0,0,0,1,0,0,0,0,0,0,0,0,467.6799926757813,2022-02-28,-0.3073254847752076
750,750,CTAS,2022-02-28,USD,8168600000.0,1805007000,84136000.0,84136000.0,486750000.0,1070679000.0,6363593000,1480171000.0,476349000.0,476349000.0,3032738000.0,0.0,163441999.0,4874700000,2623490000.0,235051000.0,1553161000.0,2251210000.0,175329000.0,1343513000.0,3027898000.0,769231000.0,477002000.0,3293900000,8522326999.0,1729525000.0,422564000,USD,898154000,1960542000,1062388000.0,1062388000.0,407605000,490549000.0,0.0,490549000,-21974000.0,56000.0,22030000.0,100190000.0,385631000,70183000.0,315448000.0,407661000.0,507851000,315448000,0,0,0,0,0,0,0,0,0,0,0,0,1,0,0,0,0,0,0,0,0,0,0,0,0,0,0,0,0,0,0,0,0,0,1,0,0,0,0,0,0,0,0,0,0,0,90.45577239990234,2022-02-28,0.18051176348884912
773,773,STZ,2022-02-28,USD,25855800000.0,3329700000,199400000.0,199400000.0,1573200000.0,1119200000.0,22526100000,6059600000.0,2755200000.0,2755200000.0,7862400000.0,0.0,437900000.0,13808000000,2698800000.0,899200000.0,1008700000.0,11109200000.0,537700000.0,9488200000.0,10954200000.0,692800000.0,150100000.0,11731900000,14505400000.0,2200000.0,213893000,USD,1075300000,2102800000,1027500000.0,1027500000.0,627800000,371500000.0,0.0,447500000,-85900000.0,179600000.0,83500000.0,90000000.0,497900000,92300000.0,405600000.0,581400000.0,671400000,395400000,0,0,0,0,0,0,0,0,0,0,0,0,1,0,0,0,0,0,0,0,0,0,0,0,0,0,0,0,0,0,0,0,0,0,1,0,0,0,0,0,0,0,0,0,0,0,200.63169860839844,2022-02-28,0.05155895316299475
1255,1255,AAPL,2022-03-31,USD,350662000000.0,118180000000,28098000000.0,28098000000.0,5460000000.0,45400000000.0,232482000000,39304000000.0,986000000.0,986000000.0,4290000000.0,23413000000.0,15809000000.0,283263000000,127508000000.0,52682000000.0,16658000000.0,155755000000.0,0.0,103323000000.0,119981000000.0,50248000000.0,52432000000.0,67399000000,12712000000.0,61181000000.0,16519291000,USD,42559000000,97278000000,54719000000.0,54719000000.0,29979000000,6193000000.0,6387000000.0,12580000000,9000000.0,700000000.0,691000000.0,2737000000.0,30139000000,5129000000.0,25010000000.0,30830000000.0,33567000000,25010000000,0,0,0,0,0,0,0,0,0,1,1,1,0,0,0,0,0,0,0,1,0,0,0,0,0,0,0,0,0,0,0,0,0,0,0,0,0,0,0,0,0,0,0,0,0,0,171.0802001953125,2022-03-31,-0.049888903872952306
230,230,ADP,2022-03-31,USD,72068100000.0,63903800000,1634200000.0,1634200000.0,58319600000.0,3250700000.0,8164300000,650500000.0,1327300000.0,1327300000.0,2324100000.0,27600000.0,58991300000.0,67875200000,63106500000.0,81700000.0,107000000.0,4768700000.0,344900000.0,2986600000.0,3331500000.0,62685800000.0,954200000.0,4192900000,20504500000.0,63900000.0,420200000,USD,1882800000,4513000000,2512200000.0,2512200000.0,1206700000,817500000.0,197300000.0,817500000,105200000.0,123600000.0,18400000.0,129000000.0,1189800000,261300000.0,928500000.0,1206700000.0,1335700000,928500000,0,0,0,0,0,0,0,0,0,0,0,0,0,0,0,0,0,0,0,0,0,0,0,0,0,0,0,0,0,0,0,0,0,0,0,0,0,0,0,0,0,0,0,0,0,0,210.04638671875,2022-03-31,-0.0022806851862614552
658,658,AEP,2022-03-31,USD,89831400000.0,8268000000,675600000.0,675600000.0,966800000.0,1936600000.0,81563400000,67878000000.0,986000000.0,986000000.0,52500000.0,208500000.0,4480500000.0,65793300000,13568600000.0,1694300000.0,6483700000.0,52224700000.0,658300000.0,30855700000.0,37902700000.0,3549200000.0,12688600000.0,23791300000,11985100000.0,3411100000.0,507658522,USD,1197100000,4440300000,3243200000.0,3243200000.0,832900000,662200000.0,0.0,364200000,-313400000.0,0.0,312300000.0,815300000.0,770900000,52800000.0,702400000.0,1067500000.0,1882800000,714700000,0,0,0,0,0,0,0,0,0,1,1,0,0,0,0,0,0,0,0,0,0,0,0,0,0,0,0,0,0,0,0,0,0,0,1,0,0,1,0,0,0,0,0,0,0,0,86.13040924072266,2022-03-31,-0.05622384411413128
634,634,ALGN,2022-03-31,USD,5943414000.0,2480768000,926119000.0,926119000.0,275669000.0,1085833000.0,3462646000,1266174000.0,103499000.0,103499000.0,411965000.0,86749000.0,106398000.0,2276562000,1863647000.0,186509000.0,25243000.0,412915000.0,104983000.0,104983000.0,130226000.0,394182000.0,184456000.0,3666852000,2680270000.0,8000.0,79193000,USD,709346000,973219000,263873000.0,263873000.0,198082000,439457000.0,71807000.0,511264000,677000.0,677000.0,677000.0,29626000.0,187486000,53188000.0,134298000.0,198082000.0,227708000,134298000,0,0,0,0,0,0,0,0,0,0,0,0,0,0,0,0,0,0,0,0,0,0,0,0,0,0,0,0,0,0,0,0,0,0,0,0,0,0,0,0,0,0,0,0,0,0,436.0,2022-03-31,-0.2336238196136755
610,610,AMD,2022-03-31,USD,66915000000.0,13369000000,4740000000.0,4740000000.0,2431000000.0,3681000000.0,53546000000,1406000000.0,27348000000.0,27348000000.0,23083000000.0,1792000000.0,725000000.0,11582000000,5581000000.0,1476000000.0,312000000.0,6001000000.0,370000000.0,1475000000.0,2157000000.0,3793000000.0,1047000000.0,55333000000,-665000000.0,16000000.0,1410000000,USD,2818000000,5887000000,3069000000.0,3069000000.0,951000000,597000000.0,1060000000.0,1867000000,-13000000.0,0.0,13000000.0,251000000.0,896000000,113000000.0,783000000.0,951000000.0,1202000000,786000000,0,0,0,0,0,0,0,0,0,0,0,0,0,0,0,0,0,0,0,0,0,0,0,0,0,0,0,0,0,0,0,0,0,0,0,0,0,1,0,0,0,0,0,0,0,0,109.33999633789062,2022-03-31,-0.10362168082251755
135,135,AMGN,2022-03-31,USD,59196000000.0,18520000000,6528000000.0,6528000000.0,4411000000.0,5077000000.0,40676000000,5142000000.0,14567000000.0,14567000000.0,14897000000.0,16000000.0,2488000000.0,58280000000,12886000000.0,1403000000.0,844000000.0,45394000000.0,0.0,36010000000.0,36854000000.0,10639000000.0,9384000000.0,916000000,-29568000000.0,31247000000.0,551000000,USD,4677000000,6238000000,1561000000.0,1561000000.0,2500000000,1228000000.0,959000000.0,2177000000,-295000000.0,0.0,295000000.0,841000000.0,1675000000,199000000.0,1476000000.0,1970000000.0,2811000000,1476000000,0,0,0,0,0,0,0,0,0,0,0,0,0,0,0,0,0,0,0,1,0,0,0,0,0,0,0,0,0,0,0,0,0,0,0,0,0,1,0,0,0,0,0,0,0,0,213.3334045410156,2022-03-31,0.03153711696816375
111,111,AMZN,2022-03-31,USD,410767000000.0,133876000000,36393000000.0,36393000000.0,34987000000.0,32504000000.0,276891000000,224629000000.0,986000000.0,986000000.0,20229000000.0,29992000000.0,191000000.0,276766000000,139508000000.0,68547000000.0,16163000000.0,137258000000.0,65731000000.0,47556000000.0,113287000000.0,58141000000.0,23971000000.0,134001000000,82071000000.0,5000000.0,10180000000,USD,49945000000,116444000000,66499000000.0,66499000000.0,3669000000,2594000000.0,12270000000.0,46154654000,-364000000.0,108000000.0,472000000.0,9193000000.0,-5266000000,-1422000000.0,-3843000000.0,3669000000.0,12862000000,-3844000000,0,0,0,0,0,0,0,0,0,1,1,0,0,0,0,0,0,0,0,0,0,0,0,0,0,0,0,0,0,0,0,0,0,0,0,0,0,0,0,0,0,0,0,0,0,0,162.99749755859375,2022-03-31,-0.3663092841140274
679,679,ANSS,2022-03-31,USD,6053183000.0,1449878000,657421000.0,657421000.0,1.0,722141000.0,4603305000,84678000.0,739059000.0,739059000.0,3399897000.0,344000.0,69972000.0,1689232000,634620000.0,17102000.0,9125000.0,1054612000.0,114238000.0,744575000.0,867938000.0,189442000.0,210598000.0,4363951000,4330208000.0,953000.0,87750000,USD,360317000,425077000,64760000.0,64760000.0,81163000,169755000.0,105274000.0,279154000,-2440000.0,527000.0,2967000.0,34633000.0,78029000,7041000.0,70988000.0,75610000.0,110243000,70988000,0,0,0,0,0,0,0,0,0,0,0,0,0,0,0,0,0,0,0,0,0,0,0,0,0,0,0,0,0,0,0,0,0,0,0,0,0,0,0,0,0,0,0,0,0,0,,,
1231,1231,AZN,2022-03-31,USD,100273000000.0,22647000000,5762000000.0,5762000000.0,7624000000.0,8683000000.0,77626000000,2047000000.0,41265000000.0,41265000000.0,19963000000.0,61000000.0,517000000.0,63914000000,22740000000.0,17864000000.0,2294000000.0,41174000000.0,0.0,0.0,31099000000.0,1458000000.0,0.0,36340000000,-1228000000.0,387000000.0,3122000000,USD,7879000000,11390000000,3511000000.0,3511000000.0,878000000,4840000000.0,2133000000.0,7001000000,0.0,0.0,336000000.0,1309000000.0,553000000,165000000.0,471000000.0,889000000.0,2198000000,386000000,0,0,0,0,0,0,0,0,1,0,0,0,0,0,0,0,0,0,0,1,1,0,0,1,0,0,0,0,0,0,0,0,0,0,0,0,1,1,0,0,0,0,1,0,0,0,122.3746109008789,2022-03-31,0.06895978368922218
1303,1303,BIDU,2022-03-31,CNY,375633000000.0,211503000000,36832000000.0,36832000000.0,10975000000.0,10574000000.0,164130000000,33902000000.0,20684000000.0,20684000000.0,22605000000.0,143172000000.0,9950000000.0,150403000000,68189000000.0,35693000000.0,17703000000.0,82214000000.0,7953000000.0,68728000000.0,91580000000.0,1553000000.0,1707000000.0,212170000000,3807700000.0,212170000000.0,345875000,CNY,12865000000,28411000000,15546000000.0,15546000000.0,2601000000,4656000000.0,5608000000.0,10264000000,744000000.0,1454000000.0,710000000.0,4031750000.0,-360000000,391000000.0,-751000000.0,350000000.0,4381750000,-885000000,0,0,0,0,0,0,0,0,0,0,0,0,0,0,0,0,0,0,0,0,0,0,0,0,0,1,0,0,0,0,0,0,0,0,0,0,0,0,0,0,0,0,0,0,0,0,132.3000030517578,2022-03-31,0.1407407005871577
1327,1327,BIIB,2022-03-31,USD,23614400000.0,7915900000,1749300000.0,1749300000.0,1215400000.0,2021400000.0,15698500000,3372800000.0,2150800000.0,2150800000.0,5758000000.0,2002400000.0,927400000.0,12393700000,3946600000.0,398700000.0,999500000.0,8447100000.0,312300000.0,6275700000.0,7587500000.0,2231100000.0,1600200000.0,11242300000,14215500000.0,100000.0,147600000,USD,1777900000,2531800000,753900000.0,753900000.0,524400000,627800000.0,618600000.0,1253500000,-63200000.0,2900000.0,66100000.0,143100000.0,344100000,125600000.0,221800000.0,641700000.0,784800000,303800000,0,0,0,0,0,0,0,0,0,0,0,0,0,0,0,0,0,0,0,0,0,0,0,0,0,0,0,0,0,0,0,0,0,0,0,0,0,0,0,0,0,0,0,0,0,0,210.6000061035156,2022-03-31,0.32018039278991095
726,726,CDNS,2022-03-31,USD,4395067000.0,1734897000,1134752000.0,1134752000.0,110213000.0,361789000.0,2660170000,310690000.0,219110000.0,219110000.0,923719000.0,0.0,128143000.0,1634884000,960826000.0,360547000.0,360547000.0,674058000.0,0.0,347792000.0,708339000.0,360547000.0,326266000.0,2760183000,3281623000.0,2552207000.0,276918000,USD,803923000,901766000,97843000.0,97843000.0,318929000,48937000.0,290895000.0,484994000,-4108000.0,0.0,4108000.0,35751000.0,309921000,74586000.0,235335000.0,314029000.0,349780000,235335000,0,0,0,0,0,0,0,0,0,0,0,0,1,0,0,0,0,0,0,1,0,0,0,0,0,0,0,0,0,0,0,0,0,0,0,0,0,1,0,0,0,0,0,0,0,0,164.4600067138672,2022-03-31,0.2774534097120158
1351,1351,CHTR,2022-03-31,USD,143948000000.0,5516000000,2431000000.0,2431000000.0,1478040500.0,2530000000.0,138432000000,34173000000.0,71046000000.0,71046000000.0,29563000000.0,0.0,555000000.0,128004000000,13929000000.0,706000000.0,4818000000.0,114075000000.0,275000000.0,90679000000.0,95497000000.0,7087000000.0,4326000000.0,12060000000,-11472000000.0,8000000.0,174500472,USD,5474000000,13200000000,7726000000.0,7726000000.0,2772000000,826000000.0,0.0,2702000000,-1060000000.0,0.0,1060000000.0,2294000000.0,1734000000,345000000.0,1389000000.0,2794000000.0,5088000000,1203000000,0,0,0,0,0,1,0,0,0,0,0,0,1,0,0,0,0,0,0,0,0,0,0,0,0,0,1,0,0,0,0,0,0,0,1,0,0,1,0,0,0,0,0,0,0,0,545.52001953125,2022-03-31,-0.34446038174942384
1111,1111,DDOG,2022-03-31,USD,2529015000.0,2003671000,271686000.0,271686000.0,1478040500.0,275342000.0,525344000,90713000.0,14088000.0,14088000.0,292032000.0,1399323000.0,57320000.0,1412158000,601972000.0,18629000.0,20320000.0,810186000.0,72137000.0,736318000.0,808455000.0,108211000.0,73868000.0,1116857000,-142368000.0,3000.0,345668000,USD,288365000,363030000,74665000.0,74665000.0,10414000,26380000.0,150608000.0,277951000,249000.0,5496000.0,5247000.0,7394000.0,10854000,1116000.0,9738000.0,16101000.0,23495000,9738000,0,0,0,0,0,1,0,0,0,0,0,0,0,0,0,0,0,0,0,0,0,0,0,0,0,0,0,0,0,0,0,0,0,0,0,0,0,0,0,0,0,0,0,0,0,0,151.47000122070312,2022-03-31,-0.5203010294016019
254,254,FISV,2022-03-31,USD,75470000000.0,18443000000,863000000.0,863000000.0,1478040500.0,2911000000.0,57027000000,2047000000.0,13442000000.0,13442000000.0,36538000000.0,0.0,14669000000.0,43328000000,17730000000.0,439000000.0,552000000.0,25598000000.0,0.0,0.0,21070000000.0,15095000000.0,0.0,31272000000,15515000000.0,8000000.0,657200000,USD,2166000000,4138000000,1972000000.0,1972000000.0,846000000,368000000.0,0.0,1320000000,0.0,0.0,171000000.0,799000000.0,780000000,98000000.0,471000000.0,845000000.0,1644000000,669000000,0,0,0,0,0,1,0,0,1,0,0,0,1,0,0,0,0,0,0,1,1,0,0,1,0,0,0,0,0,0,0,0,0,1,1,0,1,1,0,0,0,0,1,0,0,0,101.4000015258789,2022-03-31,0.11469425126635535
820,820,FTNT,2022-03-31,USD,5651100000.0,3208300000,923500000.0,923500000.0,184600000.0,790400000.0,2442800000,786500000.0,55100000.0,55100000.0,123800000.0,1218100000.0,91700000.0,5417900000,2510500000.0,174700000.0,0.0,2907400000.0,0.0,988900000.0,988900000.0,359800000.0,1918500000.0,217700000,-1003400000.0,200000.0,821000000,USD,701000000,954800000,253800000.0,253800000.0,151000000,38600000.0,124900000.0,550000000,-3200000.0,1300000.0,4500000.0,25500000.0,130200000,-8100000.0,146800000.0,143200000.0,168700000,138400000,0,0,0,0,0,0,0,0,0,0,0,0,0,0,0,0,0,1,0,1,0,0,0,0,0,0,0,0,0,0,0,0,0,0,0,0,0,0,0,0,0,0,0,0,0,0,68.3479995727539,2022-03-31,-0.02762334669753641
278,278,GILD,2022-03-31,USD,63080000000.0,12629000000,4296000000.0,4296000000.0,1482000000.0,3787000000.0,50450000000,5253000000.0,30330000000.0,30330000000.0,8314000000.0,1029000000.0,2035000000.0,43165000000,8558000000.0,583000000.0,1025000000.0,34607000000.0,0.0,25183000000.0,26208000000.0,6483000000.0,5737000000.0,19927000000,14986000000.0,1000000.0,1262000000,USD,5166000000,6590000000,1424000000.0,1424000000.0,197000000,1083000000.0,3878000000.0,4969000000,-238000000.0,0.0,238000000.0,525000000.0,-152000000,-164000000.0,12000000.0,86000000.0,611000000,19000000,0,0,0,0,0,0,0,0,0,0,0,0,0,0,0,0,0,0,0,1,0,0,0,0,0,0,0,0,0,0,0,0,0,0,0,0,0,1,0,0,0,0,0,0,0,0,51.81378173828125,2022-03-31,0.45466517928136674
87,87,GOOGL,2022-03-31,USD,357096000000.0,177853000000,20886000000.0,20886000000.0,1369000000.0,35622000000.0,179243000000,117210000000.0,1313000000.0,1313000000.0,23010000000.0,113084000000.0,6892000000.0,103092000000,61948000000.0,3436000000.0,2267000000.0,41144000000.0,11363000000.0,14791000000.0,28421000000.0,48703000000.0,23510000000.0,254004000000,195221000000.0,62832000000.0,13351013992,USD,38412000000,68011000000,29599000000.0,29599000000.0,20094000000,3374000000.0,9119000000.0,18318000000,331000000.0,414000000.0,83000000.0,3782000000.0,18934000000,2498000000.0,16436000000.0,19017000000.0,22799000000,16436000000,0,0,0,0,0,0,0,0,0,0,0,0,0,0,0,0,0,0,0,0,0,0,0,0,0,0,0,0,0,0,0,0,0,0,0,0,0,0,0,0,0,0,0,0,0,0,138.02462768554688,2022-03-31,-0.25410327384130726
844,844,IDXX,2022-03-31,USD,2592689000.0,1089772000,204618000.0,204618000.0,301638000.0,465618000.0,1502917000,593457000.0,105188000.0,105188000.0,360968000.0,0.0,117898000.0,1952891000,971341000.0,120881000.0,420564000.0,981550000.0,110195000.0,773381000.0,1283576000.0,304839000.0,200708000.0,639798000,3114405000.0,10700000.0,85564000,USD,498753000,836549000,337796000.0,337796000.0,248344000,77949000.0,40168000.0,250409000,-6853000.0,143000.0,6996000.0,26511000.0,241491000,47526000.0,193965000.0,249187000.0,275698000,193965000,0,0,0,0,0,0,0,0,0,0,0,0,1,0,0,0,0,0,0,0,0,0,0,0,0,0,0,0,0,0,0,0,0,0,0,0,0,0,0,0,0,0,0,0,0,0,547.0599975585938,2022-03-31,-0.08587725513835665
15,15,INTC,2022-03-31,USD,176356000000.0,62568000000,6215000000.0,6215000000.0,11935000000.0,7074000000.0,113788000000,66718000000.0,6813000000.0,6813000000.0,27011000000.0,32481000000.0,4863000000.0,73220000000,29322000000.0,7210000000.0,4459000000.0,43898000000.0,0.0,32788000000.0,37247000000.0,13281000000.0,9563000000.0,103136000000,74894000000.0,29244000000.0,4107000000,USD,9244000000,18353000000,9109000000.0,9109000000.0,4341000000,1752000000.0,4362000000.0,4903000000,997000000.0,1121000000.0,124000000.0,3348000000.0,9661000000,1548000000.0,8113000000.0,9785000000.0,13133000000,8113000000,0,0,0,0,0,0,0,0,0,0,0,0,0,0,0,0,0,0,0,1,0,0,0,0,0,0,0,0,0,0,0,0,0,0,0,0,0,0,0,0,0,0,0,0,0,0,46.31538391113281,2022-03-31,-0.3115287077990001
325,325,ISRG,2022-03-31,USD,13678400000.0,5803200000,1103100000.0,1103100000.0,653000000.0,1016300000.0,7875200000,1968200000.0,64100000.0,64100000.0,343200000.0,2892200000.0,138600000.0,1521500000,1112200000.0,128100000.0,0.0,409300000.0,0.0,0.0,6120000000.0,484800000.0,409300000.0,12156900000,4858000000.0,400000.0,366700000,USD,1009700000,1487700000,478000000.0,478000000.0,408100000,391100000.0,210500000.0,601600000,-5700000.0,0.0,5700000.0,83800000.0,402400000,33000000.0,369500000.0,408100000.0,491900000,365600000,0,0,0,0,0,0,0,0,0,0,0,0,0,0,0,0,0,1,0,1,1,1,0,0,0,0,0,0,0,0,0,0,0,0,0,0,0,1,0,0,0,0,0,0,0,0,301.67999267578125,2022-03-31,-0.15317552564627812
348,348,JD,2022-03-31,CNY,80746795730.0,45597420819,14189591839.0,14189591839.0,11541990509.0,2603616528.0,35149374911,69834000000.0,1230786208.0,1230786208.0,2926014094.0,15149690214.0,2112531727.0,40413993157,34526651006.0,19746338541.0,3757941700.0,5887342151.0,20393000000.0,15609000000.0,8379656634.0,4091067364.0,1736000000.0,32553483312,33805000000.0,206490000000.0,1558000000,CNY,33446000000,239655000000,206209000000.0,206209000000.0,2409000000,17948000000.0,4384000000.0,31037000000,-345000000.0,0.0,345000000.0,1672000000.0,-2915000000,603000000.0,-3518000000.0,-2570000000.0,-898000000,-2991000000,0,0,0,0,0,0,0,0,0,0,0,0,0,0,0,0,0,0,0,0,0,0,0,0,0,0,0,0,0,0,0,0,0,0,0,0,0,1,0,0,0,0,0,0,0,0,52.511512756347656,2022-03-31,-0.22244064143183817
372,372,KHC,2022-03-31,USD,93864000000.0,9275000000,2978000000.0,2978000000.0,3093000000.0,2067000000.0,84589000000,6602000000.0,43640000000.0,43640000000.0,31440000000.0,0.0,1137000000.0,44020000000,9064000000.0,4610000000.0,780000000.0,34956000000.0,0.0,20970000000.0,21750000000.0,3674000000.0,1643000000.0,49644000000,-905000000.0,12000000.0,1234000000,USD,1931000000,6045000000,4114000000.0,4114000000.0,1115000000,827000000.0,0.0,4930000000,-242000000.0,5000000.0,242000000.0,220000000.0,971000000,190000000.0,781000000.0,1208000000.0,1428000000,781000000,0,0,0,0,0,0,0,0,0,0,0,0,1,0,0,0,0,0,0,1,0,0,0,0,0,0,0,0,0,0,0,0,0,0,1,0,0,0,0,0,0,0,0,0,0,0,32.89476776123047,2022-03-31,0.023041073313444294
868,868,KLAC,2022-03-31,USD,12017812000.0,6582717000,1415172000.0,1415172000.0,1982297000.0,1618867000.0,5435095000,808874000.0,1255672000.0,1255672000.0,2314471000.0,1162724000.0,403657000.0,7939188000,2828983000.0,424128000.0,31158000.0,5110205000.0,93211000.0,3699799000.0,3730957000.0,1594545000.0,749590000.0,4080307000,1972611000.0,2179229000.0,151186000,USD,1396585000,2288676000,892091000.0,892091000.0,894907000,216489000.0,285189000.0,501678000,-39978000.0,0.0,39978000.0,92127000.0,846285000,115625000.0,730660000.0,886263000.0,978390000,730572000,0,0,0,0,0,0,0,0,0,0,0,0,0,0,0,0,0,0,0,0,0,0,0,0,0,0,0,0,0,0,0,0,0,0,0,0,0,1,0,0,0,0,0,0,0,0,351.3646850585937,2022-03-31,0.10524446133666543
1207,1207,LCID,2022-03-31,USD,7401840000.0,5864431000,5391844000.0,5391844000.0,333906000.0,867000.0,1537409000,1494169000.0,986000000.0,986000000.0,4290000000.0,0.0,137814000.0,3572371000,511940000.0,66440000.0,21332000.0,3060431000.0,212488000.0,1988047000.0,2204934000.0,424168000.0,5351000.0,3829469000,-6147158000.0,167000.0,168154586,USD,-188295000,57675000,245970000.0,245970000.0,-597530000,223159000.0,186076000.0,409235000,-7705000.0,0.0,7705000.0,42346000.0,-80963000,323000.0,-81286000.0,-73258000.0,-30912000,-81286000,0,0,0,0,0,0,0,0,0,1,1,1,1,0,0,0,0,0,0,0,0,0,0,0,0,0,0,0,0,0,0,0,0,0,0,0,0,1,0,0,0,0,0,0,0,0,254.0,2022-03-31,-0.6834645609217366
1183,1183,META,2022-03-31,USD,164218000000.0,59265000000,14886000000.0,14886000000.0,1478040500.0,11390000000.0,104953000000,73823000000.0,910000000.0,910000000.0,19923000000.0,29004000000.0,3985000000.0,40990000000,21086000000.0,3246000000.0,1159000000.0,19904000000.0,14053000000.0,0.0,14053000000.0,16161000000.0,19904000000.0,123228000000,67712000000.0,57512000000.0,2742000000,USD,21903000000,27908000000,6005000000.0,6005000000.0,8524000000,2360000000.0,7707000000.0,13379000000,384000000.0,384000000.0,76000000.0,2156000000.0,8908000000,1443000000.0,7465000000.0,8524000000.0,10680000000,7465000000,0,0,0,0,0,1,0,0,0,0,0,0,0,0,0,0,0,0,0,0,1,0,0,0,0,0,0,0,0,0,0,0,0,0,0,0,0,0,0,0,0,0,0,0,0,0,220.8175201416016,2022-03-31,-0.04686101237487739
939,939,MRNA,2022-03-31,USD,27609000000.0,16350000000,5048000000.0,5048000000.0,1942000000.0,3364000000.0,11259000000,1473000000.0,986000000.0,986000000.0,4290000000.0,5067000000.0,929000000.0,10534000000,9238000000.0,199000000.0,206000000.0,1296000000.0,947000000.0,0.0,947000000.0,1642000000.0,91000000.0,17075000000,13615000000.0,8000000.0,426000000,USD,4923000000,5940000000,1017000000.0,1017000000.0,4227000000,268000000.0,554000000.0,696000000,9000000.0,15000000.0,6000000.0,79000000.0,4229000000,572000000.0,3657000000.0,4227000000.0,4306000000,3657000000,0,0,0,0,0,0,0,0,0,1,1,1,0,0,0,0,0,0,0,0,1,0,0,0,0,0,1,0,0,0,0,0,0,0,0,0,0,0,0,0,0,0,0,0,0,0,172.25999450683594,2022-03-31,-0.10844069007003221
39,39,MSFT,2022-03-31,USD,344607000000.0,153922000000,12498000000.0,12498000000.0,3296000000.0,32613000000.0,190685000000,70298000000.0,11348000000.0,11348000000.0,67371000000.0,92195000000.0,13320000000.0,181683000000,77439000000.0,16085000000.0,1749000000.0,104244000000.0,11357000000.0,48177000000.0,61283000000.0,25578000000.0,55763000000.0,162924000000,79633000000.0,85767000000.0,7534000000,USD,33745000000,49360000000,15615000000.0,15615000000.0,20364000000,1480000000.0,6306000000.0,13381000000,16000000.0,519000000.0,503000000.0,3773000000.0,20190000000,3462000000.0,16728000000.0,20693000000.0,24466000000,16728000000,0,0,0,0,0,0,0,0,0,0,0,0,0,0,0,0,0,0,0,0,0,0,0,0,0,0,0,0,0,0,0,0,0,0,0,0,0,0,0,0,0,0,0,0,0,0,298.2515869140625,2022-03-31,-0.05572884286145208
915,915,MTCH,2022-03-31,USD,5043393000.0,1233810000,912434000.0,912434000.0,1.0,180577000.0,3809583000,167676000.0,746109000.0,746109000.0,2381539000.0,8663000.0,132136000.0,5165167000,1074027000.0,22022000.0,84588000.0,4091140000.0,0.0,3830965000.0,3915553000.0,704749000.0,123399000.0,-122449000,-7963981000.0,286000.0,306902000,USD,562395000,798631000,236236000.0,236236000.0,207818000,100705000.0,78794000.0,354577000,-34896000.0,0.0,34896000.0,23190000.0,173740000,-6867000.0,180607000.0,208636000.0,231826000,180533000,0,0,0,0,0,0,0,0,0,0,0,0,0,0,0,0,0,0,0,1,0,0,0,0,0,0,0,0,0,0,0,0,0,0,0,0,0,1,0,0,0,0,0,0,0,0,105.61994171142578,2022-03-31,-0.6469560382082484
419,419,NXPI,2022-03-31,USD,21321000000.0,5275000000,2683000000.0,2683000000.0,1311000000.0,925000000.0,16046000000,2047000000.0,1577000000.0,1577000000.0,9954000000.0,0.0,356000000.0,14561000000,2845000000.0,1369000000.0,0.0,11716000000.0,0.0,10573000000.0,10573000000.0,1376000000.0,1090000000.0,6509000000,-4959000000.0,56000000.0,265109000,USD,1777000000,3136000000,1359000000.0,1359000000.0,873000000,251000000.0,518000000.0,904000000,-105000000.0,2000000.0,104000000.0,310000000.0,780000000,114000000.0,666000000.0,872000000.0,1182000000,657000000,0,0,0,0,0,0,0,0,1,0,0,0,1,0,0,0,0,1,0,1,0,0,0,0,0,0,0,0,0,0,0,0,0,0,0,0,0,0,0,0,0,0,0,0,0,0,172.29635620117188,2022-03-31,0.02910124274527992
985,985,PDD,2022-03-31,CNY,181209718000.0,160909168000,6426715000.0,6426715000.0,14196000.0,4923892000.0,20300550000,2578572000.0,701220000.0,701220000.0,4290000000.0,86516618000.0,3424687000.0,106095171000,93729714000.0,62509714000.0,427164000.0,12365457000.0,871977000.0,14057021000.0,12760334000.0,29626072000.0,536000.0,75114547000,-17706533000.0,161000.0,1136915400,CNY,16634094000,23793689000,7159595000.0,7159595000.0,2154406000,592113000.0,2668507000.0,14479688000,783621000.0,796261000.0,12640000.0,373845000.0,3164265000,564814000.0,2599451000.0,2154406000.0,2528251000,2599451000,0,0,0,0,0,0,0,0,0,0,0,1,0,0,0,0,0,0,0,0,0,0,0,0,0,0,0,0,0,0,0,0,0,0,0,0,0,0,0,0,0,0,0,0,0,0,40.11000061035156,2022-03-31,0.8922961947372967
443,443,PYPL,2022-03-31,USD,75805000000.0,52382000000,4861000000.0,4861000000.0,1478040500.0,43119000000.0,23423000000,1861000000.0,1185000000.0,1185000000.0,11370000000.0,3104000000.0,1298000000.0,55202000000,43967000000.0,39886000000.0,155000000.0,11235000000.0,0.0,8222000000.0,9028000000.0,2829000000.0,0.0,20603000000,17044000000.0,8000000.0,1172000000,USD,3297000000,6483000000,3186000000.0,3186000000.0,711000000,607000000.0,815000000.0,2586000000,-44000000.0,15000000.0,59000000.0,328000000.0,629000000,120000000.0,749000000.0,688000000.0,1016000000,509000000,0,0,0,0,0,1,0,0,0,0,0,0,0,0,0,0,0,0,0,1,0,0,0,1,0,0,1,0,0,0,0,0,0,0,0,0,0,0,0,0,0,0,0,0,0,0,115.03497314453124,2022-03-31,-0.343363556005015
467,467,QCOM,2022-03-31,USD,44302000000.0,21610000000,7173000000.0,7173000000.0,4555000000.0,4084000000.0,22692000000,4893000000.0,1258000000.0,1258000000.0,7261000000.0,4373000000.0,1425000000.0,30974000000,13432000000.0,3724000000.0,3485000000.0,17542000000.0,0.0,12195000000.0,15680000000.0,4210000000.0,5119000000.0,13328000000,13113000000.0,8000000.0,1140000000,USD,6516000000,11164000000,4648000000.0,4648000000.0,3858000000,624000000.0,2034000000.0,2658000000,-117000000.0,20000000.0,137000000.0,428000000.0,3423000000,489000000.0,2934000000.0,3858000000.0,4286000000,2934000000,0,0,0,0,0,0,0,0,0,0,0,0,0,0,0,0,0,0,0,1,0,0,0,0,0,0,1,0,0,0,0,0,0,0,0,0,0,0,0,0,0,0,0,0,0,0,140.32861328125,2022-03-31,-0.14548860358463833
491,491,REGN,2022-03-31,USD,26348700000.0,14306000000,3345700000.0,3345700000.0,1991500000.0,4839000000.0,12042700000,3556400000.0,986000000.0,986000000.0,4290000000.0,3704900000.0,424900000.0,6434000000,3007600000.0,470300000.0,0.0,3426400000.0,720000000.0,1980400000.0,2700400000.0,2046000000.0,1446000000.0,19914700000,19941800000.0,100000.0,113100000,USD,2485900000,2965100000,479200000.0,479200000.0,1286600000,450000000.0,769500000.0,1199300000,-13600000.0,0.0,13600000.0,74300000.0,1061100000,87600000.0,973500000.0,1074700000.0,1149000000,973500000,0,0,0,0,0,0,0,0,0,1,1,1,0,0,0,0,0,1,0,0,0,0,0,0,0,0,0,0,0,0,0,0,0,0,0,0,0,1,0,0,0,0,0,0,0,0,693.7333374023438,2022-03-31,0.17646969807745427
586,586,SBUX,2022-03-31,USD,29021500000.0,7541100000,3913400000.0,3913400000.0,1920000000.0,1282300000.0,21480400000,6460800000.0,254700000.0,254700000.0,3646100000.0,82100000.0,343300000.0,37782700000,9104300000.0,1329500000.0,3234900000.0,28678400000.0,8904800000.0,14014400000.0,24917800000.0,2466300000.0,613600000.0,-8768000000,-9070500000.0,1100000.0,1153900000,USD,1855100000,7635600000,5780500000.0,5780500000.0,948900000,481500000.0,0.0,906200000,-72800000.0,46300000.0,119100000.0,391300000.0,876100000,201100000.0,675000000.0,995200000.0,1386500000,674500000,0,0,0,0,0,0,0,0,0,0,0,0,0,0,0,0,0,0,0,0,0,0,0,0,0,0,0,0,0,0,0,0,0,0,1,0,0,0,0,0,0,0,0,0,0,0,82.51296997070312,2022-03-31,0.17179805346948807
1000,1000,SGEN,2022-03-31,USD,3616693000.0,2771255000,260996000.0,260996000.0,275747000.0,401009000.0,845438000,214379000.0,254902000.0,254902000.0,274671000.0,1690097000.0,143406000.0,618226000,531294000.0,87228000.0,0.0,86932000.0,53552000.0,0.0,53552000.0,444066000.0,86932000.0,2998467000,-1680533000.0,184000.0,183647000,USD,338834000,426460000,87626000.0,87626000.0,-133050000,174225000.0,297659000.0,471884000,0.0,0.0,4380000.0,22235000.0,-135240000,1254000.0,-136494000.0,-133050000.0,-110815000,-136494000,0,0,0,0,0,0,0,0,0,0,0,0,0,0,0,0,0,1,0,0,1,0,0,0,0,0,0,0,0,0,0,0,0,0,0,0,1,1,0,0,0,0,0,0,0,0,,,
538,538,SIRI,2022-03-31,USD,10163000000.0,1056000000,76000000.0,76000000.0,317000000.0,650000000.0,9107000000,1804000000.0,3166000000.0,3166000000.0,3180000000.0,0.0,13000000.0,13750000000,2821000000.0,1179000000.0,52000000.0,10929000000.0,396000000.0,9832000000.0,10228000000.0,139000000.0,585000000.0,-3587000000,-3612000000.0,4000000.0,402400000,USD,1107000000,2186000000,1079000000.0,1079000000.0,510000000,123000000.0,67000000.0,597000000,-103000000.0,0.0,103000000.0,147000000.0,409000000,100000000.0,309000000.0,512000000.0,659000000,309000000,0,0,0,0,0,0,0,0,0,0,0,0,1,0,0,0,0,0,0,0,0,0,0,0,0,0,0,0,0,0,0,0,0,0,0,0,0,1,0,0,0,0,0,0,0,0,58.33755493164063,2022-03-31,-0.39102455789768287
562,562,SWKS,2022-03-31,USD,8511600000.0,2504500000,656400000.0,656400000.0,928200000.0,798100000.0,6007100000,1578400000.0,1565700000.0,1565700000.0,2176800000.0,118400000.0,274400000.0,3323000000,1135700000.0,296300000.0,19200000.0,2187300000.0,218100000.0,2187300000.0,2206500000.0,669000000.0,439100000.0,5188600000,5707800000.0,40400000.0,164400000,USD,615700000,1335600000,719900000.0,719900000.0,372000000,83000000.0,160700000.0,243700000,-11400000.0,0.0,11400000.0,164400000.0,354100000,48300000.0,305800000.0,365500000.0,529900000,305800000,0,0,0,0,0,0,0,0,0,0,0,0,0,0,0,0,0,0,0,0,0,0,0,0,0,0,0,0,0,0,0,0,0,0,0,0,0,1,0,0,0,0,0,0,0,0,117.63924407958984,2022-03-31,-0.09370836160164098
159,159,ADI,2022-04-30,USD,50800652000.0,4634189000,1737733000.0,1737733000.0,1075297000.0,1608254000.0,46166463000,2094148000.0,14258728000.0,14258728000.0,26923756000.0,0.0,212905000.0,13700870000,2326212000.0,451443000.0,0.0,11374658000.0,0.0,6253215000.0,6253215000.0,1537407000.0,1248359000.0,37099782000,7820477000.0,86636000.0,526264000,USD,1944520000,2972064000,1027544000.0,1027544000.0,918161000,305308000.0,420901000.0,1026359000,-48985000.0,563000.0,49548000.0,576106000.0,879245000,95972000.0,783273000.0,928793000.0,1504899000,783273000,0,0,0,0,0,0,0,0,0,0,0,0,1,0,0,0,0,1,0,1,0,0,0,0,0,0,0,0,0,0,0,0,0,0,0,0,0,0,0,0,0,0,0,0,0,0,144.07876586914062,2022-04-29,0.20452279550018604
206,206,ADSK,2022-04-30,USD,8261000000.0,2358000000,1518000000.0,1518000000.0,1478040500.0,384000000.0,5903000000,465000000.0,479000000.0,479000000.0,3642000000.0,67000000.0,389000000.0,7580000000,3801000000.0,135000000.0,427000000.0,3779000000.0,424000000.0,2279000000.0,3053000000.0,380000000.0,179000000.0,681000000,-2143000000.0,2972000000.0,219000000,USD,1037000000,1164000000,127000000.0,127000000.0,215000000,120000000.0,289000000.0,822000000,-29000000.0,0.0,53000000.0,38000000.0,195000000,49000000.0,146000000.0,248000000.0,286000000,146000000,0,0,0,0,0,1,0,0,0,0,0,0,0,0,0,0,0,0,0,0,0,0,0,0,0,0,0,0,0,0,0,0,0,0,0,0,0,1,0,0,0,0,0,0,0,0,189.27999877929688,2022-04-29,0.03798606555249351
183,183,AMAT,2022-04-30,USD,25459000000.0,15244000000,3331000000.0,3331000000.0,5009000000.0,5056000000.0,10215000000,2071000000.0,85000000.0,85000000.0,3479000000.0,591000000.0,1257000000.0,13880000000,6650000000.0,1558000000.0,82000000.0,7230000000.0,395000000.0,5455000000.0,5850000000.0,1705000000.0,813000000.0,11579000000,35137000000.0,9000000.0,883000000,USD,2927000000,6245000000,3318000000.0,3318000000.0,1894000000,174000000.0,686000000.0,1033000000,-30000000.0,28000000.0,58000000.0,111000000.0,1864000000,328000000.0,1536000000.0,1919000000.0,2030000000,1536000000,0,0,0,0,0,0,0,0,0,0,0,0,0,0,0,0,0,0,0,0,0,0,0,0,0,0,0,0,0,0,0,0,0,0,0,0,0,0,0,0,0,0,0,0,0,0,106.48644256591795,2022-04-29,0.033607856941171965
702,702,AVGO,2022-04-30,USD,71719000000.0,14810000000,9005000000.0,9005000000.0,1668000000.0,3083000000.0,56909000000,2262000000.0,9241000000.0,9241000000.0,43603000000.0,0.0,1054000000.0,50729000000,6910000000.0,1069000000.0,302000000.0,43819000000.0,62000000.0,39135000000.0,39466000000.0,1939000000.0,4655000000.0,20990000000,6812000000.0,8000000.0,4250626480,USD,5439000000,8103000000,2664000000.0,2664000000.0,3413000000,368000000.0,1261000000.0,2027000000,-518000000.0,0.0,518000000.0,1264000000.0,2790000000,200000000.0,2590000000.0,3308000000.0,4572000000,2590000000,0,0,0,0,0,0,0,0,0,0,0,0,1,0,0,0,0,0,0,0,0,0,0,0,0,0,1,0,0,0,0,0,0,0,0,0,0,1,0,0,0,0,0,0,0,0,51.70157241821289,2022-04-29,0.1882465594801308
796,796,CPRT,2022-04-30,USD,5443874000.0,2457426000,1454818000.0,1454818000.0,56988000.0,587495000.0,2986448000,2523815000.0,40854000.0,40854000.0,348000000.0,224889000.0,133236000.0,1090820000,449095000.0,398414000.0,22687000.0,641725000.0,122297000.0,402733000.0,525030000.0,-22687000.0,160969000.0,4353054000,3693726000.0,24000.0,962896000,USD,436277000,939941000,503664000.0,503664000.0,372755000,58589000.0,0.0,63522000,-4492000.0,0.0,4492000.0,36579000.0,369605000,90985000.0,278620000.0,372882000.0,409461000,278620000,0,0,0,0,0,0,0,0,0,0,0,0,0,0,0,0,0,0,0,0,0,0,0,0,0,0,0,0,0,0,0,0,0,0,1,0,0,1,0,0,0,0,0,0,0,0,28.412500381469727,2022-04-29,0.3796744473958793
1087,1087,CRWD,2022-04-30,USD,3835835000.0,2597377000,2152736000.0,2152736000.0,135681000.0,369130000.0,1238458000,316309000.0,93945000.0,93945000.0,416228000.0,0.0,75511000.0,2718838000,1497103000.0,11024000.0,9967000.0,1221735000.0,32164000.0,739889000.0,772053000.0,226914000.0,465596000.0,1102541000,-996441000.0,116000.0,231179000,USD,361002000,487834000,126832000.0,126832000.0,-23883000,67954000.0,123399000.0,384885000,-6298000.0,0.0,6298000.0,20429000.0,-26969000,3440000.0,-30409000.0,-20671000.0,-242000,-31523000,0,0,0,0,0,0,0,0,0,0,0,0,1,0,0,0,0,0,0,0,0,0,0,0,0,0,0,0,0,0,0,0,0,0,0,0,0,1,0,0,0,0,0,0,0,0,198.75999450683597,2022-04-29,-0.4023445150002669
1279,1279,CSCO,2022-04-30,USD,92797000000.0,35981000000,6952000000.0,6952000000.0,2231000000.0,9587000000.0,56816000000,2046000000.0,2811000000.0,2811000000.0,38452000000.0,13156000000.0,4055000000.0,52397000000,24150000000.0,2289000000.0,1000000000.0,28247000000.0,0.0,8418000000.0,9418000000.0,7760000000.0,2096000000.0,40400000000,-724000000.0,42587000000.0,4170000000,USD,8121000000,12835000000,4714000000.0,4714000000.0,3610000000,517000000.0,1708000000.0,4511000000,25000000.0,115000000.0,90000000.0,478000000.0,3801000000,757000000.0,3044000000.0,3891000000.0,4369000000,3044000000,0,0,0,0,0,0,0,0,0,0,0,0,0,0,0,0,0,0,0,1,0,0,0,0,0,0,0,0,0,0,0,0,0,0,0,0,0,0,0,0,0,0,0,0,0,0,43.82409286499024,2022-04-29,-0.0004087664384649914
301,301,INTU,2022-04-30,USD,28514000000.0,5858000000,3531000000.0,3531000000.0,1478040500.0,744000000.0,22656000000,858000000.0,7224000000.0,7224000000.0,13731000000.0,373000000.0,1210000000.0,11553000000,3591000000.0,900000000.0,77000000.0,7962000000.0,492000000.0,6853000000.0,7345000000.0,1058000000.0,501000000.0,16961000000,13832000000.0,17479000000.0,286000000,USD,4808000000,5632000000,824000000.0,824000000.0,2395000000,465000000.0,600000000.0,2413000000,-19000000.0,2000000.0,22000000.0,209000000.0,2373000000,579000000.0,1794000000.0,2394000000.0,2603000000,1794000000,0,0,0,0,0,1,0,0,0,0,0,0,0,0,0,0,0,0,0,0,0,0,0,0,0,0,0,0,0,0,0,0,0,0,0,0,0,0,0,0,0,0,0,0,0,0,408.33013916015625,2022-04-29,0.06452769405930958
891,891,MRVL,2022-04-30,USD,22038700000.0,2598900000,465000000.0,465000000.0,835500000.0,1191100000.0,19439800000,642700000.0,6412700000.0,6412700000.0,11539000000.0,197200000.0,107300000.0,6573700000,1554100000.0,553100000.0,110900000.0,5019600000.0,174000000.0,4465300000.0,4713400000.0,813800000.0,340000000.0,15465000000,1274800000.0,1700000.0,848000000,USD,750900000,1446900000,696000000.0,696000000.0,69800000,235700000.0,444100000.0,681100000,-35800000.0,500000.0,36300000.0,348200000.0,39200000,204900000.0,-165700000.0,75500000.0,423700000,-165700000,0,0,0,0,0,0,0,0,0,0,0,0,0,0,0,0,0,0,0,0,0,0,0,0,0,0,0,0,0,0,0,0,0,0,0,0,0,0,0,0,0,0,0,0,0,0,57.20016479492188,2022-04-29,-0.30716040622407426
395,395,NVDA,2022-04-30,USD,45212000000.0,29575000000,3887000000.0,3887000000.0,3163000000.0,5438000000.0,15637000000,2916000000.0,2211000000.0,2211000000.0,4365000000.0,16451000000.0,636000000.0,18892000000,5562000000.0,1999000000.0,0.0,13330000000.0,752000000.0,10947000000.0,11699000000.0,3229000000.0,2383000000.0,26320000000,15758000000.0,3000000.0,25370000000,USD,5431000000,8288000000,2857000000.0,2857000000.0,1868000000,592000000.0,1618000000.0,3563000000,-50000000.0,18000000.0,68000000.0,334000000.0,1805000000,187000000.0,1618000000.0,1873000000.0,2207000000,1618000000,0,0,0,0,0,0,0,0,0,0,0,0,0,0,0,0,0,1,0,0,0,0,0,0,0,0,0,0,0,0,0,0,0,0,0,0,0,0,0,0,0,0,0,0,0,0,18.51429748535156,2022-04-29,0.5601991959470989
962,962,OKTA,2022-04-30,USD,9045681000.0,2898643000,194227000.0,194227000.0,1478040500.0,258911000.0,6147038000,66418000.0,298823000.0,298823000.0,5401343000.0,2292902000.0,152603000.0,3572987000,1185275000.0,33752000.0,5198000.0,2387712000.0,163868000.0,2188675000.0,2357741000.0,194135000.0,199037000.0,5472694000,-1902724000.0,16000.0,155875000,USD,284000000,415000000,131165000.0,131165000.0,-240000000,110000000.0,162000000.0,524000000,-1164000.0,1704000.0,3000000.0,30000000.0,-241000000,2000000.0,-242713000.0,-238000000.0,-208000000,-243000000,0,0,0,0,0,1,0,0,0,0,0,0,0,0,0,0,0,0,0,0,0,0,0,0,0,0,0,0,0,0,0,0,0,0,0,0,0,0,0,0,0,0,0,0,0,0,119.30999755859376,2022-04-29,-0.42469197222186705
1135,1135,PANW,2022-04-30,USD,11100000000.0,5697600000,2419900000.0,2419900000.0,1478040500.0,1240600000.0,5402400000,355600000.0,412100000.0,412100000.0,2731300000.0,1454700000.0,582400000.0,10762400000,7677200000.0,108000000.0,3675700000.0,3085200000.0,275700000.0,0.0,3951400000.0,740600000.0,103000000.0,337600000,-1670400000.0,2066300000.0,593400000,USD,946200000,1386700000,440500000.0,440500000.0,-47600000,94800000.0,355400000.0,993800000,-6800000.0,0.0,6800000.0,71400000.0,-52500000,20700000.0,-73200000.0,-45700000.0,25700000,-73200000,0,0,0,0,0,1,0,0,0,0,0,0,0,0,0,0,0,0,0,0,1,0,0,0,0,0,0,0,0,0,0,0,0,0,0,0,0,1,0,0,0,0,0,0,0,0,93.54666900634766,2022-04-29,-0.020275093711140557
514,514,ROST,2022-04-30,USD,13233698000.0,7048002000,4015567000.0,4015567000.0,2673551000.0,164071000.0,6185696000,2047000000.0,986000000.0,986000000.0,4290000000.0,0.0,194813000.0,9179801000,3756062000.0,2175350000.0,635799000.0,5423739000.0,0.0,0.0,5656452000.0,855552000.0,0.0,4053897000,2875161000.0,3503000.0,348820000,USD,1136654000,4333100000,3196446000.0,3196446000.0,467158000,368000000.0,0.0,669496000,0.0,0.0,18891000.0,92108000.0,449462000,111017000.0,471000000.0,468353000.0,560461000,338445000,0,0,0,0,0,0,0,0,1,1,1,1,1,0,0,0,0,0,0,1,1,0,0,1,0,0,0,0,0,0,0,0,0,1,1,0,1,1,0,0,0,0,1,0,0,0,95.61666107177734,2022-04-29,0.07390653561608218
1016,1016,SPLK,2022-04-30,USD,5209977000.0,2453442000,814010000.0,814010000.0,1.0,725652000.0,2756535000,341573000.0,150721000.0,150721000.0,1401628000.0,633888000.0,279891999.0,5871851000,1689653000.0,19719000.0,0.0,4182198000.0,214245000.0,3866179000.0,4080424000.0,446881000.0,233362000.0,-661874000,-3813195000.0,168000.0,160339000,USD,471925000,674081000,202156000.0,202156000.0,-291687000,112708000.0,255691000.0,763612000,-9291000.0,1372000.0,10663000.0,41584.0,-300968000,3354000.0,-304322000.0,-267025584.0,-266984000,-304322000,0,0,0,0,0,0,0,0,0,0,0,0,0,0,0,0,0,1,0,0,0,0,0,0,0,0,0,0,0,0,0,0,0,0,0,0,0,0,0,0,0,0,0,0,0,0,,,
1040,1040,WDAY,2022-04-30,USD,12799106000.0,7286420000,2776336000.0,2776336000.0,1478040500.0,778076000.0,5512686000,1186004000.0,391305000.0,391305000.0,2840044000.0,3479019000.0,252989000.0,8018299000,4781387000.0,123361000.0,1228699000.0,3236912000.0,262810000.0,2973068000.0,4384004000.0,609208000.0,263844000.0,4780807000,-2846758000.0,253000.0,251743000,USD,1031836000,1434657000,402821000.0,402821000.0,-72843000,133869000.0,541509000.0,1104679000,-10011000.0,4007000.0,14018000.0,89846000.0,-93006000,9167000.0,-102173000.0,-78988000.0,10858000,-102173000,0,0,0,0,0,1,0,0,0,0,0,0,0,0,0,0,0,0,0,0,0,0,0,0,0,0,0,0,0,0,0,0,0,0,0,0,0,0,0,0,0,0,0,0,0,0,206.6999969482422,2022-04-29,-0.09850024630358212
1064,1064,ZM,2022-04-30,USD,7956713000.0,6564278000,1407305000.0,1407305000.0,320623000.0,483879000.0,1392435000,332647000.0,24232000.0,24232000.0,27607000.0,4318974000.0,354120000.0,2008826000,1809010000.0,22506000.0,20987000.0,199816000.0,101188000.0,0.0,101188000.0,330903000.0,199816000.0,5947887000,2161765000.0,299000.0,306614220,USD,811979000,1073800000,261821000.0,261821000.0,187065000,117840000.0,144291000.0,624914000,0.0,36404000.0,79797000.0,15280000.0,143672000,30014000.0,113658000.0,187065000.0,202345000,113658000,0,0,0,0,0,0,0,0,0,0,0,0,0,0,0,0,0,0,0,0,1,0,0,0,0,0,0,0,0,0,0,0,0,0,0,0,1,0,0,0,0,0,0,0,0,0,99.56999969482422,2022-04-29,-0.38053630115274584
1159,1159,ZS,2022-04-30,USD,2524544000.0,2047045000,594893000.0,594893000.0,75897000.0,272092000.0,477499000,186877000.0,27034000.0,27034000.0,59823000.0,1062981000.0,121333000.0,1992967000,912576000.0,15234000.0,19600000.0,1080391000.0,50628000.0,954578000.0,1005206000.0,145838000.0,125813000.0,531577000,-894226000.0,142000.0,141422000,USD,222527000,286807000,64280000.0,64280000.0,-86597000,40672000.0,76498000.0,309124000,-13297000.0,949000.0,14246000.0,37002000.0,-101895000,-490000.0,-101405000.0,-87649000.0,-50647000,-101405000,0,0,0,0,0,0,0,0,0,0,0,0,0,0,0,0,0,0,0,0,0,0,0,0,0,0,0,0,0,0,0,0,0,0,0,0,0,0,0,0,0,0,0,0,0,0,202.7400054931641,2022-04-29,-0.5622965598333199
62,62,ADBE,2022-05-31,USD,26326000000.0,7908000000,3365000000.0,3365000000.0,1478040500.0,1588000000.0,18418000000,2220000000.0,1650000000.0,1650000000.0,12801000000.0,1934000000.0,1021000000.0,12341000000,7385000000.0,366000000.0,589000000.0,4956000000.0,532000000.0,3627000000.0,4658000000.0,1615000000.0,257000000.0,13985000000,26022000000.0,8000000.0,473000000,USD,3847000000,4386000000,539000000.0,539000000.0,1529000000,291000000.0,738000000.0,2318000000,-28000000.0,0.0,28000000.0,232000000.0,1492000000,314000000.0,1178000000.0,1520000000.0,1752000000,1178000000,0,0,0,0,0,1,0,0,0,0,0,0,0,0,0,0,0,0,0,0,0,0,0,0,0,0,1,0,0,0,0,0,0,0,0,0,0,1,0,0,0,0,0,0,0,0,416.4800109863281,2022-05-31,0.0031454031983224606
749,749,CTAS,2022-05-31,USD,8429958000.0,1631577000,90471000.0,90471000.0,472150000.0,1027928000.0,6798381000,1493676000.0,503524000.0,503524000.0,3042976000.0,0.0,41027999.0,5121762000,1432890000.0,251504000.0,355446000.0,3688871999.0,172936000.0,2483932000.0,2968442000.0,804232000.0,448461000.0,3308196000,8719163000.0,1771917000.0,417708000,USD,946195000,2074686000,1128491000.0,1128491000.0,404436000,541759000.0,23500000.0,541759000,-22984000.0,74000.0,23058000.0,102378000.0,381452000,86991000.0,294461000.0,404510000.0,506888000,294461000,0,0,0,0,0,0,0,0,0,0,0,0,1,0,0,0,0,0,0,0,0,0,0,0,0,0,0,0,0,0,0,0,0,0,0,0,0,0,0,0,0,0,0,0,0,0,96.25045776367188,2022-05-31,0.19753752058935903
772,772,STZ,2022-05-31,USD,25841100000.0,3302200000,101800000.0,101800000.0,1656400000.0,879900000.0,22538900000,6163300000.0,2765700000.0,2765700000.0,7915100000.0,-172300000.0,664100000.0,14282600000,2365800000.0,874600000.0,699100000.0,11916800000.0,0.0,10278200000.0,10977300000.0,792100000.0,0.0,11231400000,14746200000.0,2200000.0,189333000,USD,1293000000,2363800000,1070800000.0,1070800000.0,849800000,438600000.0,0.0,443200000,-88500000.0,276400000.0,88000000.0,93700000.0,524700000,125400000.0,399300000.0,612700000.0,706400000,389500000,0,0,0,0,0,0,0,0,0,0,0,0,0,0,0,0,0,0,0,1,0,0,0,1,0,0,0,0,0,0,0,0,0,0,1,0,0,0,0,0,0,0,0,0,0,0,229.1548309326172,2022-05-31,0.0038878961100463627
1254,1254,AAPL,2022-06-30,USD,336309000000.0,112292000000,27502000000.0,27502000000.0,5433000000.0,42242000000.0,224017000000,40335000000.0,986000000.0,986000000.0,4290000000.0,20729000000.0,16386000000.0,278202000000,129873000000.0,48343000000.0,24991000000.0,148329000000.0,0.0,94700000000.0,119691000000.0,48811000000.0,53629000000.0,58107000000,5289000000.0,62115000000.0,16262203000,USD,35885000000,82959000000,47074000000.0,47074000000.0,23076000000,6012000000.0,6797000000.0,12809000000,3000000.0,722000000.0,719000000.0,2805000000.0,23066000000,3624000000.0,19442000000.0,23785000000.0,26590000000,19442000000,0,0,0,0,0,0,0,0,0,1,1,1,0,0,0,0,0,0,0,1,0,0,0,0,0,0,0,0,0,0,0,0,0,0,0,0,0,0,0,0,0,0,0,0,0,0,134.1529541015625,2022-06-30,0.42721075250618523
229,229,ADP,2022-06-30,USD,63068200000.0,54804900000,1436300000.0,1436300000.0,49569200000.0,3170600000.0,8263300000,1103500000.0,1333100000.0,1333100000.0,2300500000.0,47000000.0,50165300000.0,59842900000,55158700000.0,110200000.0,136400000.0,4684200000.0,370900000.0,2987100000.0,3494400000.0,54821900000.0,924200000.0,3225300000,20696300000.0,63900000.0,418200000,USD,1928500000,4127600000,2199100000.0,2199100000.0,827500000,914200000.0,212800000.0,1101000000,117300000.0,143900000.0,27700000.0,130500000.0,803300000,177900000.0,625400000.0,831000000.0,961500000,625400000,0,0,0,0,0,0,0,0,0,0,0,0,0,0,0,0,0,0,0,0,0,0,0,0,0,0,0,0,0,0,0,0,0,0,0,0,0,0,0,0,0,0,0,0,0,0,194.81277465820312,2022-06-30,0.06818257651412774
657,657,AEP,2022-06-30,USD,90861300000.0,9371000000,575300000.0,575300000.0,1102300000.0,2349300000.0,81490300000,68708200000.0,986000000.0,986000000.0,52500000.0,192000000.0,5152100000.0,66564300000,12448000000.0,2198200000.0,4700800000.0,54116300000.0,643700000.0,32982700000.0,38233100000.0,3715700000.0,12277000000.0,24056000000,12108600000.0,3412000000.0,515162210,USD,1200300000,4518600000,3318300000.0,3318300000.0,830800000,619800000.0,0.0,369500000,-327600000.0,0.0,326500000.0,818700000.0,574800000,54000000.0,685800000.0,1066300000.0,1885000000,524500000,0,0,0,0,0,0,0,0,0,1,1,0,0,0,0,0,0,0,0,0,0,0,0,0,0,0,0,0,0,0,0,0,0,0,1,0,0,1,0,0,0,0,0,0,0,0,83.47742462158203,2022-06-30,-0.09070522255844304
633,633,ALGN,2022-06-30,USD,5810119000.0,2376804000,877501000.0,877501000.0,310046000.0,1042842000.0,3433315000,1300356000.0,93817000.0,93817000.0,390100000.0,22138000.0,124277000.0,2211038000,1804414000.0,145607000.0,24613000.0,406624000.0,98332000.0,98332000.0,122945000.0,275432000.0,191878000.0,3599081000,2601961000.0,8000.0,78545000,USD,687559000,969553000,281994000.0,281994000.0,188196000,426398000.0,72965000.0,499363000,245000.0,245000.0,245000.0,30281000.0,173609000,60809000.0,112800000.0,188196000.0,218477000,112800000,0,0,0,0,0,0,0,0,0,0,0,0,0,0,0,0,0,0,0,0,0,0,0,0,0,0,0,0,0,0,0,0,0,0,0,0,0,0,0,0,0,0,0,0,0,0,236.6699981689453,2022-06-30,0.4942325490533612
609,609,AMD,2022-06-30,USD,67502000000.0,13462000000,4964000000.0,4964000000.0,2648000000.0,4053000000.0,54040000000,1441000000.0,26664000000.0,26664000000.0,24193000000.0,1028000000.0,769000000.0,12333000000,5523000000.0,1518000000.0,312000000.0,6810000000.0,422000000.0,2465000000.0,3199000000.0,3693000000.0,1118000000.0,55169000000,-218000000.0,16000000.0,1632000000,USD,3028000000,6550000000,3522000000.0,3522000000.0,526000000,592000000.0,1300000000.0,2502000000,-25000000.0,35000000.0,25000000.0,612000000.0,497000000,54000000.0,443000000.0,526000000.0,1138000000,447000000,0,0,0,0,0,0,0,0,0,0,0,0,0,0,0,0,0,0,0,0,0,0,0,0,0,0,0,0,0,0,0,0,0,0,0,0,0,0,0,0,0,0,0,0,0,0,76.47000122070312,2022-06-30,0.48960379029351864
134,134,AMGN,2022-06-30,USD,59294000000.0,19322000000,5203000000.0,5203000000.0,4554000000.0,5327000000.0,39972000000,5158000000.0,13927000000.0,13927000000.0,14865000000.0,1980000000.0,2258000000.0,56875000000,12618000000.0,1256000000.0,817000000.0,44257000000.0,0.0,35705000000.0,36522000000.0,10545000000.0,8552000000.0,2419000000,-28252000000.0,31343000000.0,537000000,USD,5084000000,6594000000,1510000000.0,1510000000.0,2176000000,1327000000.0,1039000000.0,2908000000,-328000000.0,0.0,328000000.0,828000000.0,1531000000,214000000.0,1317000000.0,1859000000.0,2687000000,1317000000,0,0,0,0,0,0,0,0,0,0,0,0,0,0,0,0,0,0,0,1,0,0,0,0,0,0,0,0,0,0,0,0,0,0,0,0,0,1,0,0,0,0,0,0,0,0,216.3635711669922,2022-06-30,-0.05710427858946421
110,110,AMZN,2022-06-30,USD,419728000000.0,133667000000,37478000000.0,37478000000.0,38153000000.0,34804000000.0,286061000000,232136000000.0,986000000.0,986000000.0,20195000000.0,23232000000.0,207000000.0,288326000000,140291000000.0,71219000000.0,17497000000.0,148035000000.0,66524000000.0,58053000000.0,124577000000.0,56254000000.0,23458000000.0,131402000000,80043000000.0,107000000.0,10183000000,USD,54810000000,121234000000,66424000000.0,66424000000.0,3317000000,2903000000.0,15468000000.0,51369526000,-425000000.0,159000000.0,584000000.0,9716000000.0,-2665000000,637000000.0,-2016000000.0,3317000000.0,13033000000,-2028000000,0,0,0,0,0,0,0,0,0,1,1,0,0,0,0,0,0,0,0,0,0,0,0,0,0,0,0,0,0,0,0,0,0,0,0,0,0,0,0,0,0,0,0,0,0,0,106.20999908447266,2022-06-30,0.22737973575041215
678,678,ANSS,2022-06-30,USD,6118580000.0,1327225000,517303000.0,517303000.0,1.0,743604000.0,4791355000,81154000.0,771257000.0,771257000.0,3566968000.0,332000.0,65986000.0,1665825000,624699000.0,17304000.0,20800000.0,1041126000.0,111357000.0,753402000.0,864759000.0,201909000.0,214637000.0,4452755000,4429008000.0,953000.0,87321000,USD,411363000,473850000,62487000.0,62487000.0,128010000,170383000.0,108941000.0,283353000,-4340000.0,269000.0,4609000.0,34753000.0,122894000,24094000.0,98800000.0,122189000.0,156942000,98800000,0,0,0,0,0,0,0,0,0,0,0,0,0,0,0,0,0,0,0,0,0,0,0,0,0,0,0,0,0,0,0,0,0,0,0,0,0,0,0,0,0,0,0,0,0,0,,,
1230,1230,AZN,2022-06-30,USD,96579000000.0,20917000000,4817000000.0,4817000000.0,6220000000.0,8908000000.0,75662000000,2047000000.0,39900000000.0,39900000000.0,19821000000.0,70000000.0,902000000.0,60628000000,21815000000.0,17821000000.0,2382000000.0,38813000000.0,0.0,0.0,29528000000.0,631000000.0,0.0,35932000000,-1657000000.0,387000000.0,3120000000,USD,7773000000,10771000000,2998000000.0,2998000000.0,539000000,4681000000.0,2546000000.0,7234000000,0.0,0.0,311000000.0,1357000000.0,247000000,-113000000.0,471000000.0,558000000.0,1915000000,360000000,0,0,0,0,0,0,0,0,1,0,0,0,0,0,0,0,0,0,0,1,1,0,0,1,0,0,0,0,0,0,0,0,0,0,0,0,1,1,0,0,0,0,1,0,0,0,121.87654876708984,2022-06-30,0.10672947553062828
1302,1302,BIDU,2022-06-30,CNY,385119000000.0,209512000000,42533000000.0,42533000000.0,11148000000.0,11043000000.0,175607000000,33830000000.0,20820000000.0,20820000000.0,22602000000.0,135753000000.0,9035000000.0,154382000000,76200000000.0,35783000000.0,25922000000.0,78182000000.0,7714000000.0,64634000000.0,95513000000.0,1388000000.0,1816000000.0,217113000000,3807700000.0,217113000000.0,351375000,CNY,14476000000,29647000000,15171000000.0,15171000000.0,3400000000,4869000000.0,6292000000.0,11076000000,784000000.0,1525000000.0,741000000.0,4031750000.0,3551000000,25000000.0,3526000000.0,4292000000.0,8323750000,3637000000,0,0,0,0,0,0,0,0,0,0,0,0,0,0,0,0,0,0,0,0,0,0,0,0,0,1,0,0,0,0,0,0,0,0,0,0,0,0,0,0,0,0,0,0,0,0,148.72999572753906,2022-06-30,-0.07947281923602634
1326,1326,BIIB,2022-06-30,USD,25081400000.0,9740900000,2646600000.0,2646600000.0,1294200000.0,2003500000.0,15340500000,3355100000.0,2075300000.0,2075300000.0,5749600000.0,2151300000.0,1645300000.0,13218000000,5018000000.0,434800000.0,999800000.0,8200000000.0,274200000.0,6277400000.0,7551400000.0,3298500000.0,1442000000.0,11872500000,14959900000.0,100000.0,146200000,USD,2105100000,2589100000,484000000.0,484000000.0,936400000,572600000.0,596100000.0,1168700000,-53200000.0,12600000.0,65800000.0,134800000.0,1275400000,216700000.0,1052800000.0,907000000.0,1041800000,1058000000,0,0,0,0,0,0,0,0,0,0,0,0,0,0,0,0,0,0,0,0,0,0,0,0,0,0,0,0,0,0,0,0,0,0,0,0,0,0,0,0,0,0,0,0,0,0,203.94000244140625,2022-06-30,0.3967343468349498
725,725,CDNS,2022-06-30,USD,4361274000.0,1657620000,1029544000.0,1029544000.0,106372000.0,391738000.0,2703654000,316741000.0,215781000.0,215781000.0,924460000.0,0.0,129966000.0,1736045000,1042491000.0,437195000.0,437195000.0,693554000.0,0.0,347999000.0,785194000.0,437195000.0,345555000.0,2625229000,3468543000.0,2590893000.0,275172000,USD,764873000,857521000,92648000.0,92648000.0,282888000,51426000.0,286597000.0,481985000,-4281000.0,0.0,4281000.0,33681000.0,272645000,85725000.0,186920000.0,276926000.0,310607000,186920000,0,0,0,0,0,0,0,0,0,0,0,0,1,0,0,0,0,0,0,1,0,0,0,0,0,0,0,0,0,0,0,0,0,0,0,0,0,1,0,0,0,0,0,0,0,0,150.02999877929688,2022-06-30,0.5631540770553087
1350,1350,CHTR,2022-06-30,USD,143258000000.0,3738000000,483000000.0,483000000.0,1478040500.0,2779000000.0,139520000000,34472000000.0,70727000000.0,70727000000.0,29563000000.0,0.0,476000000.0,129745000000,11395000000.0,718000000.0,1814000000.0,118350000000.0,281000000.0,94468000000.0,96282000000.0,7517000000.0,4759000000.0,9879000000,-10001000000.0,9879000000.0,167090925,USD,5867000000,13598000000,7731000000.0,7731000000.0,3165000000,806000000.0,0.0,2702000000,-1109000000.0,0.0,1109000000.0,2240000000.0,2197000000,489000000.0,1708000000.0,3306000000.0,5546000000,1471000000,0,0,0,0,0,1,0,0,0,0,0,0,1,0,0,0,0,0,0,0,0,0,0,0,0,0,0,0,0,0,0,0,0,0,1,0,0,1,0,0,0,0,0,0,0,0,468.5299987792969,2022-06-30,-0.21590934182586086
1110,1110,DDOG,2022-06-30,USD,2654487000.0,2069588000,238859000.0,238859000.0,1478040500.0,305501000.0,584899000,161807000.0,17960000.0,17960000.0,334687000.0,1464681000.0,60547000.0,1439367000,625876000.0,47650000.0,22357000.0,813491000.0,74128000.0,737160000.0,811288000.0,111622000.0,10034000.0,1215120000,-147247000.0,3000.0,314795000,USD,324007000,406138000,82131000.0,82131000.0,-3139000,34383000.0,177699000.0,327146000,3128000.0,7669000.0,4541000.0,8118000.0,-11000,4868000.0,-4879000.0,4530000.0,12648000,-4879000,0,0,0,0,0,1,0,0,0,0,0,0,0,0,0,0,0,0,0,0,0,0,0,0,0,0,0,0,0,0,0,0,0,0,0,0,0,0,0,0,0,0,0,0,0,0,95.23999786376952,2022-06-30,0.032969334944125794
253,253,FISV,2022-06-30,USD,77212000000.0,20281000000,883000000.0,883000000.0,1478040500.0,3194000000.0,56931000000,2047000000.0,13016000000.0,13016000000.0,36829000000.0,0.0,16204000000.0,45242000000,19351000000.0,545000000.0,600000000.0,25891000000.0,0.0,0.0,21515000000.0,16621000000.0,0.0,31109000000,16113000000.0,8000000.0,650800000,USD,2406000000,4450000000,2044000000.0,2044000000.0,860000000,368000000.0,0.0,1546000000,0.0,0.0,176000000.0,809000000.0,746000000,137000000.0,471000000.0,794000000.0,1603000000,598000000,0,0,0,0,0,1,0,0,1,0,0,0,1,0,0,0,0,0,0,1,1,0,0,1,0,0,0,0,0,0,0,0,0,1,1,0,1,1,0,0,0,0,1,0,0,0,88.97000122070312,2022-06-30,0.4178936697207112
819,819,FTNT,2022-06-30,USD,5294500000.0,2952900000,710000000.0,710000000.0,195200000.0,919500000.0,2341600000,814600000.0,45400000.0,45400000.0,121300000.0,1044900000.0,83300000.0,5674100000,2634900000.0,193100000.0,0.0,3039200000.0,0.0,989400000.0,989400000.0,361500000.0,2049800000.0,-392900000,-1607600000.0,800000.0,810100000,USD,779300000,1030100000,250800000.0,250800000.0,195300000,45400000.0,124300000.0,584000000,-2100000.0,2400000.0,4500000.0,25100000.0,175800000,2400000.0,181500000.0,188400000.0,213500000,173500000,0,0,0,0,0,0,0,0,0,0,0,0,0,0,0,0,0,1,0,1,0,0,0,0,0,0,0,0,0,0,0,0,0,0,0,0,0,0,0,0,0,0,0,0,0,0,56.58000183105469,2022-06-30,0.3359843388411141
277,277,GILD,2022-06-30,USD,62870000000.0,13175000000,4739000000.0,4739000000.0,1494000000.0,4118000000.0,49694000000,5299000000.0,29884000000.0,29884000000.0,8314000000.0,924000000.0,1900000000.0,42655000000,9220000000.0,565000000.0,1021000000.0,33435000000.0,0.0,25195000000.0,26216000000.0,6732000000.0,988000000.0,20236000000,15117000000.0,1000000.0,1260000000,USD,4818000000,6260000000,1442000000.0,1442000000.0,2029000000,6700000.0,1102000000.0,2789000000,-242000000.0,0.0,242000000.0,525000000.0,1503000000,368000000.0,1135000000.0,1745000000.0,2270000000,1144000000,0,0,0,0,0,0,0,0,0,0,0,0,0,0,0,0,0,0,0,1,0,0,0,0,0,0,0,0,0,0,0,0,0,0,0,0,0,1,0,0,0,0,0,0,0,0,54.54380798339844,2022-06-30,0.295982216666951
86,86,GOOGL,2022-06-30,USD,355185000000.0,172371000000,17936000000.0,17936000000.0,1980000000.0,37073000000.0,182814000000,119621000000.0,1377000000.0,1377000000.0,23949000000.0,107061000000.0,8321000000.0,99766000000,61354000000.0,4409000000.0,2297000000.0,38412000000.0,15878000000.0,12850000000.0,28728000000.0,49420000000.0,22754000000.0,255419000000,196845000000.0,64402000000.0,13238994042,USD,39581000000,69685000000,30104000000.0,30104000000.0,19453000000,3657000000.0,9841000000.0,20128000000,403000000.0,486000000.0,83000000.0,3899000000.0,19014000000,3012000000.0,16002000000.0,19097000000.0,22996000000,16002000000,0,0,0,0,0,0,0,0,0,0,0,0,0,0,0,0,0,0,0,0,0,0,0,0,0,0,0,0,0,0,0,0,0,0,0,0,0,0,0,0,0,0,0,0,0,0,108.1458740234375,2022-06-30,0.09853800691024461
843,843,IDXX,2022-06-30,USD,2607185000.0,1042825000,114362000.0,114362000.0,332565000.0,473116000.0,1564360000,594224000.0,100594000.0,100594000.0,355528000.0,0.0,122782000.0,2150177000,1166547000.0,127262000.0,630738000.0,983630000.0,117779000.0,767995000.0,1496774000.0,345670000.0,204783000.0,457008000,3246384000.0,10707000.0,84858000,USD,514032000,860546000,346514000.0,346514000.0,179066000,81488000.0,123221000.0,334966000,-7983000.0,334000.0,8317000.0,28122000.0,171083000,39104000.0,131979000.0,180100000.0,208222000,131979000,0,0,0,0,0,0,0,0,0,0,0,0,1,0,0,0,0,0,0,0,0,0,0,0,0,0,0,0,0,0,0,0,0,0,0,0,0,0,0,0,0,0,0,0,0,0,350.7300109863281,2022-06-30,0.4319561920975894
14,14,INTC,2022-06-30,USD,170418000000.0,50588000000,4390000000.0,4390000000.0,12174000000.0,6063000000.0,119830000000,71660000000.0,6427000000.0,6427000000.0,27587000000.0,22654000000.0,5307000000.0,69200000000,27218000000.0,7945000000.0,2882000000.0,41982000000.0,0.0,32548000000.0,35430000000.0,12707000000.0,8862000000.0,101218000000,72985000000.0,29858000000.0,4100000000,USD,5587000000,15321000000,9734000000.0,9734000000.0,-700000000,1800000000.0,4400000000.0,6287000000,-11000000.0,98000000.0,109000000.0,3148000000.0,-909000000,-455000000.0,-454000000.0,-800000000.0,2348000000,-454000000,0,0,0,0,0,0,0,0,0,0,0,0,0,0,0,0,0,0,0,1,0,0,0,0,0,0,0,0,0,0,0,0,0,0,0,0,0,0,0,0,0,0,0,0,0,0,35.2371826171875,2022-06-30,-0.06995949861949746
324,324,ISRG,2022-06-30,USD,13705200000.0,6292500000,1536100000.0,1536100000.0,724000000.0,955000000.0,7412700000,2109300000.0,66200000.0,66200000.0,349100000.0,2909900000.0,167500000.0,1622800000,1175000000.0,149700000.0,0.0,447800000.0,0.0,0.0,6120000000.0,608200000.0,447800000.0,12082400000,4682800000.0,400000.0,363900000,USD,1023300000,1522100000,498800000.0,498800000.0,397600000,418400000.0,207300000.0,625700000,9300000.0,9300000.0,9300000.0,86000000.0,406900000,93300000.0,313600000.0,397600000.0,483600000,307800000,0,0,0,0,0,0,0,0,0,0,0,0,0,0,0,0,0,1,0,1,1,1,0,0,0,0,0,0,0,0,0,0,0,0,0,0,0,0,0,0,0,0,0,0,0,0,200.7100067138672,2022-06-30,0.7036519904504661
347,347,JD,2022-06-30,CNY,82713801293.0,48398040123,12632239367.0,12632239367.0,11736253230.0,2915913538.0,34315761169,72770000000.0,1121401789.0,1121401789.0,2772507954.0,18257771536.0,2855862450.0,45080590950,38164707288.0,23890772746.0,3079485532.0,6915883662.0,20667000000.0,24659000000.0,8825418639.0,3264670735.0,1600000000.0,30072748457,3807700000.0,201316000000.0,1588000000,CNY,35894000000,267600000000,231706000000.0,231706000000.0,3758000000,18632000000.0,4027000000.0,32136000000,-484000000.0,0.0,484000000.0,1713000000.0,5256000000,1227000000.0,4029000000.0,5740000000.0,7453000000,4379000000,0,0,0,0,0,0,0,0,0,0,0,0,0,0,0,0,0,0,0,0,0,0,0,0,0,1,0,0,0,0,0,0,0,0,0,0,0,1,0,0,0,0,0,0,0,0,59.743797302246094,2022-06-30,-0.4605518712857114
371,371,KHC,2022-06-30,USD,91676000000.0,8138000000,1518000000.0,1518000000.0,3433000000.0,2145000000.0,83538000000,6568000000.0,42960000000.0,42960000000.0,31176000000.0,0.0,1042000000.0,42674000000,9119000000.0,4778000000.0,1194000000.0,33555000000.0,0.0,19724000000.0,20918000000.0,3147000000.0,1658000000.0,48796000000,-640000000.0,12000000.0,1235000000,USD,1984000000,6554000000,4570000000.0,4570000000.0,542000000,812000000.0,0.0,6012000000,-234000000.0,6000000.0,234000000.0,236000000.0,399000000,134000000.0,265000000.0,633000000.0,869000000,265000000,0,0,0,0,0,0,0,0,0,0,0,0,1,0,0,0,0,0,0,1,0,0,0,0,0,0,0,0,0,0,0,0,0,0,1,0,0,0,0,0,0,0,0,0,0,0,32.1735954284668,2022-06-30,-0.029693394031264586
867,867,KLAC,2022-06-30,USD,12597088000.0,7168911000,1584908000.0,1584908000.0,2146889000.0,2016337000.0,5428177000,849929000.0,1194414000.0,1194414000.0,2320049000.0,1123100000.0,297677000.0,11197998000,2871083000.0,443338000.0,32218000.0,8326915000.0,113587000.0,6660718000.0,6774305000.0,991841000.0,882642000.0,1401351000,366882000.0,142000.0,149182000,USD,1508175000,2486739000,978564000.0,978564000.0,971945000,236778000.0,296881000.0,533659000,-44197000.0,0.0,44197000.0,100848000.0,949699000,144301000.0,805398000.0,993726000.0,1094574000,805374000,0,0,0,0,0,0,0,0,0,0,0,0,0,0,0,0,0,0,0,0,0,0,0,0,0,0,0,0,0,0,0,0,0,0,0,0,0,1,0,0,0,0,0,0,0,0,307.2930603027344,2022-06-30,0.5407369213136182
1206,1206,LCID,2022-06-30,USD,7129419000.0,4966489000,3157449000.0,3157449000.0,553045000.0,1294000.0,2162930000,1813642000.0,986000000.0,986000000.0,4290000000.0,1136633000.0,118068000.0,3419033000,654096000.0,129070000.0,18848000.0,2764937000.0,244212000.0,1989200000.0,2235882000.0,506178000.0,11268000.0,3710386000,-6367583000.0,167000.0,168681540,USD,-195006000,97336000,292342000.0,292342000.0,-559199000,163812000.0,200381000.0,364193000,-7189000.0,0.0,7189000.0,47348000.0,-220357000,68000.0,-220425000.0,-213168000.0,-165820000,-220425000,0,0,0,0,0,0,0,0,0,1,1,1,0,0,0,0,0,0,0,0,0,0,0,0,0,0,0,0,0,0,0,0,0,0,0,0,0,1,0,0,0,0,0,0,0,0,171.60000610351562,2022-06-30,-0.5984848538739805
1182,1182,META,2022-06-30,USD,169779000000.0,55987000000,12681000000.0,12681000000.0,1478040500.0,11525000000.0,113792000000,81718000000.0,965000000.0,965000000.0,20229000000.0,27808000000.0,3973000000.0,44012000000,22217000000.0,4008000000.0,1275000000.0,21795000000.0,16067000000.0,0.0,16067000000.0,16402000000.0,21795000000.0,125767000000,69249000000.0,59929000000.0,2713000000,USD,23630000000,28822000000,5192000000.0,5192000000.0,8358000000,2987000000.0,8690000000.0,15272000000,91000000.0,91000000.0,91000000.0,1979000000.0,8186000000,1499000000.0,6687000000.0,8358000000.0,10337000000,6687000000,0,0,0,0,0,1,0,0,0,0,0,0,0,0,0,0,0,0,0,0,1,0,0,0,0,0,0,0,0,0,0,0,0,0,0,0,0,0,0,0,0,0,0,0,0,0,160.13140869140625,2022-06-30,0.7797211686416301
938,938,MRNA,2022-06-30,USD,26043000000.0,13563000000,2873000000.0,2873000000.0,1921000000.0,2844000000.0,12480000000,1446000000.0,986000000.0,986000000.0,4290000000.0,5024000000.0,901000000.0,8058000000,6812000000.0,181000000.0,159000000.0,1246000000.0,728000000.0,0.0,887000000.0,2030000000.0,113000000.0,17985000000,15812000000.0,8000000.0,419000000,USD,3185000000,4566000000,1381000000.0,1381000000.0,2447000000,211000000.0,710000000.0,738000000,40000000.0,40000000.0,5000000.0,76000000.0,2474000000,277000000.0,2197000000.0,2479000000.0,2555000000,2197000000,0,0,0,0,0,0,0,0,0,1,1,1,0,0,0,0,0,0,0,0,1,0,0,0,0,0,1,0,0,0,0,0,0,0,0,0,0,0,0,0,0,0,0,0,0,0,142.85000610351562,2022-06-30,-0.14945750921455636
38,38,MSFT,2022-06-30,USD,364840000000.0,169684000000,13931000000.0,13931000000.0,3742000000.0,44261000000.0,195156000000,87546000000.0,11298000000.0,11298000000.0,67524000000.0,90818000000.0,16932000000.0,198298000000,95082000000.0,19000000000.0,6037000000.0,103216000000.0,11489000000.0,47032000000.0,78400000000.0,20440000000.0,15526000000.0,166542000000,84281000000.0,86939000000.0,7506000000,USD,35436000000,51865000000,16429000000.0,16429000000.0,20534000000,1749000000.0,6849000000.0,14902000000,56000000.0,552000000.0,496000000.0,3979000000.0,20487000000,3747000000.0,16740000000.0,20983000000.0,24962000000,16740000000,0,0,0,0,0,0,0,0,0,0,0,0,0,0,0,0,0,0,0,0,0,0,0,0,0,0,0,0,0,0,0,0,0,0,0,0,0,0,0,0,0,0,0,0,0,0,249.02972412109372,2022-06-30,0.3387521099344797
914,914,MTCH,2022-06-30,USD,4193778000.0,804813000,463686000.0,463686000.0,1478040500.0,182320000.0,3388965000,168761000.0,479389000.0,479389000.0,2281606000.0,9240000.0,149567000.0,4645879000,627686000.0,15200000.0,58782000.0,4018193000.0,0.0,3832534000.0,3891316000.0,294555000.0,109814000.0,-452945000,-7995839000.0,286000.0,285126000,USD,553673000,794513000,240840000.0,240840000.0,-10081000,110638000.0,86410000.0,563754000,-35623000.0,0.0,35623000.0,23627000.0,-40413000,-8048000.0,-32365000.0,-4790000.0,18837000,-31858000,0,0,0,0,0,1,0,0,0,0,0,0,0,0,0,0,0,0,0,1,0,0,0,0,0,0,0,0,0,0,0,0,0,0,0,0,0,1,0,0,0,0,0,0,0,0,67.69039154052734,2022-06-30,-0.39948333664889035
418,418,NXPI,2022-06-30,USD,22539000000.0,6320000000,3545000000.0,3545000000.0,1462000000.0,996000000.0,16219000000,2914000000.0,1527000000.0,1527000000.0,9930000000.0,0.0,317000000.0,15313000000,2941000000.0,1462000000.0,0.0,12372000000.0,0.0,11160000000.0,11160000000.0,1345000000.0,1171000000.0,6962000000,-4522000000.0,56000000.0,264692000,USD,1882000000,3312000000,1430000000.0,1430000000.0,943000000,265000000.0,542000000.0,941000000,-113000000.0,6000000.0,106000000.0,317000000.0,812000000,129000000.0,683000000.0,921000000.0,1238000000,670000000,0,0,0,0,0,0,0,0,0,0,0,0,1,0,0,0,0,1,0,1,0,0,0,0,0,0,0,0,0,0,0,0,0,0,0,0,0,0,0,0,0,0,0,0,0,0,138.49989318847656,2022-06-30,0.4127321637563488
984,984,PDD,2022-06-30,CNY,191999405000.0,175446301000,13057463000.0,13057463000.0,43673756000.0,4727886000.0,16553104000,2333166000.0,435841000.0,435841000.0,4290000000.0,106322578000.0,7664618000.0,101090196000,85714414000.0,52897387000.0,477639000.0,15375782000.0,140345000.0,2220724000.0,15814672000.0,31096672000.0,12000.0,90909209000,-4844236000.0,162000.0,1143389400,CNY,23477702000,31439568000,7961866000.0,7961866000.0,8697167000,825722000.0,2611366000.0,14780535000,743843000.0,756991000.0,13148000.0,373845000.0,10454403000,1558063000.0,8896340000.0,8697167000.0,9071012000,8896340000,0,0,0,0,0,0,0,0,0,0,0,1,0,0,0,0,0,0,0,0,0,0,0,0,0,0,0,0,0,0,0,0,0,0,0,0,0,0,0,0,0,0,0,0,0,0,61.79999923706055,2022-06-30,0.11877023047253044
442,442,PYPL,2022-06-30,USD,77810000000.0,55252000000,4583000000.0,4583000000.0,22000000.0,43837000000.0,22558000000,1832000000.0,1001000000.0,1001000000.0,11146000000.0,4723000000.0,2109000000.0,58043000000,45095000000.0,40377000000.0,158000000.0,12948000000.0,0.0,10198000000.0,10963000000.0,3704000000.0,0.0,19767000000,16703000000.0,8000000.0,1158000000,USD,3314000000,6806000000,3492000000.0,3492000000.0,764000000,514000000.0,815000000.0,2550000000,-42000000.0,27000000.0,69000000.0,333000000.0,49000000,390000000.0,439000000.0,118000000.0,451000000,-341000000,0,0,0,0,0,0,0,0,0,0,0,0,0,0,0,0,0,0,0,1,0,0,0,1,0,0,1,0,0,0,0,0,0,0,0,0,0,0,0,0,0,0,0,0,0,0,69.46858978271484,2022-06-30,-0.044530342312743
466,466,QCOM,2022-06-30,USD,47020000000.0,18999000000,2676000000.0,2676000000.0,5418000000.0,3804000000.0,28021000000,5038000000.0,1954000000.0,1954000000.0,10719000000.0,4172000000.0,2929000000.0,30972000000,11829000000.0,3752000000.0,1945000000.0,19143000000.0,0.0,13600000000.0,15545000000.0,5669000000.0,5363000000.0,16048000000,15830000000.0,8000000.0,1134000000,USD,6120000000,10936000000,4816000000.0,4816000000.0,4472000000,655000000.0,2052000000.0,1648000000,-48000000.0,22000000.0,70000000.0,438000000.0,4239000000,509000000.0,3730000000.0,3413000000.0,3851000000,3730000000,0,0,0,0,0,0,0,0,0,0,0,0,0,0,0,0,0,0,0,1,0,0,0,0,0,0,1,0,0,0,0,0,0,0,0,0,0,0,0,0,0,0,0,0,0,0,117.9161148071289,2022-06-30,-0.04455268062808182
490,490,REGN,2022-06-30,USD,27205800000.0,15529900000,3395100000.0,3395100000.0,2218500000.0,5161400000.0,11675900000,3637700000.0,986000000.0,986000000.0,4290000000.0,4171300000.0,583600000.0,6518000000,3033900000.0,534200000.0,720000000.0,3484100000.0,720000000.0,1980700000.0,2700700000.0,1933400000.0,1503400000.0,20687800000,20793900000.0,100000.0,114000000,USD,2485700000,2857200000,371500000.0,371500000.0,1306900000,476300000.0,719900000.0,1178800000,-13100000.0,0.0,13100000.0,74400000.0,963200000,111100000.0,852100000.0,976300000.0,1050700000,852100000,0,0,0,0,0,0,0,0,0,1,1,1,0,0,0,0,0,0,0,0,0,0,0,0,0,0,0,0,0,0,0,0,0,0,0,0,0,1,0,0,0,0,0,0,0,0,587.163330078125,2022-06-30,0.21553637161588202
585,585,SBUX,2022-06-30,USD,28156200000.0,7067500000,3177500000.0,3177500000.0,2132900000.0,1300400000.0,21088700000,14445300000.0,203400000.0,203400000.0,3451200000.0,76900000.0,379800000.0,36815100000,8402400000.0,1489800000.0,2413900000.0,28412700000.0,8769200000.0,13930800000.0,23899100000.0,2451400000.0,594400000.0,-8666500000,-8719700000.0,1100000.0,1151000000,USD,2234000000,8150100000,5916100000.0,5916100000.0,1295500000,486700000.0,0.0,938500000,-103300000.0,19800000.0,123100000.0,391300000.0,1192200000,278500000.0,913700000.0,1315300000.0,1706600000,912900000,0,0,0,0,0,0,0,0,0,0,0,0,0,0,0,0,0,0,0,0,0,0,0,0,0,0,0,0,0,0,0,0,0,0,1,0,0,0,0,0,0,0,0,0,0,0,69.77642822265625,2022-06-30,0.3247864359959658
999,999,SGEN,2022-06-30,USD,3630343000.0,2778655000,364874000.0,364874000.0,319354000.0,438041000.0,851688000,218901000.0,249149000.0,249149000.0,274671000.0,1485448000.0,170938000.0,697531000,608521000.0,128872000.0,0.0,89010000.0,50205000.0,0.0,50205000.0,479649000.0,89010000.0,2932812000,-1815360000.0,184000.0,184145000,USD,391402000,497502000,106100000.0,106100000.0,-133111000,220259000.0,304254000.0,524513000,0.0,0.0,3218000.0,22015000.0,-134720000,107000.0,-134827000.0,-133111000.0,-111096000,-134827000,0,0,0,0,0,0,0,0,0,0,0,0,0,0,0,0,0,1,0,0,1,0,0,0,0,0,0,0,0,0,0,0,0,0,0,0,1,1,0,0,0,0,0,0,0,0,,,
537,537,SIRI,2022-06-30,USD,10270000000.0,1133000000,126000000.0,126000000.0,328000000.0,660000000.0,9137000000,1803000000.0,3128000000.0,3128000000.0,3249000000.0,0.0,19000000.0,13849000000,2884000000.0,1219000000.0,49000000.0,10965000000.0,382000000.0,9866000000.0,10248000000.0,184000000.0,560000000.0,-3579000000,-3586000000.0,4000000.0,400500000,USD,1116000000,2253000000,1137000000.0,1137000000.0,496000000,127000000.0,72000000.0,620000000,-104000000.0,0.0,104000000.0,144000000.0,388000000,96000000.0,292000000.0,492000000.0,636000000,292000000,0,0,0,0,0,0,0,0,0,0,0,0,1,0,0,0,0,0,0,0,0,0,0,0,0,0,0,0,0,0,0,0,0,0,0,0,0,1,0,0,0,0,0,0,0,0,54.2109489440918,2022-06-30,-0.24733364646939082
561,561,SWKS,2022-06-30,USD,8694600000.0,2908000000,643000000.0,643000000.0,1102000000.0,785600000.0,5786600000,1607400000.0,1541800000.0,1541800000.0,2176700000.0,16200000.0,361200000.0,3400000000,1226100000.0,319900000.0,523300000.0,2173900000.0,214000000.0,1689400000.0,2402200000.0,314300000.0,484500000.0,5294600000,5885100000.0,40100000.0,161500000,USD,561400000,1232600000,671200000.0,671200000.0,327900000,77000000.0,156500000.0,233500000,-11300000.0,0.0,11300000.0,162900000.0,314100000,46800000.0,267300000.0,325400000.0,488300000,267300000,0,0,0,0,0,0,0,0,0,0,0,0,0,0,0,0,0,0,0,0,0,0,0,0,0,0,0,0,0,0,0,0,0,0,0,0,0,1,0,0,0,0,0,0,0,0,82.21544647216797,2022-06-30,0.2242449826436046
158,158,ADI,2022-07-31,USD,50346170000.0,4689708000,1524960000.0,1524960000.0,1203394000.0,1742646000.0,45656462000,2180048000.0,13764444000.0,13764444000.0,26920335000.0,0.0,218708000.0,13707579000,2441201000.0,545068000.0,0.0,11266378000.0,0.0,6252839000.0,6252839000.0,1450407000.0,1249169000.0,36638591000,8175444000.0,85725000.0,520549999,USD,2043142000,3109880000,1066738000.0,1066738000.0,893306000,326942000.0,431829000.0,1149836000,-49392000.0,1797000.0,51189000.0,578969000.0,847937000,98952000.0,748985000.0,899126000.0,1478095000,748985000,0,0,0,0,0,0,0,0,0,0,0,0,1,0,0,0,0,1,0,1,0,0,0,0,0,0,0,0,0,0,0,0,0,0,0,0,0,0,0,0,0,0,0,0,0,0,160.7641143798828,2022-08-01,0.18563584459402693
205,205,ADSK,2022-07-31,USD,8227000000.0,2329000000,1440000000.0,1440000000.0,1478040500.0,434000000.0,5898000000,446000000.0,451000000.0,451000000.0,3612000000.0,85000000.0,370000000.0,7487000000,3642000000.0,109000000.0,430000000.0,3845000000.0,416000000.0,2279000000.0,3045000000.0,378000000.0,142000000.0,740000000,-2180000000.0,3089000000.0,218000000,USD,1099000000,1226000000,127000000.0,127000000.0,242000000,128000000.0,304000000.0,857000000,-10000000.0,4000000.0,26000000.0,38000000.0,232000000,46000000.0,186000000.0,258000000.0,296000000,186000000,0,0,0,0,0,1,0,0,0,0,0,0,0,0,0,0,0,0,0,0,0,0,0,0,0,0,0,0,0,0,0,0,0,0,0,0,0,0,0,0,0,0,0,0,0,0,218.13999938964844,2022-08-01,-0.028192875738937917
182,182,AMAT,2022-07-31,USD,26161000000.0,15434000000,2956000000.0,2956000000.0,5506000000.0,5117000000.0,10727000000,2194000000.0,337000000.0,337000000.0,3713000000.0,592000000.0,1263000000.0,14091000000,6833000000.0,1686000000.0,98000000.0,7258000000.0,400000000.0,5456000000.0,5856000000.0,1923000000.0,847000000.0,12070000000,36520000000.0,9000000.0,869000000,USD,3006000000,6520000000,3514000000.0,3514000000.0,1924000000,197000000.0,705000000.0,1082000000,-63000000.0,0.0,63000000.0,108000000.0,1861000000,255000000.0,1606000000.0,1924000000.0,2032000000,1606000000,0,0,0,0,0,0,0,0,0,0,0,0,0,0,0,0,0,0,0,0,0,0,0,0,0,0,0,0,0,0,0,0,0,0,0,0,0,1,0,0,0,0,0,0,0,0,102.92579650878906,2022-08-01,0.4388914132635173
701,701,AVGO,2022-07-31,USD,71326000000.0,15561000000,9977000000.0,9977000000.0,1838000000.0,2708000000.0,55765000000,2250000000.0,8174000000.0,8174000000.0,43608000000.0,0.0,1038000000.0,50423000000,6702000000.0,712000000.0,304000000.0,43721000000.0,61000000.0,39191000000.0,39495000000.0,2389000000.0,4530000000.0,20903000000,11622000000.0,8000000.0,4310776850,USD,5681000000,8464000000,2783000000.0,2783000000.0,3737000000,323000000.0,1255000000.0,1937000000,-406000000.0,0.0,406000000.0,1217000000.0,3337000000,263000000.0,3074000000.0,3743000000.0,4960000000,3074000000,0,0,0,0,0,0,0,0,0,0,0,0,1,0,0,0,0,0,0,0,0,0,0,0,0,0,1,0,0,0,0,0,0,0,0,0,0,1,0,0,0,0,0,0,0,0,50.43574905395508,2022-08-01,0.724977232037475
795,795,CPRT,2022-07-31,USD,5308864000.0,2202455000,1384236000.0,1384236000.0,58791000.0,628455000.0,3106409000,2602067000.0,54680000.0,54680000.0,401954000.0,0.0,130973000.0,683265000,440889000.0,187170000.0,21794000.0,242376000.0,117477000.0,1996000.0,119473000.0,83027000.0,160320000.0,4625599000,3956408000.0,96000.0,962944000,USD,381572000,883388000,501816000.0,501816000.0,324793000,41379000.0,0.0,56779000,-2656000.0,0.0,2656000.0,36272000.0,303468000,39733000.0,263735000.0,306185000.0,342457000,263735000,0,0,0,0,0,0,0,0,0,0,0,0,1,0,0,0,0,0,0,0,0,0,0,0,0,0,0,0,0,0,0,0,0,0,1,0,0,1,0,0,0,0,0,0,0,0,32.21500015258789,2022-08-01,0.37187643909646084
1086,1086,CRWD,2022-07-31,USD,4154236000.0,2827855000,2318858000.0,2318858000.0,1.0,418799000.0,1326380999,411475000.0,89840000.0,89840000.0,416066000.0,0.0,90198000.0,2910889000,1649250000.0,53817000.0,10316000.0,1261639000.0,31656000.0,740261000.0,771917000.0,221559000.0,19444000.0,1225419000,-1045726000.0,116000.0,232554000,USD,394586000,535153000,140567000.0,140567000.0,-48307000,80263000.0,137864000.0,442893000,-6335000.0,0.0,6335000.0,21909000.0,-43535000,4778000.0,-48313000.0,-37200000.0,-15291000,-49285000,0,0,0,0,0,0,0,0,0,0,0,0,1,0,0,0,0,0,0,0,0,0,0,0,0,0,0,0,0,0,0,0,0,0,0,0,0,1,0,0,0,0,0,0,0,0,183.3000030517578,2022-08-01,-0.11805782340078863
1278,1278,CSCO,2022-07-31,USD,94002000000.0,36717000000,7079000000.0,7079000000.0,2568000000.0,10527000000.0,57285000000,1997000000.0,2569000000.0,2569000000.0,38304000000.0,12188000000.0,4355000000.0,54229000000,25640000000.0,2281000000.0,1099000000.0,28589000000.0,0.0,8416000000.0,9515000000.0,8515000000.0,1968000000.0,39773000000,-1319000000.0,42714000000.0,4137000000,USD,7952000000,13102000000,5150000000.0,5150000000.0,3472000000,489000000.0,1682000000.0,4480000000,36000000.0,129000000.0,93000000.0,430000000.0,3416000000,601000000.0,2815000000.0,3509000000.0,3939000000,2815000000,0,0,0,0,0,0,0,0,0,0,0,0,0,0,0,0,0,0,0,1,0,0,0,0,0,0,0,0,0,0,0,0,0,0,0,0,0,0,0,0,0,0,0,0,0,0,40.87822341918945,2022-08-01,0.18695255245413378
300,300,INTU,2022-07-31,USD,27734000000.0,5047000000,2796000000.0,2796000000.0,1478040500.0,1048000000.0,22687000000,1437000000.0,7061000000.0,7061000000.0,13736000000.0,485000000.0,718000000.0,11293000000,3630000000.0,737000000.0,583000000.0,7663000000.0,542000000.0,6415000000.0,7540000000.0,1023000000.0,87000000.0,16441000000,13581000000.0,3000000.0,282000000,USD,1814000000,2414000000,600000000.0,600000000.0,-75000000,334000000.0,627000000.0,1889000000,-24000000.0,8000000.0,32000000.0,208000000.0,-99000000,-43000000.0,-56000000.0,-67000000.0,141000000,-56000000,0,0,0,0,0,1,0,0,0,0,0,0,0,0,0,0,0,0,0,0,0,0,0,0,0,0,0,0,0,0,0,0,0,0,0,0,0,0,0,0,0,0,0,0,0,0,438.0259399414063,2022-08-01,0.14950749078570014
890,890,MRVL,2022-07-31,USD,22162100000.0,2915000000,617100000.0,617100000.0,913100000.0,1291300000.0,19247100000,643800000.0,6144600000.0,6144600000.0,11579000000.0,176600000.0,93500000.0,6631900000,2155800000.0,490300000.0,690900000.0,4476100000.0,169100000.0,3947400000.0,4770000000.0,929100000.0,325600000.0,15530200000,1228000000.0,1700000.0,857900000,USD,786000000,1516900000,730900000.0,730900000.0,39100000,211700000.0,449000000.0,746900000,-39000000.0,800000.0,39800000.0,348700000.0,3800000,-500000.0,4300000.0,43600000.0,392300000,4300000,0,0,0,0,0,0,0,0,0,0,0,0,0,0,0,0,0,0,0,0,0,0,0,0,0,0,0,0,0,0,0,0,0,0,0,0,0,0,0,0,0,0,0,0,0,0,54.56654357910156,2022-08-01,0.1834554272242206
394,394,NVDA,2022-07-31,USD,43476000000.0,27418000000,3013000000.0,3013000000.0,3889000000.0,5317000000.0,16058000000,4085000000.0,2036000000.0,2036000000.0,4372000000.0,14024000000.0,1175000000.0,19625000000,7573000000.0,2421000000.0,1249000000.0,12052000000.0,743000000.0,9700000000.0,11692000000.0,3544000000.0,1609000000.0,23851000000,12971000000.0,2000000.0,25160000000,USD,2915000000,6704000000,3789000000.0,3789000000.0,499000000,592000000.0,1824000000.0,2416000000,-19000000.0,46000000.0,65000000.0,378000000.0,475000000,-181000000.0,656000000.0,540000000.0,918000000,656000000,0,0,0,0,0,0,0,0,0,0,0,0,0,0,0,0,0,0,0,0,0,0,0,0,0,0,0,0,0,0,0,0,0,0,0,0,0,0,0,0,0,0,0,0,0,0,18.41237068176269,2022-08-01,1.5360683325071984
961,961,OKTA,2022-07-31,USD,9074007000.0,2945502000,216022000.0,216022000.0,1.0,323377000.0,6128505000,208898000.0,281470000.0,281470000.0,5400275000.0,2260956000.0,145147000.0,3620991000,1236585000.0,43708000.0,5209000.0,2384406000.0,158577000.0,2190110000.0,2353896000.0,193571000.0,18532000.0,5453016000,-2113196000.0,16000.0,157400000,USD,314000000,452000000,137694000.0,137694000.0,-208000000,101000000.0,156000000.0,522000000,1806000.0,4721000.0,3000000.0,31000000.0,-206000000,4000000.0,-210472000.0,-203000000.0,-172000000,-210000000,0,0,0,0,0,0,0,0,0,0,0,0,0,0,0,0,0,0,0,0,0,0,0,0,0,0,0,0,0,0,0,0,0,0,0,0,0,0,0,0,0,0,0,0,0,0,98.52999877929688,2022-08-01,-0.21993299946633726
1134,1134,PANW,2022-07-31,USD,12253600000.0,6414900000,2118500000.0,2118500000.0,1.0,2142500000.0,5838700000,599800000.0,384500000.0,384500000.0,2747700000.0,1516000000.0,637900000.0,12043600000,8306300000.0,128000000.0,3676800000.0,3737300000.0,276100000.0,0.0,3952900000.0,860300000.0,108400000.0,210000000,-1667100000.0,1932700000.0,672600000,USD,1058200000,1550500000,492300000.0,492300000.0,15400000,108400000.0,363800000.0,1042800000,-6900000.0,0.0,6900000.0,35000000.0,17300000,14000000.0,3300000.0,22400000.0,57400000,3300000,0,0,0,0,0,0,0,0,0,0,0,0,0,0,0,0,0,0,0,0,1,0,0,0,0,0,0,0,0,0,0,0,0,0,0,0,0,1,0,0,0,0,0,0,0,0,84.61000061035156,2022-08-01,0.47713039186106543
513,513,ROST,2022-07-31,USD,13179922000.0,6985071000,3903670000.0,3903670000.0,2716878000.0,167503000.0,6194851000,2047000000.0,986000000.0,986000000.0,4290000000.0,0.0,197020000.0,9052971000,3644981000.0,2085680000.0,647504000.0,5407990000.0,0.0,0.0,5627429000.0,911797000.0,0.0,4126951000,2928581000.0,3475000.0,346106000,USD,1183474000,4583009000,3399535000.0,3399535000.0,516410999,368000000.0,0.0,667063000,0.0,0.0,20356000.0,97073000.0,505744000,121227000.0,471000000.0,526100000.0,623173000,384517000,0,0,0,0,0,0,0,0,1,1,1,1,1,0,0,0,0,0,0,1,1,0,0,1,0,0,0,0,0,0,0,0,0,1,1,0,1,1,0,0,0,0,1,0,0,0,79.17062377929688,2022-08-01,0.4105955140245998
1015,1015,SPLK,2022-07-31,USD,5209556000.0,2830453000,747883000.0,747883000.0,1.0,820115000.0,2379103000,122189000.0,136672000.0,136672000.0,1401628000.0,995510000.0,266944999.0,5893530000,1733100000.0,82835000.0,0.0,4160430000.0,205371000.0,3870150000.0,4075521000.0,494337000.0,227826000.0,-683974000,-4022907000.0,170000.0,161787000,USD,591962000,798753000,206791000.0,206791000.0,-190098000,114381000.0,257057000.0,782060000,-8058000.0,4847000.0,12905000.0,122085.0,-201769000,7943000.0,-209712000.0,-164355085.0,-164233000,-209712000,0,0,0,0,0,0,0,0,0,0,0,0,0,0,0,0,0,1,0,0,0,0,0,0,0,0,0,0,0,0,0,0,0,0,0,0,0,0,0,0,0,0,0,0,0,0,,,
1039,1039,WDAY,2022-07-31,USD,13249550000.0,7639645000,2486540000.0,2486540000.0,165012000.0,1105288000.0,5609905000,1233151000.0,368937000.0,368937000.0,2840044000.0,3806427000.0,241390000.0,8121742000,4857857000.0,60710000.0,1240463000.0,3263885000.0,305018000.0,2974023000.0,4428023000.0,667892000.0,289862000.0,5127808000,-2910916000.0,255000.0,254355000,USD,1112713000,1535798000,423085000.0,423085000.0,-34078000,140255000.0,547835000.0,1146791000,-14946000.0,15214000.0,30160000.0,92695000.0,-66867000,-2709000.0,-64158000.0,-36707000.0,55988000,-64158000,0,0,0,0,0,0,0,0,0,0,0,0,0,0,0,0,0,0,0,0,0,0,0,0,0,0,0,0,0,0,0,0,0,0,0,0,0,0,0,0,0,0,0,0,0,0,155.5800018310547,2022-08-01,0.5241676442471923
1063,1063,ZM,2022-07-31,USD,8047598000.0,6414401000,937443000.0,937443000.0,374997000.0,526754000.0,1633197000,327575000.0,52406000.0,52406000.0,122556000.0,4582708000.0,367496000.0,2057201000,1866888000.0,22994000.0,21986000.0,190313000.0,75954000.0,0.0,97940000.0,312153000.0,58846000.0,5990397000,2207515000.0,298000.0,307160840,USD,825847000,1099458000,273611000.0,273611000.0,121743000,131066000.0,172564000.0,704104000,0.0,34712000.0,66056000.0,20875000.0,90399000,44649000.0,45750000.0,121743000.0,142618000,45750000,0,0,0,0,0,0,0,0,0,0,0,0,0,0,0,0,0,0,0,0,1,0,0,0,0,0,0,0,0,0,0,0,0,0,0,0,1,0,0,0,0,0,0,0,0,0,105.38999938964844,2022-08-01,-0.3040136739831347
1158,1158,ZS,2022-07-31,USD,2832665000.0,2256647000,1013210000.0,1013210000.0,86210000.0,399745000.0,576018000,232990000.0,31819000.0,31819000.0,78547000.0,718129000.0,127493000.0,2259365000,1134447000.0,26154000.0,26100000.0,1124918000.0,77048000.0,968674000.0,1045722000.0,158444000.0,7922000.0,573300000,-991878000.0,143000.0,142355000,USD,249375000,318059000,68684000.0,68684000.0,-82529000,39902000.0,77952000.0,331904000,-11851000.0,2607000.0,14458000.0,39710000.0,-95154000,2498000.0,-97652000.0,-80696000.0,-40986000,-97652000,0,0,0,0,0,0,0,0,0,0,0,0,0,0,0,0,0,0,0,0,0,0,0,0,0,0,0,0,0,0,0,0,0,0,0,0,0,0,0,0,0,0,0,0,0,0,153.5,2022-08-01,0.04482087871539098
61,61,ADBE,2022-08-31,USD,26744000000.0,8489000000,3870000000.0,3870000000.0,1478040500.0,1723000000.0,18255000000,2272000000.0,1548000000.0,1548000000.0,12756000000.0,1894000000.0,1002000000.0,12371000000,7438000000.0,316000000.0,588000000.0,4933000000.0,514000000.0,3627000000.0,4641000000.0,1629000000.0,253000000.0,14373000000,27158000000.0,8000000.0,469000000,USD,3887000000,4433000000,546000000.0,546000000.0,1484000000,319000000.0,775000000.0,2403000000,-28000000.0,0.0,28000000.0,216000000.0,1456000000,320000000.0,1136000000.0,1484000000.0,1700000000,1136000000,0,0,0,0,0,1,0,0,0,0,0,0,0,0,0,0,0,0,0,0,0,0,0,0,0,0,1,0,0,0,0,0,0,0,0,0,0,1,0,0,0,0,0,0,0,0,373.4400024414063,2022-08-31,0.4978042609220221
748,748,CTAS,2022-08-31,USD,8261026000.0,1794073000,74558000.0,74558000.0,473888000.0,1082783000.0,6466952999,1503828000.0,379379000.0,379379000.0,3037278000.0,0.0,162844000.0,5031400000,1599541000.0,292321000.0,551006000.0,3431858999.0,177549000.0,2484602000.0,3169618000.0,720431000.0,459502000.0,3229626000,8953391000.0,1878837000.0,413348000,USD,1028112000,2166454000,1138342000.0,1138342000.0,440120000,587992000.0,0.0,587992000,-27565000.0,155000.0,27720000.0,100046000.0,412555000,60866000.0,351689000.0,440275000.0,540321000,351689000,0,0,0,0,0,0,0,0,0,0,0,0,1,0,0,0,0,0,0,0,0,0,0,0,0,0,0,0,0,0,0,0,0,0,1,0,0,0,0,0,0,0,0,0,0,0,98.5706024169922,2022-08-31,0.2521284696427495
771,771,STZ,2022-08-31,USD,24280900000.0,3530200000,165100000.0,165100000.0,1651000000.0,978900000.0,20750700000,6234000000.0,2763600000.0,2763600000.0,7898600000.0,-91800000.0,735200000.0,14570000000,2511900000.0,959100000.0,671500000.0,12058100000.0,0.0,10278700000.0,10950200000.0,881300000.0,1779400000.0,9389000000,13448400000.0,2200000.0,184936000,USD,1362400000,2655700000,1293300000.0,1293300000.0,860100000,512800000.0,0.0,502300000,-94300000.0,1813400000.0,94200000.0,91700000.0,-1008300000,132400000.0,-1140700000.0,-914100000.0,-822400000,-1151200000,0,0,0,0,0,0,0,0,0,0,0,0,0,0,0,0,0,0,0,1,0,0,0,0,0,0,0,0,0,0,0,0,0,0,1,0,0,0,0,0,0,0,0,0,0,0,230.4813537597656,2022-08-31,0.0738959190923485
1253,1253,AAPL,2022-09-30,USD,352755000000.0,135405000000,23646000000.0,23646000000.0,4946000000.0,60932000000.0,217350000000,42117000000.0,986000000.0,986000000.0,4290000000.0,24658000000.0,21223000000.0,302083000000,153982000000.0,64115000000.0,21110000000.0,148101000000.0,0.0,98959000000.0,120069000000.0,60845000000.0,49142000000.0,50672000000,-3068000000.0,64849000000.0,16118465000,USD,38095000000,90146000000,52051000000.0,52051000000.0,24894000000,6440000000.0,6761000000.0,13201000000,-74000000.0,753000000.0,827000000.0,2865000000.0,24657000000,3936000000.0,20721000000.0,25484000000.0,28349000000,20721000000,0,0,0,0,0,0,0,0,0,1,1,1,0,0,0,0,0,0,0,1,0,0,0,0,0,0,0,0,0,0,0,0,0,0,0,0,0,0,0,0,0,0,0,0,0,0,135.79351806640625,2022-09-30,0.24620635811727665
228,228,ADP,2022-09-30,USD,46364700000.0,37968800000,1207700000.0,1207700000.0,32937900000.0,2939200000.0,8395900000,1064100000.0,1368700000.0,1368700000.0,2273400000.0,24400000.0,33797500000.0,43788200000,39166200000.0,82700000.0,167600000.0,4622000000.0,348500000.0,2987600000.0,3503700000.0,38734400000.0,902100000.0,2576500000,21039000000.0,63900000.0,416900000,USD,1681000000,4215600000,2393600000.0,2393600000.0,1063000000,800300000.0,209800000.0,800300000,119500000.0,170700000.0,51200000.0,135100000.0,1010000000,231000000.0,779000000.0,1063000000.0,1198100000,779000000,0,0,0,0,0,0,0,0,0,0,0,0,0,0,0,0,0,0,0,0,0,0,0,0,0,0,0,0,0,0,0,0,0,0,0,0,0,0,0,0,0,0,0,0,0,0,210.698486328125,2022-09-30,0.08647797967836235
656,656,AEP,2022-09-30,USD,91249400000.0,9320000000,522200000.0,522200000.0,801900000.0,1211900000.0,81929400000,69813100000.0,986000000.0,986000000.0,52500000.0,202200000.0,6581800000.0,66663800000,11836400000.0,2240200000.0,3447500000.0,54827400000.0,631700000.0,33646600000.0,37634100000.0,5773200000.0,12247800000.0,24278200000,12389800000.0,3412500000.0,515315994,USD,3414200000,5526100000,2111900000.0,2111900000.0,1196700000,797000000.0,0.0,2484100000,-360700000.0,0.0,360700000.0,821800000.0,657000000,16100000.0,673100000.0,1060100000.0,1881900000,683300000,0,0,0,0,0,0,0,0,0,1,1,0,0,0,0,0,0,0,0,0,0,0,0,0,0,0,0,0,0,0,0,0,0,0,1,0,0,1,0,0,0,0,0,0,0,0,75.81101989746094,2022-09-30,-0.09625527665014011
632,632,ALGN,2022-09-30,USD,5912802000.0,2500580000,1044523000.0,1044523000.0,320903000.0,991699000.0,3412222000,1315911000.0,91711000.0,91711000.0,377616000.0,46242000.0,97213000.0,2218180000,1809403000.0,138918000.0,24173000.0,408777000.0,96694000.0,96694000.0,120867000.0,232386000.0,185024000.0,3694622000,2674661000.0,8000.0,78237000,USD,619169000,890348000,271179000.0,271179000.0,143656000,398547000.0,76966000.0,475513000,1685000.0,1685000.0,1685000.0,32189000.0,122641000,49941000.0,72700000.0,143656000.0,175845000,72700000,0,0,0,0,0,0,0,0,0,0,0,0,0,0,0,0,0,0,0,0,0,0,0,0,0,0,0,0,0,0,0,0,0,0,0,0,0,0,0,0,0,0,0,0,0,0,207.1100006103516,2022-09-30,0.4741924891335185
608,608,AMD,2022-09-30,USD,67811000000.0,14420000000,3398000000.0,3398000000.0,3369000000.0,4340000000.0,53391000000,1486000000.0,25714000000.0,25714000000.0,24187000000.0,2193000000.0,1120000000.0,13269000000,6691000000.0,2337000000.0,312000000.0,6578000000.0,424000000.0,2466000000.0,2890000000.0,3220000000.0,1610000000.0,54542000000,-152000000.0,16000000.0,1625000000,USD,2354000000,5565000000,3211000000.0,3211000000.0,-42000000,557000000.0,1279000000.0,2418000000,-31000000.0,34000000.0,31000000.0,590000000.0,-73000000,-135000000.0,62000000.0,-42000000.0,548000000,66000000,0,0,0,0,0,0,0,0,0,0,0,0,0,0,0,0,0,0,0,0,0,0,0,0,0,0,0,0,0,0,0,0,0,0,0,0,0,0,0,0,0,0,0,0,0,0,63.36000061035156,2022-09-30,0.6227903835914075
133,133,AMGN,2022-09-30,USD,63700000000.0,24062000000,9502000000.0,9502000000.0,4757000000.0,5326000000.0,39638000000,5188000000.0,13266000000.0,13266000000.0,14845000000.0,1976000000.0,2501000000.0,60047000000,14331000000.0,1204000000.0,1543000000.0,45716000000.0,0.0,37161000000.0,38704000000.0,11584000000.0,8555000000.0,3653000000,-28066000000.0,32371000000.0,538000000,USD,5064000000,6652000000,1588000000.0,1588000000.0,2660000000,1287000000.0,1112000000.0,2404000000,-368000000.0,0.0,368000000.0,837000000.0,2392000000,249000000.0,2143000000.0,2760000000.0,3597000000,2143000000,0,0,0,0,0,0,0,0,0,0,0,0,0,0,0,0,0,0,0,1,0,0,0,0,0,0,0,0,0,0,0,0,0,0,0,0,0,1,0,0,0,0,0,0,0,0,201.99327087402344,2022-09-30,0.2325031192798881
109,109,AMZN,2022-09-30,USD,428362000000.0,131463000000,34947000000.0,34947000000.0,36647000000.0,36154000000.0,296899000000,239228000000.0,986000000.0,986000000.0,20168000000.0,23715000000.0,36154000000.0,290873000000,140363000000.0,67760000000.0,16329000000.0,150510000000.0,69332000000.0,58919000000.0,128251000000.0,59974000000.0,22259000000.0,137489000000,82915000000.0,107000000.0,10198000000,USD,56833000000,127101000000,70268000000.0,70268000000.0,2525000000,3061000000.0,16787000000.0,54184180000,-340000000.0,277000000.0,617000000.0,10204000000.0,2941000000,69000000.0,2875000000.0,2525000000.0,12729000000,2872000000,0,0,0,0,0,0,0,0,0,1,1,0,0,0,0,0,0,0,0,0,0,0,0,0,0,0,0,0,0,0,0,0,0,0,0,0,0,0,0,0,0,0,0,0,0,0,113.0,2022-09-30,0.12495577651842527
677,677,ANSS,2022-09-30,USD,6161640000.0,1449876000,632509000.0,632509000.0,1478040500.0,763739000.0,4711764000,77748000.0,739202000.0,739202000.0,3532459000.0,194000.0,53434000.0,1617955000,609690000.0,17353000.0,19900000.0,1008265000.0,109706000.0,753495000.0,863201000.0,215234000.0,206413000.0,4543685000,4524983000.0,953000.0,87418000,USD,410544000,472511000,61967000.0,61967000.0,123384000,175283000.0,108056000.0,287160000,-4747000.0,1345000.0,6092000.0,34209000.0,117981000,22006000.0,95975000.0,117402000.0,151611000,95975000,0,0,0,0,0,1,0,0,0,0,0,0,0,0,0,0,0,0,0,0,0,0,0,0,0,0,0,0,0,0,0,0,0,0,0,0,0,0,0,0,0,0,0,0,0,0,,,
1229,1229,AZN,2022-09-30,USD,94185000000.0,20224000000,4458000000.0,4458000000.0,5078000000.0,9336000000.0,73961000000,2047000000.0,39585000000.0,39585000000.0,19707000000.0,440000000.0,912000000.0,59031000000,24850000000.0,17694000000.0,5618000000.0,34181000000.0,0.0,0.0,29299000000.0,445000000.0,0.0,35134000000,-2471000000.0,387000000.0,3118000000,USD,8000000000,10982000000,2982000000.0,2982000000.0,1245000000,4277000000.0,2458000000.0,6755000000,0.0,0.0,339000000.0,1334000000.0,922000000,-720000000.0,471000000.0,1261000000.0,2595000000,1640000000,0,0,0,0,0,0,0,0,1,0,0,0,0,0,0,0,0,0,0,1,1,0,0,1,0,0,0,0,0,0,0,0,0,0,0,0,1,1,0,0,0,0,1,0,0,0,101.87555694580078,2022-09-30,0.2610141830698689
1301,1301,BIDU,2022-09-30,CNY,389033000000.0,208920000000,55164000000.0,55164000000.0,11233000000.0,14557000000.0,180113000000,35029000000.0,21312000000.0,21312000000.0,22602000000.0,118148000000.0,9818000000.0,158241000000,84978000000.0,38689000000.0,28753000000.0,73263000000.0,7976000000.0,61571000000.0,95489000000.0,3482000000.0,1692000000.0,217236000000,3807700000.0,217236000000.0,348750000,CNY,16267000000,32540000000,16273000000.0,16273000000.0,5317000000,5193000000.0,5757000000.0,10950000000,895000000.0,1619000000.0,724000000.0,4031750000.0,547000000,908000000.0,-361000000.0,1271000000.0,5302750000,-146000000,0,0,0,0,0,0,0,0,0,0,0,0,0,0,0,0,0,0,0,0,0,0,0,0,0,1,0,0,0,0,0,0,0,0,0,0,0,0,0,0,0,0,0,0,0,0,117.48999786376952,2022-09-30,0.1435016473427415
1325,1325,BIIB,2022-09-30,USD,24854200000.0,9765800000,3675600000.0,3675600000.0,1375000000.0,1984200000.0,15088400000,3266400000.0,2008900000.0,2008900000.0,5741200000.0,1235500000.0,1495500000.0,12087400000,3926400000.0,383200000.0,0.0,8161000000.0,354800000.0,6279200000.0,6634000000.0,3305900000.0,1552900000.0,12775500000,15916100000.0,100000.0,144800000,USD,2039000000,2508500000,469500000.0,469500000.0,870000000,561200000.0,605700000.0,1169000000,-36000000.0,23900000.0,59900000.0,120700000.0,1371100000,236200000.0,1134900000.0,824700000.0,945400000,1134700000,0,0,0,0,0,0,0,0,0,0,0,0,0,0,0,0,0,1,0,0,0,0,0,0,0,0,0,0,0,0,0,0,0,0,0,0,0,0,0,0,0,0,0,0,0,0,267.0,2022-09-30,-0.03741569376170417
724,724,CDNS,2022-09-30,USD,4968087000.0,1670483000,1026050999.0,1026050999.0,114283000.0,429623000.0,3297604000,348238000.0,353912000.0,353912000.0,1348494000.0,0.0,100526000.0,2259959000,1256994000.0,454688000.0,150000000.0,1002965000.0,0.0,647799000.0,797799000.0,454688000.0,252999000.0,2708128000,3654848000.0,2697632000.0,274957000,USD,814905000,902554000,87649000.0,87649000.0,260752000,73688000.0,323629000.0,554153000,-5463000.0,0.0,5463000.0,27863000.0,252272000,65967000.0,186305000.0,257735000.0,285598000,186305000,0,0,0,0,0,0,0,0,0,0,0,0,1,0,0,0,0,0,0,1,0,0,0,0,0,0,0,0,0,0,0,0,0,0,0,0,0,1,0,0,0,0,0,0,0,0,163.42999267578125,2022-09-30,0.4336413972469009
1349,1349,CHTR,2022-09-30,USD,143669000000.0,3754000000,480000000.0,480000000.0,1478040500.0,2841000000.0,139915000000,35005000000.0,70436000000.0,70436000000.0,29563000000.0,0.0,433000000.0,131319000000,11595000000.0,740000000.0,1813000000.0,119724000000.0,291000000.0,95510000000.0,97323000000.0,7806000000.0,5061000000.0,8889000000,-8816000000.0,8000000.0,160638186,USD,5933000000,13550000000,7617000000.0,7617000000.0,3126000000,861000000.0,0.0,2807000000,-1160000000.0,0.0,1160000000.0,2177000000.0,1727000000,360000000.0,1367000000.0,2887000000.0,5064000000,1185000000,0,0,0,0,0,1,0,0,0,0,0,0,1,0,0,0,0,0,0,0,0,0,0,0,0,0,1,0,0,0,0,0,0,0,1,0,0,1,0,0,0,0,0,0,0,0,303.3500061035156,2022-09-30,0.4498763753910522
1109,1109,DDOG,2022-09-30,USD,2797603000.0,2176569000,294815000.0,294815000.0,1.0,348830000.0,621034000,110889000.0,15616000.0,15616000.0,332649000.0,1471448000.0,61476000.0,1508164000,674408000.0,27625000.0,21751000.0,833756000.0,98685000.0,738003000.0,836688000.0,146290000.0,95753000.0,1289439000,-173232000.0,3000.0,315990000,USD,342726000,436533000,93807000.0,93807000.0,-31342000,39395000.0,205388000.0,374068000,5359000.0,9087000.0,3728000.0,9313000.0,-23059000,2926000.0,-25985000.0,-19331000.0,-10018000,-25985000,0,0,0,0,0,0,0,0,0,0,0,0,0,0,0,0,0,0,0,0,0,0,0,0,0,0,0,0,0,0,0,0,0,0,0,0,0,0,0,0,0,0,0,0,0,0,88.77999877929688,2022-09-30,0.026019346591075188
252,252,FISV,2022-09-30,USD,75640000000.0,19875000000,893000000.0,893000000.0,1478040500.0,3303000000.0,55765000000,2047000000.0,12456000000.0,12456000000.0,36241000000.0,0.0,15679000000.0,44497000000,18724000000.0,469000000.0,528000000.0,25773000000.0,0.0,0.0,21375000000.0,16149000000.0,0.0,30326000000,16594000000.0,8000000.0,645000000,USD,2522000000,4518000000,1996000000.0,1996000000.0,855000000,368000000.0,0.0,1667000000,0.0,0.0,193000000.0,790000000.0,640000000,147000000.0,471000000.0,845000000.0,1635000000,481000000,0,0,0,0,0,1,0,0,1,0,0,0,1,0,0,0,0,0,0,1,1,0,0,1,0,0,0,0,0,0,0,0,0,1,1,0,1,1,0,0,0,0,1,0,0,0,93.56999969482422,2022-09-30,0.20722453193211865
818,818,FTNT,2022-09-30,USD,5335900000.0,2982200000,964000000.0,964000000.0,215800000.0,963200000.0,2353700000,889500000.0,38800000.0,38800000.0,120200000.0,766400000.0,72800000.0,5958700000,2779600000.0,215100000.0,0.0,3179100000.0,0.0,989900000.0,989900000.0,367700000.0,56900000.0,-634700000,-1860200000.0,800000.0,798600000,USD,866500000,1149500000,283000000.0,283000000.0,265500000,40700000.0,134300000.0,601000000,100000.0,4600000.0,4500000.0,26400000.0,258400000,27300000.0,231100000.0,269200000.0,295600000,231600000,0,0,0,0,0,0,0,0,0,0,0,0,0,0,0,0,0,1,0,1,0,0,0,0,0,0,0,0,0,0,0,0,0,0,0,0,0,0,0,0,0,0,0,0,0,0,49.130001068115234,2022-09-30,0.19438223141538624
276,276,GILD,2022-09-30,USD,62557000000.0,13554000000,4699000000.0,4699000000.0,1463000000.0,4354000000.0,49003000000,5349000000.0,29440000000.0,29440000000.0,8314000000.0,961000000.0,2077000000.0,41500000000,10423000000.0,614000000.0,2270000000.0,31077000000.0,0.0,22953000000.0,25223000000.0,6637000000.0,5088000000.0,21081000000,15756000000.0,1000000.0,1261000000,USD,5647000000,7042000000,1395000000.0,1395000000.0,2837000000,1213000000.0,1149000000.0,2810000000,-229000000.0,0.0,229000000.0,525000000.0,2432000000,646000000.0,1786000000.0,2661000000.0,3186000000,1789000000,0,0,0,0,0,0,0,0,0,0,0,0,0,0,0,0,0,0,0,1,0,0,0,0,0,0,0,0,0,0,0,0,0,0,0,0,0,1,0,0,0,0,0,0,0,0,55.05527114868164,2022-09-30,0.26068794197836276
85,85,GOOGL,2022-09-30,USD,358255000000.0,166109000000,21984000000.0,21984000000.0,3156000000.0,36176000000.0,192146000000,122040000000.0,2192000000.0,2192000000.0,28834000000.0,94275000000.0,10518000000.0,104629000000,65979000000.0,6303000000.0,2285000000.0,38650000000.0,11984000000.0,14653000000.0,28922000000.0,52781000000.0,2371000000.0,253626000000,196220000000.0,66258000000.0,13097000000,USD,37934000000,69092000000,31158000000.0,31158000000.0,17135000000,3597000000.0,10273000000.0,20799000000,514000000.0,615000000.0,101000000.0,4046000000.0,16233000000,2323000000.0,13910000000.0,16334000000.0,20380000000,13910000000,0,0,0,0,0,0,0,0,0,0,0,0,0,0,0,0,0,0,0,0,0,0,0,0,0,0,0,0,0,0,0,0,0,0,0,0,0,0,0,0,0,0,0,0,0,0,94.93270874023438,2022-09-30,0.36811288577853296
842,842,IDXX,2022-09-30,USD,2640067000.0,1058859000,99176000.0,99176000.0,354975000.0,452897000.0,1581208000,612405000.0,99968000.0,99968000.0,355292000.0,0.0,151811000.0,2164068000,1189945000.0,110144000.0,652152000.0,974123000.0,112280000.0,760814000.0,1506094000.0,352134000.0,198823000.0,475999000,3427322000.0,10709000.0,84113000,USD,506626000,841661000,335035000.0,335035000.0,244828000,83764000.0,48013000.0,261798000,-10645000.0,353000.0,10998000.0,28547000.0,234183000,53245000.0,180938000.0,245881000.0,274428000,180938000,0,0,0,0,0,0,0,0,0,0,0,0,1,0,0,0,0,0,0,0,0,0,0,0,0,0,0,0,0,0,0,0,0,0,0,0,0,0,0,0,0,0,0,0,0,0,325.79998779296875,2022-09-30,0.3421424352278899
13,13,INTC,2022-09-30,USD,174841000000.0,49263000000,4529000000.0,4529000000.0,12831000000.0,7469000000.0,125578000000,75763000000.0,6268000000.0,6268000000.0,27591000000.0,18030000000.0,6404000000.0,74956000000,27813000000.0,7133000000.0,2283000000.0,47143000000.0,0.0,37240000000.0,39523000000.0,14615000000.0,9542000000.0,99885000000,71024000000.0,30912000000.0,4125000000,USD,6535000000,15338000000,8803000000.0,8803000000.0,-175000000,1744000000.0,4302000000.0,6710000000,138000000.0,170000000.0,114000000.0,3252000000.0,-188000000,-1207000000.0,1019000000.0,-74000000.0,3178000000,1019000000,0,0,0,0,0,0,0,0,0,0,0,0,0,0,0,0,0,0,0,1,0,0,0,0,0,0,0,0,0,0,0,0,0,0,0,0,0,0,0,0,0,0,0,0,0,0,24.518293380737305,2022-09-30,0.42608630170863493
323,323,ISRG,2022-09-30,USD,13260800000.0,6293100000,1538000000.0,1538000000.0,837100000.0,971100000.0,6967700000,2243700000.0,57100000.0,57100000.0,348200000.0,2781000000.0,165900000.0,1686800000,1233400000.0,164200000.0,0.0,453400000.0,0.0,0.0,6120000000.0,639100000.0,453400000.0,11515400000,4017800000.0,400000.0,360500000,USD,1052100000,1557400000,505300000.0,505300000.0,398900000,436100000.0,217100000.0,653200000,3900000.0,3900000.0,3900000.0,89800000.0,402800000,78100000.0,324700000.0,398900000.0,488700000,324000000,0,0,0,0,0,0,0,0,0,0,0,0,0,0,0,0,0,1,0,1,1,1,0,0,0,0,0,0,0,0,0,0,0,0,0,0,0,0,0,0,0,0,0,0,0,0,187.44000244140625,2022-09-30,0.5593790265570004
346,346,JD,2022-09-30,CNY,81729608528.0,47156616651,12662031814.0,12662031814.0,10649114395.0,3415782942.0,34572991877,84150000000.0,1334752933.0,1334752933.0,3260802120.0,18113859431.0,2315828068.0,43494048962,36147901624.0,21240974729.0,3615185018.0,7346147337.0,22421000000.0,28613000000.0,9734600631.0,1447353790.0,1415000000.0,29919195622,29304000000.0,212163000000.0,1590500000,CNY,21842000000,243535000000,221693000000.0,221693000000.0,8728000000,2622000000.0,4116000000.0,13114000000,-579000000.0,0.0,579000000.0,1537000000.0,7710000000,1751000000.0,5959000000.0,7499000000.0,9036000000,5963000000,0,0,0,0,0,0,0,0,0,0,0,0,0,0,0,0,0,0,0,0,0,0,0,0,0,0,0,0,0,0,0,0,0,0,0,0,0,1,0,0,0,0,0,0,0,0,46.79403305053711,2022-09-30,-0.412163995834276
370,370,KHC,2022-09-30,USD,89992000000.0,7860000000,997000000.0,997000000.0,3535000000.0,2055000000.0,82132000000,6417000000.0,42354000000.0,42354000000.0,30574000000.0,0.0,1273000000.0,41649000000,8686000000.0,4733000000.0,774000000.0,32963000000.0,0.0,19296000000.0,20070000000.0,3179000000.0,1698000000.0,48148000000,-208000000.0,12000000.0,1235000000,USD,1843000000,6505000000,4662000000.0,4662000000.0,751000000,798000000.0,0.0,5754000000,-228000000.0,7000000.0,228000000.0,229000000.0,545000000,110000000.0,435000000.0,770000000.0,999000000,435000000,0,0,0,0,0,0,0,0,0,0,0,0,1,0,0,0,0,0,0,1,0,0,0,0,0,0,0,0,0,0,0,0,0,0,1,0,0,0,0,0,0,0,0,0,0,0,28.42512321472168,2022-09-30,0.05323234304400515
866,866,KLAC,2022-09-30,USD,13123652000.0,7643939000,1819280000.0,1819280000.0,2408325000.0,1857320000.0,5479713000,913002000.0,1131445000.0,1131445000.0,2278827000.0,1134240000.0,424774000.0,11021578000,3139364000.0,479707000.0,30701000.0,7882214000.0,110490000.0,6312749000.0,6343450000.0,1825647000.0,881772000.0,2102074000,1118967000.0,1041948000.0,142563000,USD,1683198000,2724424000,1041226000.0,1041226000.0,1110703000,253980000.0,318515000.0,572495000,-74395000.0,0.0,74395000.0,101938000.0,1070028000,43963000.0,1026065000.0,1144423000.0,1246361000,1025991000,0,0,0,0,0,0,0,0,0,0,0,0,0,0,0,0,0,0,0,0,0,0,0,0,0,0,0,0,0,0,0,0,0,0,0,0,0,1,0,0,0,0,0,0,0,0,292.4707946777344,2022-09-30,0.535006948789938
1205,1205,LCID,2022-09-30,USD,6887811000.0,4156428000,1264136000.0,1264136000.0,685321000.0,2659000.0,2731383000,2166154000.0,986000000.0,986000000.0,4290000000.0,2078045000.0,126267000.0,3656564000,825124000.0,79781000.0,33311000.0,2831440000.0,336139000.0,1990571000.0,2342426000.0,712032000.0,125836000.0,3231247000,-6897684000.0,168000.0,169096355,USD,-297026000,195457000,492483000.0,492483000.0,-687523000,176736000.0,213761000.0,390497000,16760000.0,24373000.0,7613000.0,55955000.0,-529952000,149000.0,-530101000.0,-522339000.0,-466384000,-530101000,0,0,0,0,0,0,0,0,0,1,1,1,0,0,0,0,0,0,0,0,0,0,0,0,0,0,0,0,0,0,0,0,0,0,0,0,0,0,0,0,0,0,0,0,0,0,139.6999969482422,2022-09-30,-0.5998568164136078
1181,1181,META,2022-09-30,USD,178894000000.0,58315000000,14308000000.0,14308000000.0,1478040500.0,11227000000.0,120579000000,87379000000.0,875000000.0,875000000.0,20268000000.0,27468000000.0,5312000000.0,54800000000,22687000000.0,3871000000.0,1291000000.0,32113000000.0,15978000000.0,9922000000.0,25900000000.0,17011000000.0,7504000000.0,124094000000,67056000000.0,62092000000.0,2687000000,USD,21998000000,27714000000,5716000000.0,5716000000.0,5664000000,3384000000.0,9170000000.0,16334000000,-88000000.0,77000000.0,77000000.0,2175000000.0,5576000000,1181000000.0,4395000000.0,5664000000.0,7839000000,4395000000,0,0,0,0,0,1,0,0,0,0,0,0,0,0,0,0,0,0,0,0,0,0,0,0,0,0,0,0,0,0,0,0,0,0,0,0,0,0,0,0,0,0,0,0,0,0,134.7388153076172,2022-09-30,1.2126324269898348
937,937,MRNA,2022-09-30,USD,26056000000.0,14297000000,3027000000.0,3027000000.0,2077000000.0,2821000000.0,11759000000,2132000000.0,986000000.0,986000000.0,4290000000.0,5321000000.0,1051000000.0,8064000000,6807000000.0,330000000.0,260000000.0,1257000000.0,1261000000.0,0.0,1261000000.0,2149000000.0,81000000.0,17992000000,16855000000.0,8000000.0,412000000,USD,2120000000,3220000000,1100000000.0,1100000000.0,1166000000,278000000.0,820000000.0,954000000,50000000.0,58000000.0,8000000.0,113000000.0,1217000000,174000000.0,1043000000.0,1225000000.0,1338000000,1043000000,0,0,0,0,0,0,0,0,0,1,1,1,0,0,0,0,0,0,0,0,1,0,0,0,0,0,1,0,0,0,0,0,0,0,0,0,0,0,0,0,0,0,0,0,0,0,118.25,2022-09-30,-0.12651162016467365
37,37,MSFT,2022-09-30,USD,359784000000.0,160812000000,22884000000.0,22884000000.0,4268000000.0,31279000000.0,198972000000,77037000000.0,10808000000.0,10808000000.0,67459000000.0,84378000000.0,18003000000.0,186218000000,87389000000.0,16609000000.0,3248000000.0,98829000000.0,11660000000.0,45374000000.0,60282000000.0,26192000000.0,53232000000.0,173566000000,92374000000.0,88535000000.0,7485000000,USD,34670000000,50122000000,15452000000.0,15452000000.0,21518000000,1398000000.0,6628000000.0,13152000000,141000000.0,641000000.0,500000000.0,3400000000.0,21572000000,4016000000.0,17556000000.0,21518000000.0,24918000000,17556000000,0,0,0,0,0,0,0,0,0,0,0,0,0,0,0,0,0,0,0,0,0,0,0,0,0,0,0,0,0,0,0,0,0,0,0,0,0,0,0,0,0,0,0,0,0,0,226.3058624267578,2022-09-30,0.3688294951022444
913,913,MTCH,2022-09-30,USD,3914549000.0,705547000,390641000.0,390641000.0,1478040500.0,174446000.0,3209002000,172192000.0,439068000.0,439068000.0,2190088000.0,7678000.0,132782000.0,4613017000,601736000.0,14774000.0,44273000.0,4011281000.0,0.0,3834125000.0,3878398000.0,286509000.0,108171000.0,-699342000,-7867143000.0,286000.0,281314000,USD,562584000,809546000,246962000.0,246962000.0,210635000,114169000.0,87880000.0,351949000,-36814000.0,0.0,36814000.0,10679000.0,176147000,47881000.0,128266000.0,212961000.0,223640000,128696000,0,0,0,0,0,1,0,0,0,0,0,0,0,0,0,0,0,0,0,1,0,0,0,0,0,0,0,0,0,0,0,0,0,0,0,0,0,1,0,0,0,0,0,0,0,0,46.37991714477539,2022-09-30,-0.17958110140656303
417,417,NXPI,2022-09-30,USD,22940000000.0,6703000000,3759000000.0,3759000000.0,1581000000.0,1012000000.0,16237000000,2971000000.0,1417000000.0,1417000000.0,9909000000.0,0.0,351000000.0,15555000000,3219000000.0,1534000000.0,0.0,12336000000.0,0.0,11162000000.0,11162000000.0,1453000000.0,1135000000.0,7106000000,-4039000000.0,56000000.0,264705000,USD,1967000000,3445000000,1478000000.0,1478000000.0,1001000000,289000000.0,548000000.0,968000000,-97000000.0,21000000.0,109000000.0,321000000.0,899000000,149000000.0,750000000.0,1012000000.0,1333000000,738000000,0,0,0,0,0,0,0,0,0,0,0,0,1,0,0,0,0,1,0,1,0,0,0,0,0,0,0,0,0,0,0,0,0,0,0,0,0,0,0,0,0,0,0,0,0,0,138.7676239013672,2022-09-30,0.3841124223756154
983,983,PDD,2022-09-30,CNY,209107984000.0,193570296000,25601547000.0,25601547000.0,1478040500.0,5156610000.0,15537688000,2383445000.0,297856000.0,297856000.0,4290000000.0,112207949000.0,50604190000.0,101978113000,85432206000.0,51562514000.0,512838000.0,16545907000.0,1263095000.0,15749603000.0,17012698000.0,31965294000.0,0.0,107129871000,5744338000.0,162000.0,1155233000,CNY,28090172000,35504304000,7414132000.0,7414132000.0,10436613000,906573000.0,2698166000.0,17653559000,1078504000.0,1092150000.0,13646000.0,373845000.0,12125751000,1537177000.0,10588574000.0,10436613000.0,10810458000,10588574000,0,0,0,0,0,1,0,0,0,0,0,1,0,0,0,0,0,0,0,0,0,0,0,1,0,0,0,0,0,0,0,0,0,0,0,0,0,0,0,0,0,0,0,0,0,0,62.58000183105469,2022-09-30,0.5671140432303086
441,441,PYPL,2022-09-30,USD,76435000000.0,55105000000,6659000000.0,6659000000.0,21000000.0,41715000000.0,21330000000,1773000000.0,855000000.0,855000000.0,11053000000.0,4169000000.0,2562000000.0,56171000000,43228000000.0,37938000000.0,152000000.0,12943000000.0,0.0,10241000000.0,10959000000.0,4220000000.0,0.0,20264000000,18033000000.0,8000000.0,1157000000,USD,3491000000,6846000000,3355000000.0,3355000000.0,1118000000,463000000.0,801000000.0,2373000000,-39000000.0,48000000.0,87000000.0,330000000.0,1578000000,248000000.0,1826000000.0,1665000000.0,1995000000,1330000000,0,0,0,0,0,0,0,0,0,0,0,0,0,0,0,0,0,0,0,1,0,0,0,1,0,0,1,0,0,0,0,0,0,0,0,0,0,0,0,0,0,0,0,0,0,0,85.6122817993164,2022-09-30,-0.32078543329769005
465,465,QCOM,2022-09-30,USD,49014000000.0,20724000000,2773000000.0,2773000000.0,6341000000.0,5643000000.0,28290000000,5168000000.0,1882000000.0,1882000000.0,10508000000.0,3609000000.0,2358000000.0,31001000000,11866000000.0,3796000000.0,2049000000.0,19135000000.0,0.0,13537000000.0,16159000000.0,5018000000.0,5454000000.0,18013000000,17840000000.0,195000000.0,1131000000,USD,6527000000,11395000000,4868000000.0,4868000000.0,3666000000,4457000000.0,2178000000.0,2861000000,-113000000.0,32000000.0,145000000.0,490000000.0,3470000000,547000000.0,2923000000.0,3666000000.0,4156000000,2873000000,0,0,0,0,0,0,0,0,0,0,0,0,0,0,0,0,0,0,0,1,0,0,0,0,0,0,0,0,0,0,0,0,0,0,0,0,0,0,0,0,0,0,0,0,0,0,104.8764419555664,2022-09-30,0.009324937901765251
489,489,REGN,2022-09-30,USD,27677800000.0,15428600000,3491300000.0,3491300000.0,2412200000.0,5548300000.0,12249200000,3704200000.0,804100000.0,804100000.0,4290000000.0,3530400000.0,446400000.0,6239000000,2879200000.0,535600000.0,0.0,3359800000.0,720000000.0,1981100000.0,2701100000.0,1796400000.0,1378700000.0,21438800000,22109600000.0,100000.0,112800000,USD,2525800000,2936200000,410400000.0,410400000.0,1223700000,529100000.0,818700000.0,1302100000,-15300000.0,0.0,15300000.0,92600000.0,1509800000,194100000.0,1315700000.0,1525100000.0,1617700000,1315700000,0,0,0,0,0,0,0,0,0,0,0,1,0,0,0,0,0,1,0,0,0,0,0,0,0,0,0,0,0,0,0,0,0,0,0,0,0,1,0,0,0,0,0,0,0,0,684.2474975585938,2022-09-30,0.19465206087285636
584,584,SBUX,2022-09-30,USD,27978400000.0,7018700000,2818400000.0,2818400000.0,2176600000.0,1175500000.0,20959700000,14576100000.0,155900000.0,155900000.0,3283500000.0,364500000.0,483700000.0,36677100000,9151800000.0,1441400000.0,3169700000.0,27525300000.0,8760900000.0,13119900000.0,23804800000.0,2565000000.0,610500000.0,-8706600000,-8449800000.0,1100000.0,1152500000,USD,2158500000,8414200000,6255700000.0,6255700000.0,1195500000,538000000.0,0.0,963000000,-94300000.0,31000000.0,125300000.0,360400000.0,1101200000,222600000.0,878500000.0,1226500000.0,1586900000,878300000,0,0,0,0,0,0,0,0,0,0,0,0,0,0,0,0,0,0,0,0,0,0,0,0,0,0,0,0,0,0,0,0,0,0,1,0,0,0,0,0,0,0,0,0,0,0,77.40360260009766,2022-09-30,0.1061979045768815
998,998,SGEN,2022-09-30,USD,3619078000.0,2759619000,362601000.0,362601000.0,364970000.0,486755000.0,859459000,230302000.0,243332000.0,243332000.0,274671000.0,1401101000.0,144192000.0,797267000,725998000.0,144499000.0,0.0,71269000.0,46703000.0,0.0,46703000.0,581499000.0,71269000.0,2821811000,-2006176000.0,185000.0,184792000,USD,402178000,510300000,108122000.0,108122000.0,-192805000,210378000.0,384605000.0,594983000,0.0,0.0,8556000.0,16615000.0,-188527000,2289000.0,-190816000.0,-192805000.0,-176190000,-190816000,0,0,0,0,0,0,0,0,0,0,0,0,0,0,0,0,0,1,0,0,1,0,0,0,0,0,0,0,0,0,0,0,0,0,0,0,1,1,0,0,0,0,0,0,0,0,,,
536,536,SIRI,2022-09-30,USD,10059000000.0,1032000000,39000000.0,39000000.0,303000000.0,658000000.0,9027000000,1755000000.0,3089000000.0,3089000000.0,3249000000.0,0.0,32000000.0,13675000000,2751000000.0,1248000000.0,50000000.0,10924000000.0,375000000.0,9782000000.0,10159000000.0,72000000.0,128000000.0,-3616000000,-3609000000.0,4000000.0,396800000,USD,1153000000,2280000000,1127000000.0,1127000000.0,467000000,132000000.0,70000000.0,686000000,-107000000.0,0.0,107000000.0,150000000.0,357000000,110000000.0,247000000.0,464000000.0,614000000,247000000,0,0,0,0,0,0,0,0,0,0,0,0,1,0,0,0,0,0,0,0,0,0,0,0,0,0,0,0,0,0,0,0,0,0,0,0,0,1,0,0,0,0,0,0,0,0,50.66251754760742,2022-09-30,-0.19238137547413103
560,560,SWKS,2022-09-30,USD,8911800000.0,2892900000,566000000.0,566000000.0,1212100000.0,1094000000.0,6018900000,1604800000.0,1444700000.0,1444700000.0,2176700000.0,20300000.0,95200000.0,3442800000,1253700000.0,274200000.0,517700000.0,2189100000.0,225400000.0,2189100000.0,2706800000.0,234900000.0,67600000.0,5469000000,5421900000.0,40000000.0,161100000,USD,668600000,1407000000,738400000.0,738400000.0,388000000,87700000.0,149500000.0,259100000,-14300000.0,0.0,14300000.0,54880.0,372200000,70000000.0,302200000.0,589345120.0,589400000,302200000,0,0,0,0,0,0,0,0,0,0,0,0,0,0,0,0,0,0,0,0,0,0,0,0,0,0,0,0,0,0,0,0,0,0,0,0,0,1,0,0,0,0,0,0,0,0,76.12651062011719,2022-09-30,0.1852816190411477
157,157,ADI,2022-10-31,USD,50302350000.0,4937992000,1470572000.0,1470572000.0,1399914000.0,1800462000.0,45364358000,2664301000.0,13265406000.0,13265406000.0,26913134000.0,454545000.0,267044000.0,13837027000,2442655000.0,582160000.0,53628000.0,11394372000.0,53628000.0,6548625000.0,6602253000.0,1806867000.0,515363000.0,36465323000,8721325000.0,84880000.0,515757000,USD,2142815000,3247716000,1104901000.0,1104901000.0,1102476000,336560000.0,421008000.0,1040339000,-43379000.0,4328000.0,47707000.0,572614000.0,1048012000,111786000.0,936226000.0,1095719000.0,1668333000,936226000,0,0,0,0,0,0,0,0,0,0,0,0,0,0,0,0,0,0,0,0,0,0,0,0,0,0,0,0,0,0,0,0,0,0,0,0,0,0,0,0,0,0,0,0,0,0,134.3667449951172,2022-10-31,0.12385776333688736
204,204,ADSK,2022-10-31,USD,8635000000.0,2788000000,1665000000.0,1665000000.0,1478040500.0,642000000.0,5847000000,420000000.0,423000000.0,423000000.0,3577000000.0,139000000.0,342000000.0,7729000000,3811000000.0,134000000.0,432000000.0,3918000000.0,405000000.0,2280000000.0,3035000000.0,474000000.0,134000000.0,906000000,-2100000000.0,3213000000.0,217000000,USD,1132000000,1261000000,129000000.0,129000000.0,261000000,129000000.0,309000000.0,871000000,-14000000.0,0.0,24000000.0,37000000.0,242000000,44000000.0,198000000.0,266000000.0,303000000,198000000,0,0,0,0,0,1,0,0,0,0,0,0,0,0,0,0,0,0,0,0,0,0,0,0,0,0,0,0,0,0,0,0,0,0,0,0,0,1,0,0,0,0,0,0,0,0,214.3000030517578,2022-10-31,-0.07778813780473526
181,181,AMAT,2022-10-31,USD,26726000000.0,15925000000,1995000000.0,1995000000.0,5932000000.0,6241000000.0,10801000000,2307000000.0,339000000.0,339000000.0,3700000000.0,586000000.0,1171000000.0,14532000000,7379000000.0,1755000000.0,85000000.0,7153000000.0,372000000.0,5457000000.0,5829000000.0,2048000000.0,732000000.0,12194000000,37892000000.0,8000000.0,859000000,USD,3101000000,6749000000,3648000000.0,3648000000.0,1994000000,198000000.0,726000000.0,1107000000,-45000000.0,12000000.0,57000000.0,123000000.0,1949000000,358000000.0,1591000000.0,1994000000.0,2117000000,1591000000,0,0,0,0,0,0,0,0,0,0,0,0,0,0,0,0,0,0,0,0,0,0,0,0,0,0,0,0,0,0,0,0,0,0,0,0,0,0,0,0,0,0,0,0,0,0,85.62555694580078,2022-10-31,0.5133637164661891
700,700,AVGO,2022-10-31,USD,73249000000.0,18504000000,12416000000.0,12416000000.0,1925000000.0,2958000000.0,54745000000,2223000000.0,7111000000.0,7111000000.0,43614000000.0,0.0,1205000000.0,50540000000,7052000000.0,998000000.0,440000000.0,43488000000.0,59000000.0,39075000000.0,39515000000.0,2683000000.0,4413000000.0,22709000000,1604000000.0,8000000.0,4290000000,USD,5926000000,8930000000,3004000000.0,3004000000.0,3986000000,370000000.0,1197000000.0,1925000000,-406000000.0,0.0,406000000.0,1216000000.0,3620000000,261000000.0,3359000000.0,4026000000.0,5242000000,3359000000,0,0,0,0,0,0,0,0,0,0,0,0,1,0,0,0,0,0,0,0,0,0,0,0,0,0,1,0,0,0,0,0,0,0,0,0,0,1,0,0,0,0,0,0,0,0,44.57683563232422,2022-10-31,0.8372489099785632
794,794,CPRT,2022-10-31,USD,5593677000.0,2364605000,1539391000.0,1539391000.0,53866000.0,634225000.0,3229072000,2695011000.0,51847000.0,51847000.0,394844000.0,0.0,137123000.0,740843000,504477000.0,446974000.0,22083000.0,236366000.0,113753000.0,1969000.0,115722000.0,-22083000.0,156945000.0,4852834000,4201961000.0,48000.0,964336000,USD,369483000,893372000,523889000.0,523889000.0,311503000,53282000.0,0.0,57980000,4422000.0,4422000.0,4422000.0,39057000.0,313103000,67255000.0,245848000.0,311773000.0,350830000,245848000,0,0,0,0,0,0,0,0,0,0,0,0,1,0,0,0,0,0,0,0,0,0,0,0,0,0,0,0,0,0,0,0,0,0,1,0,0,0,0,0,0,0,0,0,0,0,28.7549991607666,2022-10-31,0.5134759773230138
1085,1085,CRWD,2022-10-31,USD,4469443000.0,3041353000,2466551000.0,2466551000.0,162260000.0,485313000.0,1428090000,397251000.0,89499999.0,89499999.0,430285000.0,0.0,89489000.0,3131811000,1817053000.0,89289000.0,10423000.0,1314758000.0,28407000.0,740633000.0,769040000.0,234118000.0,23825000.0,1314289000,-1100682000.0,117000.0,233785000,USD,422654000,580882000,158228000.0,158228000.0,-56422000,84148000.0,155256000.0,479076000,9911000.0,16245000.0,6334000.0,25916000.0,-45761000,8870000.0,-54631000.0,-39427000.0,-13511000,-54956000,0,0,0,0,0,0,0,0,0,0,0,0,1,0,0,0,0,0,0,0,0,0,0,0,0,0,0,0,0,0,0,0,0,0,0,0,0,0,0,0,0,0,0,0,0,0,161.1999969482422,2022-10-31,0.09658813659418342
1277,1277,CSCO,2022-10-31,USD,93054000000.0,36141000000,7292000000.0,7292000000.0,2664000000.0,9122000000.0,56913000000,1972000000.0,2360000000.0,2360000000.0,38160000000.0,12492000000.0,4571000000.0,52782000000,24896000000.0,2316000000.0,1249000000.0,27886000000.0,0.0,7629000000.0,8878000000.0,7863000000.0,1981000000.0,40272000000,-594000000.0,42984000000.0,4116000000,USD,8346000000,13632000000,5286000000.0,5286000000.0,3540000000,565000000.0,1781000000.0,4806000000,69000000.0,169000000.0,100000000.0,415000000.0,3475000000,805000000.0,2670000000.0,3575000000.0,3990000000,2670000000,0,0,0,0,0,0,0,0,0,0,0,0,0,0,0,0,0,0,0,1,0,0,0,0,0,0,0,0,0,0,0,0,0,0,0,0,0,0,0,0,0,0,0,0,0,0,41.39460372924805,2022-10-31,0.18265308445117467
299,299,INTU,2022-10-31,USD,27085000000.0,4554000000,2125000000.0,2125000000.0,1478040500.0,1038000000.0,22531000000,1461000000.0,6899000000.0,6899000000.0,13732000000.0,599000000.0,792000000.0,11018000000,3325000000.0,670000000.0,585000000.0,7693000000.0,616000000.0,6486000000.0,7601000000.0,847000000.0,26000000.0,16067000000,13396000000.0,18082000000.0,284000000,USD,1921000000,2597000000,676000000.0,676000000.0,76000000,304000000.0,625000000.0,1845000000,-35000000.0,14000000.0,49000000.0,209000000.0,32000000,-8000000.0,40000000.0,81000000.0,290000000,40000000,0,0,0,0,0,1,0,0,0,0,0,0,0,0,0,0,0,0,0,0,0,0,0,0,0,0,0,0,0,0,0,0,0,0,0,0,0,0,0,0,0,0,0,0,0,0,418.342529296875,2022-10-31,0.16622284627473904
889,889,MRVL,2022-10-31,USD,22522100000.0,3179300000,723400000.0,723400000.0,957500000.0,1390700000.0,19342800000,521500000.0,5834800000.0,5834800000.0,11579000000.0,228200000.0,107700000.0,6963100000,2420200000.0,476200000.0,625600000.0,4542900000.0,232400000.0,3927600000.0,4744000000.0,1104000000.0,615300000.0,15559000000,1190200000.0,1700000.0,858400000,USD,777300000,1537300000,760000000.0,760000000.0,105800000,207800000.0,448100000.0,671500000,-43700000.0,1500000.0,45200000.0,344300000.0,65300000,52000000.0,13300000.0,110500000.0,454800000,13300000,0,0,0,0,0,0,0,0,0,0,0,0,0,0,0,0,0,0,0,0,0,0,0,0,0,0,0,0,0,0,0,0,0,0,0,0,0,0,0,0,0,0,0,0,0,0,39.181095123291016,2022-10-31,0.19628814432432629
393,393,NVDA,2022-10-31,USD,40488000000.0,23223000000,2800000000.0,2800000000.0,4454000000.0,4908000000.0,17265000000,4701000000.0,1850000000.0,1850000000.0,4372000000.0,10343000000.0,718000000.0,19139000000,6855000000.0,1491000000.0,1249000000.0,12284000000.0,798000000.0,9701000000.0,11748000000.0,3777000000.0,1785000000.0,21349000000,9905000000.0,2000000.0,24990000000,USD,3177000000,5931000000,2754000000.0,2754000000.0,601000000,631000000.0,1945000000.0,2576000000,23000000.0,88000000.0,65000000.0,406000000.0,613000000,-67000000.0,680000000.0,678000000.0,1084000000,680000000,0,0,0,0,0,0,0,0,0,0,0,0,0,0,0,0,0,0,0,0,0,0,0,0,0,0,0,0,0,0,0,0,0,0,0,0,0,0,0,0,0,0,0,0,0,0,13.480052947998049,2022-10-31,2.023260223306067
960,960,OKTA,2022-10-31,USD,9093736000.0,3006937000,249624000.0,249624000.0,1478040500.0,380754000.0,6086799000,186091000.0,261825000.0,261825000.0,5400275000.0,2223538000.0,153021000.0,3686124000,1309446000.0,49122000.0,5217000.0,2376678000.0,148906000.0,2191547000.0,2345670000.0,210485000.0,18392000.0,5407612000,-2322093000.0,16000.0,158708000,USD,343389000,481042000,137653000.0,137653000.0,-207000000,98000000.0,148000000.0,549988000,1430000.0,4235000.0,3000000.0,28000000.0,-205000000,4000000.0,-208897000.0,-202000000.0,-174000000,-209000000,0,0,0,0,0,1,0,0,0,0,0,0,0,0,0,0,0,0,0,0,0,0,0,0,0,0,0,0,0,0,0,0,0,0,0,0,0,0,0,0,0,0,0,0,0,0,56.119998931884766,2022-10-31,0.20117613943520873
1133,1133,PANW,2022-10-31,USD,12543800000.0,5733500000,2067200000.0,2067200000.0,381100000.0,1238100000.0,6810300000,614100000.0,355400000.0,355400000.0,2747700000.0,1736500000.0,691700000.0,12035800000,8195100000.0,125900000.0,3678600000.0,3840700000.0,283100000.0,0.0,3961700000.0,649300000.0,119300000.0,508000000,-1647100000.0,2266200000.0,676800000,USD,1101500000,1563400000,461900000.0,461900000.0,15200000,99500000.0,371800000.0,1086300000,22600000.0,29400000.0,6800000.0,70700000.0,34400000,14400000.0,20000000.0,39400000.0,110100000,20000000,0,0,0,0,0,0,0,0,0,0,0,0,0,0,0,0,0,0,0,0,1,0,0,0,0,0,0,0,0,0,0,0,0,0,0,0,0,0,0,0,0,0,0,0,0,0,85.79499816894531,2022-10-31,0.4162830553006842
512,512,ROST,2022-10-31,USD,13100095000.0,6761189000,3906490000.0,3906490000.0,2494002000.0,168483000.0,6338906000,2047000000.0,986000000.0,986000000.0,4290000000.0,0.0,192214000.0,8953095000,3464230000.0,1927757000.0,656837000.0,5488865000.0,0.0,0.0,5708518000.0,868232000.0,0.0,4147000000,2931554000.0,3448000.0,343720000,USD,1141443000,4565489000,3424046000.0,3424046000.0,448076000,368000000.0,0.0,693367000,0.0,0.0,20935000.0,101384000.0,450878000,108842000.0,471000000.0,471813000.0,573197000,342036000,0,0,0,0,0,0,0,0,1,1,1,1,1,0,0,0,0,0,0,1,1,0,0,1,0,0,0,0,0,0,0,0,0,1,1,0,1,1,0,0,0,0,1,0,0,0,92.37501525878906,2022-10-31,0.2263588744359204
1014,1014,SPLK,2022-10-31,USD,5251345000.0,2960457000,832929000.0,832929000.0,1.0,976580000.0,2290888000,112976000.0,122734000.0,122734000.0,1401628000.0,924296000.0,226651999.0,5820993000,2434529000.0,18433000.0,775233000.0,3386464000.0,199118000.0,3097311000.0,4071662000.0,452894000.0,220171000.0,-569648000,-4055527000.0,170000.0,163044000,USD,728004000,929769000,201765000.0,201765000.0,-17037000,118307000.0,241395000.0,747796000,-4528000.0,6700000.0,11228000.0,-39586.0,-28265000,4355000.0,-32620000.0,8496586.0,8457000,-32620000,0,0,0,0,0,0,0,0,0,0,0,0,0,0,0,0,0,0,0,0,0,0,0,0,0,0,0,0,0,0,0,0,0,0,0,0,0,0,0,0,0,0,0,0,0,0,,,
1038,1038,WDAY,2022-10-31,USD,12389787000.0,6799175000,1575955000.0,1575955000.0,1.0,1040468000.0,5590612000,1487237000.0,347591000.0,347591000.0,2840044000.0,3916130000.0,266622000.0,6980679000,3723399000.0,75803000.0,90237000.0,3257280000.0,286315000.0,2974979000.0,3261294000.0,741760000.0,22487000.0,5409108000,-2985637000.0,257000.0,255753000,USD,1163310000,1599103000,435793000.0,435793000.0,-26321000,153708000.0,565727000.0,1189631000,1626000.0,31252000.0,29626000.0,91854000.0,-22158000,52563000.0,-74721000.0,7468000.0,99322000,-74721000,0,0,0,0,0,0,0,0,0,0,0,0,0,0,0,0,0,0,0,0,0,0,0,0,0,0,0,0,0,0,0,0,0,0,0,0,0,0,0,0,0,0,0,0,0,0,155.82000732421875,2022-10-31,0.35868307510316466
1062,1062,ZM,2022-10-31,USD,7837178000.0,6142097000,1096174000.0,1096174000.0,379217000.0,607230000.0,1695081000,341824000.0,58674000.0,58674000.0,122556000.0,4068818000.0,369875000.0,2081366000,1896310000.0,27247000.0,21728000.0,185056000.0,78128000.0,0.0,99856000.0,365569000.0,60468000.0,5755812000,2255868000.0,292000.0,301986341,USD,831234000,1101899000,270665000.0,270665000.0,66508000,141033000.0,195946000.0,764726000,0.0,6898000.0,18657000.0,21766000.0,54749000,6396000.0,48353000.0,66508000.0,88274000,48353000,0,0,0,0,0,0,0,0,0,0,0,0,0,0,0,0,0,0,0,0,1,0,0,0,0,0,0,0,0,0,0,0,0,0,0,0,1,0,0,0,0,0,0,0,0,0,83.44000244140625,2022-10-31,-0.28116014157171376
1157,1157,ZS,2022-10-31,USD,2835732000.0,2233361000,1084945000.0,1084945000.0,90004000.0,268718000.0,602371000,259624000.0,29267000.0,29267000.0,78547000.0,739845000.0,142542000.0,2404457000,1111283000.0,29717000.0,28646000.0,1293174000.0,79711000.0,1139542000.0,1219253000.0,139816000.0,9958000.0,431275000,-956201000.0,144000.0,143476000,USD,278946000,355548000,76602000.0,76602000.0,-64373999,44156000.0,74047000.0,343320000,6534000.0,7865000.0,1331000.0,21536000.0,-63416000,4746000.0,-68162000.0,-62084999.0,-40548999,-68162000,0,0,0,0,0,0,0,0,0,0,0,0,0,0,0,0,0,0,0,0,0,0,0,0,0,0,0,0,0,0,0,0,0,0,0,0,0,0,0,0,0,0,0,0,0,0,154.10000610351562,2022-10-31,0.02978582839774413
60,60,ADBE,2022-11-30,USD,27165000000.0,8996000000,4236000000.0,4236000000.0,1478040500.0,2065000000.0,18169000000,1908000000.0,1449000000.0,1449000000.0,12787000000.0,1860000000.0,835000000.0,13114000000,8128000000.0,379000000.0,587000000.0,4986000000.0,504000000.0,3629000000.0,4633000000.0,1865000000.0,265000000.0,14051000000,28319000000.0,8000000.0,466000000,USD,3957000000,4525000000,568000000.0,568000000.0,1505000000,340000000.0,773000000.0,2452000000,-28000000.0,0.0,28000000.0,215000000.0,1517000000,341000000.0,1176000000.0,1505000000.0,1720000000,1176000000,0,0,0,0,0,1,0,0,0,0,0,0,0,0,0,0,0,0,0,0,0,0,0,0,0,0,1,0,0,0,0,0,0,0,0,0,0,1,0,0,0,0,0,0,0,0,344.92999267578125,2022-11-30,0.7714029592664244
747,747,CTAS,2022-11-30,USD,8427007000.0,1906665000,89799000.0,89799000.0,514839000.0,1149490000.0,6520342000,1340658000.0,367612000.0,367612000.0,3037506000.0,0.0,152537000.0,4996469000,1553737000.0,310986000.0,478198000.0,3442732000.0,179312000.0,2485277000.0,3099995000.0,750896000.0,464076000.0,3430538000,9160346000.0,1933145000.0,413424000,USD,1022447000,2174858000,1152411000.0,1152411000.0,444934000,577513000.0,0.0,577513000,-28576000.0,344000.0,28920000.0,101208000.0,416358000,92065000.0,324293000.0,445278000.0,546486000,324293000,0,0,0,0,0,0,0,0,0,0,0,0,1,0,0,0,0,0,0,0,0,0,0,0,0,0,0,0,0,0,0,0,0,0,1,0,0,0,0,0,0,0,0,0,0,0,112.17229461669922,2022-11-30,0.2104582256514762
770,770,STZ,2022-11-30,USD,24463000000.0,3525900000,185000000.0,185000000.0,1802000000.0,921000000.0,20937100000,6523800000.0,2741500000.0,2741500000.0,7896600000.0,-95000000.0,617900000.0,15746300000,2725000000.0,1008100000.0,885200000.0,13021300000.0,0.0,11287100000.0,12172300000.0,831700000.0,1734200000.0,8389500000,12267800000.0,2100000.0,188624816,USD,1238100000,2436700000,1198600000.0,1198600000.0,771400000,480200000.0,0.0,466700000,-98700000.0,135900000.0,98500000.0,95800000.0,610800000,131100000.0,479700000.0,709300000.0,805100000,467700000,0,0,0,0,0,0,0,0,0,0,0,0,0,0,0,0,0,0,0,1,0,0,0,0,0,0,0,0,0,0,0,0,0,0,1,0,0,0,0,0,0,0,0,0,0,0,241.8750762939453,2022-11-30,-0.051909768933903866
1252,1252,AAPL,2022-12-31,USD,346747000000.0,128777000000,20535000000.0,20535000000.0,6820000000.0,54180000000.0,217970000000,42951000000.0,986000000.0,986000000.0,4290000000.0,30820000000.0,16422000000.0,290020000000,137286000000.0,57918000000.0,11483000000.0,152734000000.0,0.0,99627000000.0,111110000000.0,59893000000.0,53107000000.0,56727000000,3240000000.0,66399000000.0,15955718000,USD,50332000000,117154000000,66822000000.0,66822000000.0,36016000000,6607000000.0,7709000000.0,14709000000,-135000000.0,868000000.0,1003000000.0,2916000000.0,35623000000,5625000000.0,29998000000.0,36016000000.0,38932000000,29998000000,0,0,0,0,0,0,0,0,0,1,1,1,0,0,0,0,0,0,0,1,0,0,0,0,0,0,0,0,0,0,0,0,0,0,0,0,0,0,0,0,0,0,0,0,0,0,127.87928771972656,2022-12-30,0.4900805983082317
227,227,ADP,2022-12-31,USD,54453000000.0,46143600000,1345000000.0,1345000000.0,1.0,3162300000.0,8309400000,655100000.0,1365600000.0,1365600000.0,2315000000.0,16400000.0,41619900000.0,51466300000,46813700000.0,85300000.0,95900000.0,4652600000.0,334100000.0,2988100000.0,3322200000.0,46540500000.0,931600000.0,2986700000,21333000000.0,63900000.0,416200000,USD,1753100000,4391000000,2450700000.0,2450700000.0,897400000,855700000.0,204200000.0,3306400000,159100000.0,216100000.0,57000000.0,136800000.0,1058100000,244900000.0,813100000.0,1126600000.0,1263400000,813100000,0,0,0,0,0,0,0,0,0,0,0,0,0,0,0,0,0,0,0,0,0,0,0,0,0,0,0,0,0,0,0,0,0,0,0,0,0,0,0,0,0,0,0,0,0,0,223.57888793945312,2022-12-30,-0.0024912530081967477
655,655,AEP,2022-12-31,USD,93403300000.0,6775500000,509400000.0,509400000.0,1350200000.0,2668000000.0,86627800000,71282900000.0,986000000.0,986000000.0,52500000.0,187500000.0,2060300000.0,69347000000,13266300000.0,2670800000.0,6712200000.0,56014600000.0,665500000.0,33626200000.0,41579300000.0,1801700000.0,599100000.0,23893400000,12345600000.0,3413100000.0,514400302,USD,1098300000,4948400000,3850100000.0,3850100000.0,747000000,799100000.0,0.0,351300000,-394400000.0,0.0,393500000.0,868900000.0,298099999,-85300000.0,383400000.0,661900000.0,1530800000,384300000,0,0,0,0,0,0,0,0,0,1,1,0,0,0,0,0,0,0,0,0,0,0,0,0,0,0,0,0,0,0,0,0,0,0,1,0,0,1,0,0,0,0,0,0,0,0,84.04659271240234,2022-12-30,-0.10976243525985241
631,631,ALGN,2022-12-31,USD,5947947000.0,2424391000,942050000.0,942050000.0,338752000.0,1000169000.0,3523556000,1350735000.0,95720000.0,95720000.0,407551000.0,57534000.0,85886000.0,2346589000,1925887000.0,127870000.0,26574000.0,420702000.0,100334000.0,100334000.0,126908000.0,353477000.0,195975000.0,3601358000,2566688000.0,8000.0,77683000,USD,617701000,901515000,283814000.0,283814000.0,112661000,410067000.0,83520000.0,505040000,2760000.0,2760000.0,2760000.0,33697000.0,115321000,73546000.0,41775000.0,124114000.0,157811000,41775000,0,0,0,0,0,0,0,0,0,0,0,0,0,0,0,0,0,0,0,0,0,0,0,0,0,0,0,0,0,0,0,0,0,0,0,0,0,0,0,0,0,0,0,0,0,0,210.8999938964844,2022-12-30,0.2991939683719804
607,607,AMD,2022-12-31,USD,67580000000.0,15019000000,4835000000.0,4835000000.0,3771000000.0,4128000000.0,52561000000,1973000000.0,24118000000.0,24118000000.0,24177000000.0,1020000000.0,1265000000.0,12830000000,6369000000.0,2493000000.0,93000000.0,6461000000.0,396000000.0,2467000000.0,2863000000.0,3017000000.0,1664000000.0,54750000000,-131000000.0,16000000.0,1618000000,USD,2403000000,5599000000,3196000000.0,3196000000.0,-117000000,590000000.0,1366000000.0,2552000000,-19000000.0,24000000.0,19000000.0,601000000.0,-136000000,-154000000.0,21000000.0,-117000000.0,484000000,21000000,0,0,0,0,0,0,0,0,0,0,0,0,0,0,0,0,0,0,0,0,0,0,0,0,0,0,0,0,0,0,0,0,0,0,0,0,0,0,0,0,0,0,0,0,0,0,64.7699966430664,2022-12-30,1.2758995106091229
132,132,AMGN,2022-12-31,USD,65121000000.0,22186000000,7629000000.0,7629000000.0,4930000000.0,6392000000.0,42935000000,5427000000.0,16080000000.0,16080000000.0,15529000000.0,1676000000.0,1559000000.0,61460000000,15687000000.0,1572000000.0,1591000000.0,45773000000.0,0.0,37354000000.0,38945000000.0,11329000000.0,2662000000.0,3661000000,-28622000000.0,32514000000.0,539000000,USD,5092000000,6839000000,1747000000.0,1747000000.0,2230000000,731000000.0,1324000000.0,2862000000,-415000000.0,0.0,415000000.0,911000000.0,1748000000,132000000.0,1616000000.0,2163000000.0,3074000000,1616000000,0,0,0,0,0,0,0,0,0,0,0,0,0,0,0,0,0,0,0,1,0,0,0,0,0,0,0,0,0,0,0,0,0,0,0,0,0,1,0,0,0,0,0,0,0,0,236.9872589111328,2022-12-30,0.13464300272541752
108,108,AMZN,2022-12-31,USD,462675000000.0,146791000000,53888000000.0,53888000000.0,34405000000.0,42360000000.0,315884000000,252838000000.0,6097000000.0,6097000000.0,20288000000.0,16138000000.0,358000000.0,316632000000,155393000000.0,79600000000.0,14854000000.0,161239000000.0,72968000000.0,67150000000.0,140118000000.0,62566000000.0,21121000000.0,146043000000,83193000000.0,108000000.0,10242000000,USD,63564000000,149204000000,85640000000.0,85640000000.0,2547000000,3333000000.0,3653000000.0,60258000000,-249000000.0,445000000.0,694000000.0,12685000000.0,-962000000,-1227000000.0,265000000.0,2547000000.0,15232000000,278000000,0,0,0,0,0,0,0,0,0,0,0,0,0,0,0,0,0,0,0,0,0,0,0,0,0,0,0,0,0,0,0,0,0,0,0,0,0,0,0,0,0,0,0,0,0,0,84.0,2022-12-30,0.8088095528738839
676,676,ANSS,2022-12-31,USD,6687945000.0,1374861000,614391000.0,614391000.0,-51159000.0,760287000.0,5313084000,80838000.0,809183000.0,809183000.0,3658267000.0,183000.0,51159000.0,1822094000,413989000.0,14021000.0,22800000.0,1408105000.0,112802000.0,753574000.0,776374000.0,-36821000.0,215558000.0,4865851000,4782930000.0,953000.0,87473000,USD,632688000,694115000,61427000.0,61427000.0,260101000,257450000.0,111390000.0,372587000,-5482000.0,3576000.0,9058000.0,33689000.0,256411000,-1536000.0,257947000.0,254736000.0,288425000,257947000,0,0,0,0,0,0,0,0,0,0,0,0,0,0,0,0,0,0,0,0,0,0,0,0,0,0,0,0,0,0,0,0,0,0,0,0,0,0,0,0,0,0,0,0,0,0,,,
1228,1228,AZN,2022-12-31,USD,96483000000.0,22593000000,6166000000.0,6166000000.0,4699000000.0,9192000000.0,73890000000,2047000000.0,39307000000.0,39307000000.0,19820000000.0,77000000.0,2459000000.0,59425000000,26293000000.0,2550000000.0,5542000000.0,33132000000.0,0.0,0.0,29232000000.0,16837000000.0,0.0,37037000000,-574000000.0,387000000.0,3118000000,USD,8307000000,11207000000,2900000000.0,2900000000.0,1094000000,368000000.0,2788000000.0,7213000000,0.0,0.0,344000000.0,1254000000.0,778000000,-124000000.0,471000000.0,1122000000.0,2376000000,901000000,0,0,0,0,0,0,0,0,1,0,0,0,0,0,0,0,0,0,0,1,1,0,0,1,0,0,0,0,0,0,0,0,0,1,0,0,1,1,0,0,0,0,1,0,0,0,125.95115661621094,2022-12-30,0.014398252554566726
1300,1300,BIDU,2022-12-31,CNY,390973000000.0,212850000000,53156000000.0,53156000000.0,1227000000.0,17165000000.0,178123000000,34338000000.0,21097000000.0,21097000000.0,22477000000.0,120839000000.0,10360000000.0,153168000000,79630000000.0,38014000000.0,23361000000.0,73538000000.0,7619000000.0,63183000000.0,91354000000.0,5067000000.0,2058000000.0,223478000000,148341000000.0,8000000.0,350125000,CNY,16132000000,33077000000,16945000000.0,16945000000.0,4593000000,4319000000.0,5658000000.0,11539000000,909000000.0,1647000000.0,738000000.0,1797000000.0,6374000000,1254000000.0,5120000000.0,7112000000.0,8909000000,4953000000,0,0,0,0,0,0,0,0,0,0,0,0,0,0,0,0,0,0,0,0,0,0,0,0,0,0,1,0,0,0,0,0,0,0,0,0,0,0,0,0,0,0,0,0,0,0,114.37999725341795,2022-12-30,0.041178520699185706
1324,1324,BIIB,2022-12-31,USD,24554100000.0,9791200000,3419300000.0,3419300000.0,1344400000.0,2136400000.0,14762900000,3298600000.0,1850100000.0,1850100000.0,5749000000.0,1473500000.0,1417600000.0,11165700000,3272800000.0,491500000.0,97200000.0,7892900000.0,333000000.0,6281000000.0,6614000000.0,2521400000.0,944200000.0,13397900000,16466500000.0,100000.0,145200000,USD,1973100000,2544000000,570900000.0,570900000.0,558300000,584100000.0,776600000.0,1414800000,-4900000.0,49900000.0,54800000.0,119800000.0,603800000,54300000.0,549500000.0,645100000.0,764900000,550400000,0,0,0,0,0,0,0,0,0,0,0,0,0,0,0,0,0,0,0,0,0,0,0,0,0,0,0,0,0,0,0,0,0,0,0,0,0,0,0,0,0,0,0,0,0,0,276.9200134277344,2022-12-30,-0.06554247990024376
723,723,CDNS,2022-12-31,USD,5137071000.0,1706767000,882325000.0,882325000.0,128005000.0,486710000.0,3430304000,371451000.0,354617000.0,354617000.0,1374268000.0,4490000.0,205237000.0,2391958000,1347696000.0,47113000.0,100000000.0,1044262000.0,139337000.0,648078000.0,887415000.0,455477000.0,304660000.0,2745113000,3895240000.0,2765673000.0,272997000,USD,806362000,899877000,93515000.0,93515000.0,211117000,68065000.0,350423000.0,595245000,1017000.0,5158000.0,9082000.0,38135000.0,210525000,-29867000.0,240392000.0,219607000.0,257742000,240392000,0,0,0,0,0,0,0,0,0,0,0,0,0,0,0,0,0,0,0,0,0,0,0,0,0,0,0,0,0,0,0,0,0,0,0,0,0,0,0,0,0,0,0,0,0,0,160.63999938964844,2022-12-30,0.695530354532228
1348,1348,CHTR,2022-12-31,USD,144523000000.0,4017000000,645000000.0,645000000.0,1478040500.0,2921000000.0,140506000000,36039000000.0,70135000000.0,70135000000.0,29563000000.0,0.0,451000000.0,131974000000,12065000000.0,952000000.0,1805000000.0,119909000000.0,295000000.0,96093000000.0,97898000000.0,8130000000.0,4758000000.0,9119000000,-14821000000.0,8000000.0,155554890,USD,6150000000,13674000000,7524000000.0,7524000000.0,3180000000,13000000.0,0.0,2970000000,-1227000000.0,0.0,1227000000.0,2192000000.0,1804000000,419000000.0,1385000000.0,3031000000.0,5223000000,1196000000,0,0,0,0,0,1,0,0,0,0,0,0,1,0,0,0,0,0,0,0,0,0,0,0,0,0,1,0,0,0,0,0,0,0,1,0,0,1,0,0,0,0,0,0,0,0,339.1000061035156,2022-12-30,0.14621051512789007
1108,1108,DDOG,2022-12-31,USD,3004852000.0,2344234000,338985000.0,338985000.0,33054000.0,399551000.0,660618000,125346000.0,16365000.0,16365000.0,348277000.0,1545341000.0,60357000.0,1594347000,759748000.0,23474000.0,22092000.0,834599000.0,98674000.0,738847000.0,837521000.0,145340000.0,6226000.0,1410505000,-202266000.0,3000.0,317348000,USD,372434000,469399000,96965000.0,96965000.0,-34628000,39255000.0,218656000.0,407062000,8774000.0,11793000.0,3019000.0,17866000.0,-25854000,3180000.0,-29034000.0,-22835000.0,-4969000,-29034000,0,0,0,0,0,0,0,0,0,0,0,0,0,0,0,0,0,0,0,0,0,0,0,0,0,0,0,0,0,0,0,0,0,0,0,0,0,0,0,0,0,0,0,0,0,0,73.5,2022-12-30,0.6514285340601083
251,251,FISV,2022-12-31,USD,83869000000.0,27544000000,902000000.0,902000000.0,1478040500.0,3585000000.0,56325000000,2047000000.0,12415000000.0,12415000000.0,36811000000.0,0.0,23057000000.0,52181000000,26458000000.0,652000000.0,592000000.0,25723000000.0,0.0,0.0,21542000000.0,23286000000.0,0.0,30828000000,17376000000.0,8000000.0,638600000,USD,2651000000,4631000000,1980000000.0,1980000000.0,1179000000,368000000.0,0.0,1472000000,0.0,0.0,204000000.0,771000000.0,967000000,169000000.0,471000000.0,1173000000.0,1944000000,782000000,0,0,0,0,0,1,0,0,1,0,0,0,1,0,0,0,0,0,0,1,1,0,0,1,0,0,0,0,0,0,0,0,0,1,1,0,1,1,0,0,0,0,1,0,0,0,101.06999969482422,2022-12-30,0.3143365661323272
817,817,FTNT,2022-12-31,USD,6228000000.0,3810400000,1682900000.0,1682900000.0,264600000.0,1261700000.0,2417600000,898500000.0,56000000.0,56000000.0,128000000.0,528100000.0,73100000.0,6509600000,3078400000.0,243400000.0,33200000.0,3431200000.0,0.0,990400000.0,1023600000.0,452500000.0,82000000.0,-281600000,-1546400000.0,800000.0,791800000,USD,985700000,1283000000,297300000.0,297300000.0,357800000,44300000.0,128900000.0,627900000,4600000.0,9100000.0,4500000.0,27300000.0,323000000,9200000.0,313800000.0,372700000.0,400000000,313800000,0,0,0,0,0,0,0,0,0,0,0,0,0,0,0,0,0,0,0,1,0,0,0,0,0,0,0,0,0,0,0,0,0,0,0,0,0,0,0,0,0,0,0,0,0,0,48.88999938964844,2022-12-30,0.19717732685612455
275,275,GILD,2022-12-31,USD,63171000000.0,14443000000,5412000000.0,5412000000.0,1507000000.0,4777000000.0,48727000000,5475000000.0,28893000000.0,28893000000.0,8314000000.0,973000000.0,1774000000.0,41962000000,11238000000.0,905000000.0,2273000000.0,30724000000.0,0.0,22957000000.0,25230000000.0,7101000000.0,5095000000.0,21240000000,15687000000.0,1000000.0,1264000000,USD,5993000000,7389000000,1396000000.0,1396000000.0,2267000000,1242000000.0,1152000000.0,3726000000,-227000000.0,0.0,226000000.0,528000000.0,2031000000,398000000.0,1633000000.0,2257000000.0,2785000000,1640000000,0,0,0,0,0,0,0,0,0,0,0,0,0,0,0,0,0,0,0,1,0,0,0,0,0,0,0,0,0,0,0,0,0,0,0,0,0,1,0,0,0,0,0,0,0,0,77.25230407714844,2022-12-30,-0.019928174232199614
84,84,GOOGL,2022-12-31,USD,365264000000.0,164795000000,21879000000.0,21879000000.0,2670000000.0,40258000000.0,200469000000,112668000000.0,2084000000.0,2084000000.0,28960000000.0,91883000000.0,8105000000.0,109120000000,69300000000.0,5128000000.0,2477000000.0,39820000000.0,16822000000.0,12857000000.0,29679000000.0,48529000000.0,24605000000.0,256144000000,195563000000.0,68184000000.0,12947000000,USD,40706000000,76048000000,35342000000.0,35342000000.0,18160000000,5096000000.0,10267000000.0,22546000000,569000000.0,659000000.0,90000000.0,4201000000.0,17147000000,3523000000.0,13624000000.0,17237000000.0,21438000000,13624000000,0,0,0,0,0,0,0,0,0,0,0,0,0,0,0,0,0,0,0,0,0,0,0,0,0,0,0,0,0,0,0,0,0,0,0,0,0,0,0,0,0,0,0,0,0,0,87.568359375,2022-12-30,0.5832486478197836
841,841,IDXX,2022-12-31,USD,2746765000.0,1101477000,112546000.0,112546000.0,367823000.0,490903000.0,1645288000,649474000.0,97672000.0,97672000.0,361795000.0,0.0,130205000.0,2138028000,1235803000.0,110221000.0,674407000.0,902225000.0,121664000.0,694387000.0,1470033000.0,364690000.0,199688000.0,608737000,3599529000.0,10719000.0,83815000,USD,484927000,828568000,343641000.0,343641000.0,226527000,83047000.0,43418000.0,258400000,-13312000.0,235000.0,13547000.0,28720000.0,213215000,41008000.0,172207000.0,227462000.0,256182000,172207000,0,0,0,0,0,0,0,0,0,0,0,0,1,0,0,0,0,0,0,0,0,0,0,0,0,0,0,0,0,0,0,0,0,0,0,0,0,0,0,0,0,0,0,0,0,0,407.9599914550781,2022-12-30,0.3605500525021146
12,12,INTC,2022-12-31,USD,182103000000.0,50407000000,11144000000.0,11144000000.0,13224000000.0,4133000000.0,131696000000,80860000000.0,6018000000.0,6018000000.0,27591000000.0,17194000000.0,4712000000.0,78817000000,32155000000.0,9595000000.0,4323000000.0,46662000000.0,0.0,37684000000.0,42051000000.0,15986000000.0,8776000000.0,101423000000,70405000000.0,31580000000.0,4133000000,USD,5500000000,14042000000,8542000000.0,8542000000.0,-1132000000,506000000.0,4464000000.0,6632000000,150000000.0,274000000.0,149000000.0,3287000000.0,-796000000,-135000000.0,-661000000.0,-647000000.0,2640000000,-664000000,0,0,0,0,0,0,0,0,0,0,0,0,0,0,0,0,0,0,0,1,0,0,0,0,0,0,0,0,0,0,0,0,0,0,0,0,0,0,0,0,0,0,0,0,0,0,25.48586082458496,2022-12-30,0.9456240269464047
322,322,ISRG,2022-12-31,USD,12974000000.0,6253000000,1581200000.0,1581200000.0,893200000.0,1073300000.0,6721000000,2374200000.0,49800000.0,49800000.0,348500000.0,2541000000.0,168600000.0,1861400000,1422100000.0,147000000.0,24200000.0,439300000.0,0.0,0.0,93800000.0,781700000.0,439300000.0,11041900000,3500100000.0,400000.0,357000000,USD,1110900000,1655000000,544100000.0,544100000.0,372500000,494300000.0,244100000.0,738400000,22200000.0,22200000.0,22200000.0,106200000.0,394700000,58000000.0,336700000.0,372500000.0,478700000,324900000,0,0,0,0,0,0,0,0,0,0,0,0,0,0,0,0,0,0,0,1,1,0,0,0,0,0,0,0,0,0,0,0,0,0,0,0,0,0,0,0,0,0,0,0,0,0,265.3500061035156,2022-12-30,0.27137734159295657
345,345,JD,2022-12-31,CNY,595250000000.0,351074000000,78861000000.0,78861000000.0,77949000000.0,26718000000.0,244176000000,88508000000.0,42987000000.0,42987000000.0,23123000000.0,141095000000.0,26451000000.0,321127000000,266561000000.0,160607000000.0,19834000000.0,54566000000.0,22666000000.0,30233000000.0,65045000000.0,43130000000.0,1737000000.0,213366000000,29304000000.0,211506000000.0,1589000000,CNY,24674000000,295446000000,270772000000.0,270772000000.0,4828000000,3645000000.0,4366000000.0,19846000000,-698000000.0,0.0,698000000.0,2863000000.0,3816000000,595000000.0,3221000000.0,4678000000.0,7541000000,3032000000,0,0,0,0,0,0,0,0,0,0,0,0,0,0,0,0,0,0,0,0,0,0,0,0,0,0,0,0,0,0,0,0,0,0,0,0,0,1,0,0,0,0,0,0,0,0,52.21767807006836,2022-12-30,-0.4775602983836639
369,369,KHC,2022-12-31,USD,90513000000.0,7897000000,1040000000.0,1040000000.0,3651000000.0,2120000000.0,82616000000,7408000000.0,42649000000.0,42649000000.0,30833000000.0,0.0,1086000000.0,41643000000,9028000000.0,4848000000.0,837000000.0,32615000000.0,0.0,19233000000.0,20070000000.0,3207000000.0,1609000000.0,48678000000,489000000.0,12000000.0,1233000000,USD,2364000000,7381000000,5017000000.0,5017000000.0,1226000000,1138000000.0,127000000.0,6155000000,-217000000.0,9000000.0,217000000.0,248000000.0,1051000000,164000000.0,887000000.0,1268000000.0,1271000000,887000000,0,0,0,0,0,0,0,0,0,0,0,0,1,0,0,0,0,0,0,1,0,0,0,0,0,0,0,0,0,0,0,0,0,0,0,0,0,0,0,0,0,0,0,0,0,0,35.05820083618164,2022-12-30,-0.050427097187392356
865,865,KLAC,2022-12-31,USD,13729074000.0,8132582000,1571477000.0,1571477000.0,2535375000.0,2282925000.0,5596492000,964813000.0,1065091000.0,1065091000.0,2278809000.0,1294873000.0,447932000.0,11125814000,3482501000.0,530407000.0,31591000.0,7643313000.0,112611000.0,6113745000.0,6145336000.0,2012392000.0,970222000.0,2603260000,670002000.0,1982360000.0,141966000,USD,1775101000,2983887000,1208786000.0,1208786000.0,1199179000,243096000.0,332826000.0,575922000,-74280000.0,0.0,74280000.0,103508000.0,1142973000,164178000.0,978795000.0,1217253000.0,1320761000,978795000,0,0,0,0,0,0,0,0,0,0,0,0,0,0,0,0,0,0,0,0,0,0,0,0,0,0,0,0,0,0,0,0,0,0,0,0,0,1,0,0,0,0,0,0,0,0,365.6233215332031,2022-12-30,0.5604939425720188
1204,1204,LCID,2022-12-31,USD,7879238000.0,4912028000,1735765000.0,1735765000.0,834401000.0,19542000.0,2967210000,2381936000.0,986000000.0,986000000.0,4290000000.0,2177231000.0,145089000.0,3529537000,937559000.0,229084000.0,31450000.0,2591978000.0,347034000.0,1991840000.0,2348469000.0,677025000.0,134369000.0,4349701000,-7370332000.0,183000.0,171295198,USD,-357578000,257713000,615291000.0,615291000.0,-749739000,170867000.0,221294000.0,392161000,21397000.0,29472000.0,8075000.0,55240000.0,-472809000,-161000.0,-472648000.0,-464734000.0,-409494000,-472648000,0,0,0,0,0,0,0,0,0,1,1,1,0,0,0,0,0,0,0,0,0,0,0,0,0,0,0,0,0,0,0,0,0,0,0,0,0,0,0,0,0,0,0,0,0,0,68.30000305175781,2022-12-30,-0.38360180683714373
1180,1180,META,2022-12-31,USD,185727000000.0,59549000000,14681000000.0,14681000000.0,1478040500.0,13466000000.0,126178000000,92191000000.0,897000000.0,897000000.0,20306000000.0,26057000000.0,5345000000.0,60014000000,27026000000.0,4990000000.0,1367000000.0,32988000000.0,16668000000.0,9923000000.0,26591000000.0,18330000000.0,15301000000.0,125713000000,64799000000.0,64444000000.0,2640000000,USD,23829000000,32165000000,8336000000.0,8336000000.0,6399000000,3085000000.0,9771000000.0,17430000000,32000000.0,32000000.0,32000000.0,2376000000.0,6149000000,1497000000.0,4653000000.0,6399000000.0,8775000000,4652000000,0,0,0,0,0,1,0,0,0,0,0,0,0,0,0,0,0,0,0,0,0,0,0,0,0,0,0,0,0,0,0,0,0,0,0,0,0,0,0,0,0,0,0,0,0,0,119.50520324707033,2022-12-30,1.9413330851174804
936,936,MRNA,2022-12-31,USD,25858000000.0,13431000000,3205000000.0,3205000000.0,949000000.0,1685000000.0,12427000000,2139000000.0,986000000.0,986000000.0,0.0,6697000000.0,895000000.0,6735000000,4923000000.0,487000000.0,196000000.0,1812000000.0,1004000000.0,0.0,1200000000.0,2154000000.0,135000000.0,19123000000,18320000000.0,8000000.0,405000000,USD,3231000000,5149000000,1918000000.0,1918000000.0,1580000000,254000000.0,1211000000.0,1651000000,87000000.0,87000000.0,10000000.0,80000000.0,1655000000,190000000.0,1465000000.0,1665000000.0,1745000000,1465000000,0,0,0,0,0,0,0,0,0,1,1,0,0,0,0,0,0,0,0,0,1,0,0,0,0,0,1,0,0,0,0,0,0,0,0,0,0,0,0,0,0,0,0,0,0,0,179.6199951171875,2022-12-30,-0.44633114546429464
36,36,MSFT,2022-12-31,USD,364552000000.0,157823000000,15646000000.0,15646000000.0,2980000000.0,35833000000.0,206729000000,82755000000.0,10354000000.0,10354000000.0,67905000000.0,83862000000.0,19502000000.0,181416000000,81718000000.0,15354000000.0,3997000000.0,99698000000.0,11998000000.0,44119000000.0,60114000000.0,25385000000.0,55290000000.0,183136000000,99368000000.0,90225000000.0,7473000000,USD,35259000000,52747000000,17488000000.0,17488000000.0,20399000000,2337000000.0,6844000000.0,14860000000,210000000.0,700000000.0,490000000.0,3648000000.0,20339000000,3914000000.0,16425000000.0,20399000000.0,24047000000,16425000000,0,0,0,0,0,0,0,0,0,0,0,0,0,0,0,0,0,0,0,0,0,0,0,0,0,0,0,0,0,0,0,0,0,0,0,0,0,0,0,0,0,0,0,0,0,0,233.68667602539065,2022-12-30,0.5819128965340266
912,912,MTCH,2022-12-31,USD,4182764000.0,882385000,572395000.0,572395000.0,1478040500.0,191940000.0,3300379000,176136000.0,357747000.0,357747000.0,2348366000.0,8723000.0,109327000.0,4541645000,556354000.0,13699000.0,14495000.0,3985291000.0,0.0,3835726000.0,3850221000.0,275442000.0,103652000.0,-359875000,-7782568000.0,287000.0,289826000,USD,550228000,786153000,235925000.0,235925000.0,106633000,110356000.0,80555000.0,443595000,-38214000.0,0.0,38214000.0,10930000.0,68017000,-17605000.0,85622000.0,106231000.0,117161000,84575000,0,0,0,0,0,1,0,0,0,0,0,0,0,0,0,0,0,0,0,1,0,0,0,0,0,0,0,0,0,0,0,0,0,0,0,0,0,1,0,0,0,0,0,0,0,0,40.299537658691406,2022-12-30,-0.12026998143366485
416,416,NXPI,2022-12-31,USD,23236000000.0,6935000000,3618000000.0,3618000000.0,1782000000.0,960000000.0,16301000000,2690000000.0,1311000000.0,1311000000.0,9943000000.0,0.0,575000000.0,15496000000,3270000000.0,1185000000.0,55000000.0,12226000000.0,0.0,11165000000.0,11165000000.0,1789000000.0,1016000000.0,7449000000,-3975000000.0,56000000.0,261447999,USD,1891000000,3312000000,1421000000.0,1421000000.0,980000000,261000000.0,540000000.0,910000000,-103000000.0,32000000.0,108000000.0,302000000.0,871000000,137000000.0,734000000.0,980000000.0,1282000000,722000000,0,0,0,0,0,0,0,0,0,0,0,0,0,0,0,0,0,0,0,1,0,0,0,0,0,0,0,0,0,0,0,0,0,0,0,0,0,0,0,0,0,0,0,0,0,0,149.38836669921875,2022-12-30,0.48392196942366295
982,982,PDD,2022-12-31,CNY,240066250000.0,215810923000,19771265000.0,19771265000.0,50898735000.0,5589628000.0,24255327000,2460928000.0,23403000.0,23403000.0,4290000000.0,137263553000.0,2287742000.0,113556133000,111022616000.0,55878527000.0,14441655000.0,2533517000.0,1472818000.0,1575755000.0,16974790000.0,39159299000.0,0.0,126510117000,23294062000.0,171000.0,1170075600,CNY,30893323000,39820028000,8926705000.0,8926705000.0,9113735000,1640527000.0,2406677000.0,21779588000,1339477000.0,1351698000.0,12221000.0,556042000.0,10519310000,1065613000.0,9453697000.0,9113735000.0,9669777000,9453697000,0,0,0,0,0,0,0,0,0,0,0,1,0,0,0,0,0,0,0,0,0,0,0,1,0,0,0,0,0,0,0,0,0,0,0,0,0,0,0,0,0,0,0,0,0,0,81.55000305175781,2022-12-30,0.7941139433892399
440,440,PYPL,2022-12-31,USD,78717000000.0,57517000000,7776000000.0,7776000000.0,17000000.0,44751000000.0,21200000000,1730000000.0,788000000.0,788000000.0,11209000000.0,3075000000.0,1915000000.0,58443000000,45101000000.0,40140000000.0,151000000.0,13342000000.0,0.0,10417000000.0,11137000000.0,4055000000.0,2925000000.0,20274000000,18954000000.0,8000000.0,1158000000,USD,3671000000,7383000000,3712000000.0,3712000000.0,1244000000,515000000.0,822000000.0,2427000000,-5000000.0,84000000.0,89000000.0,326000000.0,1110000000,189000000.0,-595000000.0,1199000000.0,1525000000,921000000,0,0,0,0,0,0,0,0,0,0,0,0,0,0,0,0,0,0,0,1,0,0,0,0,0,0,1,0,0,0,0,0,0,0,0,0,0,0,0,0,0,0,0,0,0,0,70.84125518798828,2022-12-30,-0.13774221740696724
464,464,QCOM,2022-12-31,USD,50014000000.0,21098000000,4808000000.0,4808000000.0,6932000000.0,3960000000.0,28916000000,5215000000.0,1796000000.0,1796000000.0,10566000000.0,3430000000.0,1968000000.0,31204000000,10081000000.0,2562000000.0,1446000000.0,21123000000.0,0.0,15431000000.0,16877000000.0,5784000000.0,5587000000.0,18810000000,18517000000.0,8000000.0,1131000000,USD,5419000000,9463000000,4044000000.0,4044000000.0,2465000000,623000000.0,2251000000.0,2954000000,-115000000.0,55000000.0,170000000.0,398000000.0,2371000000,98000000.0,2273000000.0,2541000000.0,2939000000,2235000000,0,0,0,0,0,0,0,0,0,0,0,0,0,0,0,0,0,0,0,1,0,0,0,0,0,0,1,0,0,0,0,0,0,0,0,0,0,0,0,0,0,0,0,0,0,0,102.7051773071289,2022-12-30,0.3507364891682545
488,488,REGN,2022-12-31,USD,29214500000.0,15884100000,3105900000.0,3105900000.0,2401900000.0,5328700000.0,13330400000,3763000000.0,915500000.0,915500000.0,4290000000.0,4636400000.0,411200000.0,6550500000,3141300000.0,589200000.0,720000000.0,3409200000.0,720000000.0,1981400000.0,2701400000.0,2073900000.0,1427800000.0,22664000000,23306700000.0,100000.0,114000000,USD,2907400000,3414400000,507000000.0,507000000.0,1315400000,660500000.0,941600000.0,1592000000,-17400000.0,70500000.0,17400000.0,100100000.0,1324700000,127600000.0,1197100000.0,1342100000.0,1442200000,1197100000,0,0,0,0,0,0,0,0,0,0,0,1,0,0,0,0,0,0,0,0,0,0,0,0,0,0,0,0,0,0,0,0,0,0,0,0,0,0,0,0,0,0,0,0,0,0,716.6484375,2022-12-30,0.21732812857703498
583,583,SBUX,2022-12-31,USD,28256100000.0,6934900000,3186500000.0,3186500000.0,2088100000.0,1201300000.0,21321200000,6699500000.0,151400000.0,151400000.0,3383000000.0,123900000.0,335100000.0,36922000000,9246200000.0,1348200000.0,3006800000.0,27675800000.0,8892900000.0,13176700000.0,23818900000.0,2278500000.0,600500000.0,-8673800000,-8203200000.0,1100000.0,1152900000,USD,2238400000,8713900000,6475500000.0,6475500000.0,1253100000,580900000.0,0.0,985300000,-118100000.0,11600000.0,129700000.0,342500000.0,1135000000,279800000.0,855200000.0,1264700000.0,1607200000,855200000,0,0,0,0,0,0,0,0,0,0,0,0,0,0,0,0,0,0,0,0,0,0,0,0,0,0,0,0,0,0,0,0,0,0,1,0,0,0,0,0,0,0,0,0,0,0,91.651611328125,2022-12-30,-0.011851117459810268
997,997,SGEN,2022-12-31,USD,3674532000.0,1735070000,319940000.0,319940000.0,427211000.0,501912000.0,1939462000,248179000.0,237516000.0,237516000.0,274671000.0,1415130000.0,138340000.0,870713000,818404000.0,207851000.0,0.0,52309000.0,43474000.0,0.0,43474000.0,610553000.0,52309000.0,2803819000,-2154347000.0,187000.0,186091000,USD,419940000,528150000,108210000.0,108210000.0,-154004000,216101000.0,357843000.0,573944000,0.0,0.0,41166000.0,-10176000.0,-143828000,4343000.0,-148171000.0,-154004000.0,-164180000,-148171000,0,0,0,0,0,0,0,0,0,0,0,0,0,0,0,0,0,1,0,0,1,0,0,0,0,0,0,0,0,0,0,0,0,0,0,0,1,1,0,0,0,0,0,0,0,0,,,
535,535,SIRI,2022-12-31,USD,10022000000.0,1038000000,57000000.0,57000000.0,1478040500.0,655000000.0,8984000000,1814000000.0,3050000000.0,3050000000.0,3249000000.0,0.0,326000000.0,13373000000,2981000000.0,1248000000.0,246000000.0,10392000000.0,370000000.0,9256000000.0,9822000000.0,165000000.0,571000000.0,-3351000000,-3351000000.0,4000000.0,395100000,USD,1145000000,2283000000,1138000000.0,1138000000.0,562000000,143000000.0,77000000.0,583000000,-108000000.0,0.0,108000000.0,144000000.0,450000000,85000000.0,365000000.0,558000000.0,702000000,365000000,0,0,0,0,0,1,0,0,0,0,0,0,1,0,0,0,0,0,0,0,0,0,0,0,0,0,0,0,0,0,0,0,0,0,0,0,0,1,0,0,0,0,0,0,0,0,52.0122299194336,2022-12-30,-0.04277961793642038
559,559,SWKS,2022-12-31,USD,8947400000.0,3414300000,819900000.0,819900000.0,1273300000.0,764100000.0,5533100000,1562700000.0,1373000000.0,1373000000.0,2176700000.0,172700000.0,384300000.0,3397500000,1225500000.0,180300000.0,528500000.0,2172000000.0,231500000.0,1690300000.0,2421300000.0,403500000.0,481700000.0,5549900000,5511900000.0,39700000.0,160200000,USD,615800000,1329300000,713500000.0,713500000.0,367400000,84500000.0,163900000.0,248400000,-16900000.0,0.0,16900000.0,171400000.0,350700000,41300000.0,309400000.0,367600000.0,539000000,309400000,0,0,0,0,0,0,0,0,0,0,0,0,0,0,0,0,0,0,0,0,0,0,0,0,0,0,0,0,0,0,0,0,0,0,0,0,0,1,0,0,0,0,0,0,0,0,81.89643096923828,2022-12-30,0.2654634490893655
156,156,ADI,2023-01-31,USD,50234520000.0,5161500000,1670462000.0,1670462000.0,1522942000.0,1629870000.0,45073020000,2524655000.0,12763229000.0,12763229000.0,26913134000.0,0.0,338226000.0,13703035000,2433677000.0,534659000.0,5078000.0,11269358000.0,0.0,6543250000.0,6548328000.0,-1583104000.0,1249064000.0,36531485000,9297347000.0,84306000.0,511184000,USD,2124341000,3249630000,1125289000.0,1125289000.0,1130820000,326284000.0,414095000.0,993521000,-49624000.0,10829000.0,60453000.0,587498000.0,1073473000,111999000.0,961474000.0,1133926000.0,1721424000,961474000,0,0,0,0,0,0,0,0,0,0,0,0,1,0,0,0,0,0,0,1,0,0,0,0,0,0,0,0,0,0,0,0,0,0,0,0,0,0,0,0,0,0,0,0,0,0,162.2664031982422,2023-01-31,0.14319252689248385
203,203,ADSK,2023-01-31,USD,9438000000.0,3341000000,1947000000.0,1947000000.0,1478040500.0,961000000.0,6097000000,144000000.0,407000000.0,407000000.0,3625000000.0,125000000.0,308000000.0,8293000000,4000000000.0,102000000.0,85000000.0,4293000000.0,385000000.0,2281000000.0,2666000000.0,577000000.0,139000000.0,1145000000,-1995000000.0,3325000000.0,217000000,USD,1160000000,1294000000,134000000.0,134000000.0,271000000,155000000.0,312000000.0,889000000,-2000000.0,0.0,2000000.0,37000000.0,277000000,-16000000.0,293000000.0,279000000.0,316000000,293000000,0,0,0,0,0,1,0,0,0,0,0,0,0,0,0,0,0,0,0,0,0,0,0,0,0,0,0,0,0,0,0,0,0,0,0,0,0,1,0,0,0,0,0,0,0,0,215.16000366210935,2023-01-31,0.17963372949733225
180,180,AMAT,2023-01-31,USD,27959000000.0,16715000000,3547000000.0,3547000000.0,6054000000.0,5540000000.0,11244000000,2494000000.0,332000000.0,332000000.0,3718000000.0,500000000.0,1074000000.0,14539000000,7250000000.0,1611000000.0,288000000.0,7289000000.0,461000000.0,5458000000.0,6118000000.0,1724000000.0,856000000.0,13420000000,39389000000.0,8000000.0,849000000,USD,3145000000,6739000000,3594000000.0,3594000000.0,1970000000,207000000.0,771000000.0,1175000000,-9000000.0,50000000.0,59000000.0,120000000.0,1961000000,244000000.0,1717000000.0,2020000000.0,2140000000,1717000000,0,0,0,0,0,0,0,0,0,0,0,0,0,0,0,0,0,0,0,0,0,0,0,0,0,0,0,0,0,0,0,0,0,0,0,0,0,0,0,0,0,0,0,0,0,0,108.38868713378906,2023-01-31,0.48733395360309006
699,699,AVGO,2023-01-31,USD,72976000000.0,18836000000,12647000000.0,12647000000.0,1899000000.0,3234000000.0,54140000000,2201000000.0,6225000000.0,6225000000.0,43614000000.0,0.0,1056000000.0,49666000000,7483000000.0,923000000.0,1115000000.0,42183000000.0,55000000.0,38167000000.0,39282000000.0,2336000000.0,4016000000.0,23310000000,2371000000.0,8000000.0,4290000000,USD,6004000000,8915000000,2911000000.0,2911000000.0,4103000000,348000000.0,1195000000.0,1901000000,-406000000.0,0.0,406000000.0,1032000000.0,3840000000,66000000.0,3774000000.0,4246000000.0,5278000000,3774000000,0,0,0,0,0,0,0,0,0,0,0,0,1,0,0,0,0,0,0,0,0,0,0,0,0,0,1,0,0,0,0,0,0,0,0,0,0,1,0,0,0,0,0,0,0,0,55.93354797363281,2023-01-31,1.0629668155347698
793,793,CPRT,2023-01-31,USD,5932408000.0,2638781000,1660952000.0,1660952000.0,52071000.0,765628000.0,3293627000,2656273000.0,51186000.0,51186000.0,404046000.0,0.0,160130000.0,718756000,487623000.0,439271000.0,20736000.0,231133000.0,108130000.0,1946000.0,110076000.0,-20736000.0,152716000.0,5213652000,4495102000.0,48000.0,965072000,USD,426500000,956724000,530224000.0,530224000.0,365525000,56631000.0,0.0,60975000,14480000.0,14480000.0,14480000.0,38414000.0,377103000,83426000.0,293677000.0,365878000.0,404292000,293677000,0,0,0,0,0,0,0,0,0,0,0,0,1,0,0,0,0,0,0,0,0,0,0,0,0,0,0,0,0,0,0,0,0,0,1,0,0,0,0,0,0,0,0,0,0,0,33.30500030517578,2023-01-31,0.44242607642497633
1084,1084,CRWD,2023-01-31,USD,5026540000.0,3453412000,2455369000.0,2455369000.0,186855000.0,626181000.0,1573128000,492335000.0,86889000.0,86889000.0,430645000.0,250000000.0,121862000.0,3539106000,2109072000.0,45372000.0,13046000.0,1430034000.0,42613000.0,741005000.0,783618000.0,323170000.0,29567000.0,1463641000,-1148163000.0,118000.0,235027000,USD,461763000,637367000,175604000.0,175604000.0,-61500000,84979000.0,191845000.0,523263000,20664000.0,27016000.0,6352000.0,27850000.0,-43618000,5314000.0,-48932000.0,-37266000.0,-9416000,-47481000,0,0,0,0,0,0,0,0,0,0,0,0,0,0,0,0,0,0,0,0,0,0,0,0,0,0,0,0,0,0,0,0,0,0,0,0,0,0,0,0,0,0,0,0,0,0,105.9000015258789,2023-01-31,1.76203962025932
1276,1276,CSCO,2023-01-31,USD,95840000000.0,38515000000,9009000000.0,9009000000.0,3140000000.0,8794000000.0,57325000000,1964000000.0,2134000000.0,2134000000.0,38388000000.0,13052000000.0,4520000000.0,54366000000,27252000000.0,2329000000.0,1250000000.0,27114000000.0,0.0,7637000000.0,8887000000.0,8364000000.0,2050000000.0,41474000000,-364000000.0,43424000000.0,4116000000,USD,8427000000,13592000000,5165000000.0,5165000000.0,3292000000,582000000.0,1855000000.0,5135000000,112000000.0,112000000.0,107000000.0,438000000.0,3415000000,642000000.0,2773000000.0,3522000000.0,3960000000,2773000000,0,0,0,0,0,0,0,0,0,0,0,0,0,0,0,0,0,0,0,1,0,0,0,0,0,0,0,0,0,0,0,0,0,0,0,0,0,0,0,0,0,0,0,0,0,0,44.70112991333008,2023-01-31,0.062409259222437674
298,298,INTU,2023-01-31,USD,27202000000.0,4756000000,1547000000.0,1547000000.0,376000000.0,1918000000.0,22446000000,931000000.0,6737000000.0,6737000000.0,13779000000.0,524000000.0,767000000.0,11360000000,3862000000.0,811000000.0,587000000.0,7498000000.0,600000000.0,6576000000.0,7677000000.0,1178000000.0,24000000.0,15842000000,13337000000.0,18392000000.0,282000000,USD,2268000000,3041000000,773000000.0,773000000.0,270000000,323000000.0,630000000.0,1998000000,-50000000.0,15000000.0,65000000.0,209000000.0,228000000,60000000.0,168000000.0,293000000.0,502000000,168000000,0,0,0,0,0,0,0,0,0,0,0,0,0,0,0,0,0,0,0,0,0,0,0,0,0,0,0,0,0,0,0,0,0,0,0,0,0,0,0,0,0,0,0,0,0,0,414.4524841308594,2023-01-31,0.5037912037299186
888,888,MRVL,2023-01-31,USD,22522100000.0,3281100000,911000000.0,911000000.0,1068300000.0,1192200000.0,19241000000,788700000.0,5541500000.0,5541500000.0,11586900000.0,150700000.0,109600000.0,6884900000,2386700000.0,465800000.0,628200000.0,4498200000.0,245400000.0,3907700000.0,4737500000.0,1129100000.0,590500000.0,15637200000,1123500000.0,1700000.0,854100000,USD,673300000,1418500000,745200000.0,745200000.0,23300000,202700000.0,443100000.0,650000000,-46800000.0,2500000.0,49300000.0,351100000.0,-23200000,-7800000.0,-15400000.0,26100000.0,377200000,-15400000,0,0,0,0,0,0,0,0,0,0,0,0,0,0,0,0,0,0,0,0,0,0,0,0,0,0,0,0,0,0,0,0,0,0,0,0,0,0,0,0,0,0,0,0,0,0,42.67740631103516,2023-01-31,0.5762908055739437
392,392,NVDA,2023-01-31,USD,41182000000.0,23073000000,3389000000.0,3389000000.0,5159000000.0,3827000000.0,18109000000,3807000000.0,1676000000.0,1676000000.0,4372000000.0,9907000000.0,791000000.0,19081000000,6563000000.0,1193000000.0,1250000000.0,12518000000.0,902000000.0,9703000000.0,11855000000.0,3766000000.0,1913000000.0,22101000000,10171000000.0,2000000.0,24770000000,USD,3833000000,6051000000,2218000000.0,2218000000.0,1256000000,625000000.0,1952000000.0,2577000000,50000000.0,115000000.0,64000000.0,426000000.0,1288000000,-126000000.0,1414000000.0,1352000000.0,1778000000,1414000000,0,0,0,0,0,0,0,0,0,0,0,0,0,0,0,0,0,0,0,0,0,0,0,0,0,0,0,0,0,0,0,0,0,0,0,0,0,0,0,0,0,0,0,0,0,0,19.51746368408203,2023-01-31,2.1506520422814073
959,959,OKTA,2023-01-31,USD,9307000000.0,3229000000,264000000.0,264000000.0,92000000.0,481000000.0,6078000000,59000000.0,241000000.0,241000000.0,5400000000.0,2316000000.0,168000000.0,3841000000,1465000000.0,12000000.0,32000000.0,2376000000.0,142000000.0,2193000000.0,2367000000.0,174000000.0,41000000.0,5466000000,-2475000000.0,8000000.0,160038000,USD,371000000,510000000,139000000.0,139000000.0,-157650000,86451000.0,154000000.0,528000000,8000000.0,10000000.0,2412000.0,26001000.0,-148722000,4196000.0,-152918000.0,-146310000.0,-120309000,-152918000,0,0,0,0,0,0,0,0,0,0,0,0,0,0,0,0,0,0,0,0,0,0,0,0,0,0,1,0,0,0,0,0,0,0,0,0,0,0,0,0,0,0,0,0,0,0,73.61000061035156,2023-01-31,0.12280941231585962
1132,1132,PANW,2023-01-31,USD,13163400000.0,5405800000,1346300000.0,1346300000.0,313400000.0,1278100000.0,7757600000,344700000.0,361700000.0,361700000.0,2912300000.0,2000600000.0,467400000.0,12434400000,8475100000.0,128300000.0,3680300000.0,3959300000.0,274200000.0,0.0,3954500000.0,724000000.0,3959300000.0,729000000,-1562900000.0,2303000000.0,663200000,USD,1188900000,1655100000,466200000.0,466200000.0,39900000,119400000.0,404100000.0,1149000000,-6900000.0,56600000.0,6900000.0,69900000.0,84400000,200000.0,84200000.0,89600000.0,159500000,84200000,0,0,0,0,0,0,0,0,0,0,0,0,0,0,0,0,0,0,0,0,1,0,0,0,0,0,0,0,0,0,0,0,0,0,0,0,0,0,0,0,0,0,0,0,0,0,79.31999969482422,2023-01-31,1.1338250823752425
511,511,ROST,2023-01-31,USD,13416463000.0,6904719000,4551876000.0,4551876000.0,2023495000.0,145694000.0,6511744000,2047000000.0,986000000.0,986000000.0,4290000000.0,0.0,183654000.0,9127880000,3636246000.0,2009924000.0,655976000.0,5491634000.0,0.0,0.0,5706447000.0,918271000.0,0.0,4288583000,3049656000.0,3428000.0,342045000,USD,1288028000,5214231000,3926203000.0,3926203000.0,558686000,368000000.0,0.0,729342000,0.0,0.0,20366000.0,104090000.0,581405000,134362000.0,471000000.0,601771000.0,705861000,447043000,0,0,0,0,0,0,0,0,1,1,1,1,1,0,0,0,0,0,0,1,1,0,0,1,0,0,0,0,0,0,0,0,0,1,1,0,1,1,0,0,0,0,1,0,0,0,114.3935546875,2023-01-31,0.2009448977283399
1013,1013,SPLK,2023-01-31,USD,6343923000.0,3870684000,690587000.0,690587000.0,-27987000.0,1600591000.0,2445252000,108540000.0,119588000.0,119588000.0,1416920000.0,1316347000.0,291146000.0,6454436000,3035670000.0,15299000.0,775656000.0,3418766000.0,202268000.0,3099289000.0,4077213000.0,587030000.0,26107000.0,-110513000,-3786735000.0,171000.0,187002000,USD,1045822000,1251105000,205283000.0,205283000.0,266071000,109135000.0,243027000.0,779751000,1252000.0,12482000.0,11230000.0,43812.0,265551000,-3241000.0,268792000.0,302761188.0,302805000,268792000,0,0,0,0,0,0,0,0,0,0,0,0,0,0,0,0,0,0,0,0,0,0,0,0,0,0,0,0,0,0,0,0,0,0,0,0,0,0,0,0,0,0,0,0,0,0,,,
1037,1037,WDAY,2023-01-31,USD,13486238000.0,7917170000,1886000000.0,1886000000.0,191054000.0,1570086000.0,5569068000,1450532000.0,325999000.0,325999000.0,2840044000.0,4235000000.0,226084000.0,7900670000,4628166000.0,153751000.0,91343000.0,3272504000.0,273142000.0,2975934000.0,3249076000.0,823679000.0,40231000.0,5585568000,-3111334000.0,259000.0,257322000,USD,1192781000,1646260000,453479000.0,453479000.0,-88958000,176255000.0,615589000.0,1281739000,18687000.0,47236000.0,28549000.0,89962000.0,-77919000,47778000.0,-125697000.0,-49370000.0,40592000,-125697000,0,0,0,0,0,0,0,0,0,0,0,0,0,0,0,0,0,0,0,0,0,0,0,0,0,0,0,0,0,0,0,0,0,0,0,0,0,0,0,0,0,0,0,0,0,0,181.42999267578125,2023-01-31,0.604310307416295
1061,1061,ZM,2023-01-31,USD,8128065000.0,6356412000,1086830000.0,1086830000.0,223250000.0,557404000.0,1771653000,333727000.0,56659000.0,56659000.0,122641000.0,4325836000.0,386342000.0,1921458000,1738644000.0,14414000.0,22790000.0,182814000.0,73687000.0,0.0,96477000.0,320986000.0,67195000.0,6206607000,2151818000.0,294000.0,292983772,USD,823449000,1117803000,294354000.0,294354000.0,-129887000,186492000.0,261258000.0,953336000,0.0,40443000.0,130786000.0,24400000.0,-39544000,64506000.0,-104050000.0,-129887000.0,-105487000,-104050000,0,0,0,0,0,0,0,0,0,0,0,0,0,0,0,0,0,0,0,0,1,0,0,0,0,0,0,0,0,0,0,0,0,0,0,0,1,0,0,0,0,0,0,0,0,0,75.0,2023-01-31,-0.13853332519531247
1156,1156,ZS,2023-01-31,USD,3039956000.0,2416109000,1257012000.0,1257012000.0,96105000.0,358614000.0,623847000,200468000.0,26716000.0,26716000.0,78547000.0,648332000.0,152151000.0,2511299000,1204004000.0,33632000.0,29173000.0,1307295000.0,75406000.0,1140516000.0,1215922000.0,140840000.0,9025000.0,528657000,-1013654000.0,145000.0,144511000,USD,300324000,387598000,87274000.0,87274000.0,-60971000,43522000.0,84984000.0,361295000,11336000.0,12669000.0,1333000.0,23796000.0,-53761000,3692000.0,-57453000.0,-52428000.0,-28632000,-57453000,0,0,0,0,0,0,0,0,0,0,0,0,0,0,0,0,0,0,0,0,0,0,0,0,0,0,0,0,0,0,0,0,0,0,0,0,0,0,0,0,0,0,0,0,0,0,124.16000366210938,2023-01-31,0.8981152643189401
59,59,ADBE,2023-02-28,USD,26667000000.0,8342000000,4072000000.0,4072000000.0,1478040500.0,1801000000.0,18325000000,2369000000.0,1354000000.0,1354000000.0,12792000000.0,1581000000.0,888000000.0,12461000000,7437000000.0,308000000.0,81000000.0,5024000000.0,496000000.0,3630000000.0,4126000000.0,1691000000.0,323000000.0,14206000000,29435000000.0,8000000.0,459500000,USD,4087000000,4655000000,568000000.0,568000000.0,1586000000,331000000.0,827000000.0,2501000000,-32000000.0,0.0,32000000.0,212000000.0,1598000000,351000000.0,1247000000.0,1586000000.0,1798000000,1247000000,0,0,0,0,0,1,0,0,0,0,0,0,0,0,0,0,0,0,0,0,0,0,0,0,0,0,1,0,0,0,0,0,0,0,0,0,0,1,0,0,0,0,0,0,0,0,323.95001220703125,2023-02-28,0.7295261867093525
746,746,CTAS,2023-02-28,USD,8466001000.0,1911127000,88563000.0,88563000.0,531270000.0,1136086000.0,6554874000,1358181000.0,485015000.0,485015000.0,3043578000.0,0.0,155208000.0,4832745000,1388261000.0,281649000.0,292023000.0,3444484000.0,182077000.0,2485952000.0,2917082000.0,814589000.0,461754000.0,3633256000,9368678000.0,1981610000.0,413672000,USD,1034031000,2189986000,1155955000.0,1155955000.0,446812000,587219000.0,0.0,587219000,-28446000.0,373000.0,28819000.0,102828000.0,418366000,92539000.0,325827000.0,447185000.0,550013000,325827000,0,0,0,0,0,0,0,0,0,0,0,0,1,0,0,0,0,0,0,0,0,0,0,0,0,0,0,0,0,0,0,0,0,0,1,0,0,0,0,0,0,0,0,0,0,0,106.78410339355467,2023-02-28,0.44796242692588395
769,769,STZ,2023-02-28,USD,24662300000.0,3496100000,133500000.0,133500000.0,1898700000.0,1075800000.0,21166200000,6865200000.0,2728100000.0,2728100000.0,7925400000.0,-93200000.0,388100000.0,15928400000,2968300000.0,941500000.0,1256200000.0,12960100000.0,498800000.0,11286500000.0,12960100000.0,689800000.0,1673600000.0,8413600000,12343900000.0,2100000.0,184534000,USD,992600000,1997700000,1005100000.0,1005100000.0,587700000,366300000.0,0.0,404900000,-117200000.0,209400000.0,117100000.0,105800000.0,256400000,33200000.0,223200000.0,373500000.0,479300000,223000000,0,0,0,0,0,0,0,0,0,0,0,0,0,0,0,0,0,0,0,0,0,0,0,0,0,0,0,0,0,0,0,0,0,0,1,0,0,0,0,0,0,0,0,0,0,0,210.9760589599609,2023-02-28,0.1272731756861285
1251,1251,AAPL,2023-03-31,USD,332160000000.0,112913000000,24687000000.0,24687000000.0,7482000000.0,35899000000.0,219247000000,43398000000.0,986000000.0,986000000.0,4290000000.0,31185000000.0,13660000000.0,270002000000,120075000000.0,42945000000.0,12574000000.0,149927000000.0,0.0,97041000000.0,109615000000.0,56425000000.0,52886000000.0,62158000000,4336000000.0,69568000000.0,15847050000,USD,41976000000,94836000000,52860000000.0,52860000000.0,28318000000,6201000000.0,7457000000.0,13594000000,-12000000.0,918000000.0,930000000.0,2898000000.0,28382000000,4222000000.0,24160000000.0,28318000000.0,31216000000,24160000000,0,0,0,0,0,0,0,0,0,1,1,1,0,0,0,0,0,0,0,1,0,0,0,0,0,0,0,0,0,0,0,0,0,0,0,0,0,0,0,0,0,0,0,0,0,0,162.54519653320312,2023-03-31,0.0366133517927425
226,226,ADP,2023-03-31,USD,59881800000.0,51518200000,1828400000.0,1828400000.0,1.0,3072100000.0,8363600000,663500000.0,1360300000.0,1360300000.0,2335700000.0,26300000.0,46591400000.0,56188000000,51536100000.0,74800000.0,94500000.0,4651900000.0,332100000.0,2988600000.0,3320700000.0,51211800000.0,1595600000.0,3693800000,21857800000.0,63900000.0,415500000,USD,2054600000,4927800000,2623800000.0,2623800000.0,1116600000,938000000.0,208600000.0,3561800000,235200000.0,273500000.0,38300000.0,137000000.0,1364000000,320800000.0,1043100000.0,1403200000.0,1540200000,1043100000,0,0,0,0,0,0,0,0,0,0,0,0,0,0,0,0,0,0,0,0,0,0,0,0,0,0,0,0,0,0,0,0,0,0,0,0,0,0,0,0,0,0,0,0,0,0,209.5673370361328,2023-03-31,0.12704339275553256
654,654,AEP,2023-03-31,USD,94517900000.0,7798200000,343500000.0,343500000.0,1457200000.0,2303800000.0,86719700000,73347000000.0,986000000.0,986000000.0,52500000.0,194600000.0,3499100000.0,70550100000,12621700000.0,2269300000.0,6643600000.0,57928400000.0,652300000.0,36239100000.0,43418600000.0,1718900000.0,12328300000.0,23738200000,12313800000.0,3418200000.0,515598090,USD,1363800000,4843600000,3479800000.0,3479800000.0,968900000,680000000.0,0.0,394900000,-415700000.0,0.0,415000000.0,800500000.0,410800000,10400000.0,380200000.0,805600000.0,1606100000,397000000,0,0,0,0,0,0,0,0,0,1,1,0,0,0,0,0,0,0,0,0,0,0,0,0,0,0,0,0,0,0,0,0,0,0,1,0,0,1,0,0,0,0,0,0,0,0,81.28782653808594,2023-03-31,-0.030667250579517247
630,630,ALGN,2023-03-31,USD,5901448000.0,2331882000,832383000.0,832383000.0,311885000.0,1029098000.0,3569566000,1262815000.0,93320000.0,93320000.0,414222000.0,51644000.0,106872000.0,2421399000,2004598000.0,130561000.0,27776000.0,416801000.0,99002000.0,99002000.0,126778000.0,364434000.0,191258000.0,3480049000,2373513000.0,8000.0,77111000,USD,660654000,943147000,282493000.0,282493000.0,133516000,439691000.0,87447000.0,527138000,2337000.0,2337000.0,1108000.0,35820000.0,134624000,46826000.0,87798000.0,133516000.0,169336000,87798000,0,0,0,0,0,0,0,0,0,0,0,0,0,0,0,0,0,0,0,0,0,0,0,0,0,0,0,0,0,0,0,0,0,0,0,0,0,0,0,0,0,0,0,0,0,0,334.1400146484375,2023-03-31,-0.04336511676758825
606,606,AMD,2023-03-31,USD,67634000000.0,15658000000,3825000000.0,3825000000.0,4235000000.0,4042000000.0,51976000000,1500000000.0,23291000000.0,23291000000.0,24177000000.0,2114000000.0,1442000000.0,12940000000,6577000000.0,2518000000.0,0.0,6363000000.0,381000000.0,2467000000.0,2848000000.0,3053000000.0,1874000000.0,54694000000,-270000000.0,16000000.0,1611000000,USD,2359000000,5353000000,2994000000.0,2994000000.0,-102000000,585000000.0,1411000000.0,2504000000,-25000000.0,25000000.0,25000000.0,518000000.0,-127000000,13000000.0,-140000000.0,-102000000.0,416000000,-139000000,0,0,0,0,0,0,0,0,0,0,0,0,0,0,0,0,0,0,0,0,0,0,0,0,0,0,0,0,0,0,0,0,0,0,0,0,0,0,0,0,0,0,0,0,0,0,98.01000213623048,2023-03-31,0.8706253682461353
131,131,AMGN,2023-03-31,USD,88720000000.0,44703000000,31560000000.0,31560000000.0,5011000000.0,5736000000.0,44017000000,5460000000.0,15393000000.0,15393000000.0,15531000000.0,1000000.0,2395000000.0,83372000000,14215000000.0,1320000000.0,834000000.0,69157000000.0,0.0,60761000000.0,61595000000.0,12061000000.0,8396000000.0,5348000000,-26919000000.0,32535000000.0,538000000,USD,4385000000,6105000000,1720000000.0,1720000000.0,1921000000,1258000000.0,1058000000.0,2464000000,-543000000.0,0.0,543000000.0,900000000.0,3442000000,601000000.0,2841000000.0,3985000000.0,4885000000,2841000000,0,0,0,0,0,0,0,0,0,0,0,0,0,0,0,0,0,0,0,1,0,0,0,0,0,0,0,0,0,0,0,0,0,0,0,0,0,1,0,0,0,0,0,0,0,0,220.0613250732422,2023-03-31,0.2101733338353462
107,107,AMZN,2023-03-31,USD,464378000000.0,136221000000,49343000000.0,49343000000.0,34170000000.0,37646000000.0,328157000000,259016000000.0,986000000.0,986000000.0,22749000000.0,15062000000.0,377000000.0,309852000000,147570000000.0,66907000000.0,13428000000.0,162282000000.0,74267000000.0,67084000000.0,141351000000.0,66382000000.0,20931000000.0,154526000000,86365000000.0,108000000.0,10258000000,USD,59567000000,127358000000,67791000000.0,67791000000.0,4774000000,3043000000.0,17420000000.0,54570000000,-212000000.0,611000000.0,823000000.0,11123000000.0,4120000000,948000000.0,3171000000.0,4774000000.0,15897000000,3172000000,0,0,0,0,0,0,0,0,0,1,1,0,0,0,0,0,0,0,0,0,0,0,0,0,0,0,0,0,0,0,0,0,0,0,0,0,0,0,0,0,0,0,0,0,0,0,103.29000091552734,2023-03-31,0.7520573106462072
675,675,ANSS,2023-03-31,USD,6480934000.0,1161617000,507689000.0,507689000.0,-63399000.0,653763000.0,5319317000,80825000.0,870544000.0,870544000.0,3737195000.0,165000.0,63399000.0,1698772000,396331000.0,21938000.0,23600000.0,1302441000.0,110227000.0,753653000.0,777253000.0,-45538000.0,210446000.0,4782162000,4883552000.0,953000.0,87431000,USD,441795000,509447000,67652000.0,67652000.0,127695000,188584000.0,120335000.0,314100000,-6680000.0,4078000.0,10758000.0,37505000.0,120838000,20216000.0,100622000.0,122314000.0,159819000,100622000,0,0,0,0,0,0,0,0,0,0,0,0,0,0,0,0,0,0,0,0,0,0,0,0,0,0,0,0,0,0,0,0,0,0,0,0,0,0,0,0,0,0,0,0,0,0,,,
1227,1227,AZN,2023-03-31,USD,96687000000.0,22266000000,6232000000.0,6232000000.0,4967000000.0,10289000000.0,74421000000,2047000000.0,39291000000.0,39291000000.0,20001000000.0,230000000.0,548000000.0,60876000000,24860000000.0,19210000000.0,3857000000.0,36016000000.0,0.0,0.0,31503000000.0,590000000.0,0.0,35789000000,-1825000000.0,387000000.0,3120000000,USD,8974000000,10879000000,1905000000.0,1905000000.0,2549000000,4059000000.0,2611000000.0,6425000000,0.0,0.0,365000000.0,1502000000.0,2262000000,458000000.0,471000000.0,2627000000.0,4129000000,1803000000,0,0,0,0,0,0,0,0,1,0,0,0,0,0,0,0,0,0,0,1,1,0,0,1,0,0,0,0,0,0,0,0,0,0,0,0,1,1,0,0,0,0,1,0,0,0,130.81353759765625,2023-03-31,-0.00977242961503777
1299,1299,BIDU,2023-03-31,CNY,406322000000.0,228774000000,42060000000.0,42060000000.0,11325000000.0,16430000000.0,177548000000,33158000000.0,20249000000.0,20249000000.0,22586000000.0,148095000000.0,10864000000.0,152868000000,80698000000.0,36046000000.0,24859000000.0,72170000000.0,7447000000.0,65016000000.0,91266000000.0,5067000000.0,2068000000.0,235643000000,3807700000.0,235643000000.0,354250000,CNY,15992000000,31144000000,15152000000.0,15152000000.0,4980000000,463000000.0,5423000000.0,11012000000,1111000000.0,1915000000.0,804000000.0,3681250000.0,7575000000,1193000000.0,6382000000.0,8379000000.0,12060250000,5825000000,0,0,0,0,0,0,0,0,0,0,0,0,0,0,0,0,0,0,0,0,0,0,0,0,0,1,0,0,0,0,0,0,0,0,0,0,0,0,0,0,0,0,0,0,0,0,150.9199981689453,2023-03-31,-0.281473603517974
1323,1323,BIIB,2023-03-31,USD,24598400000.0,9762500000,2898200000.0,2898200000.0,1281000000.0,2028200000.0,14835900000,3300900000.0,1813300000.0,1813300000.0,5751800000.0,2143100000.0,1412000000.0,10811400000,3014900000.0,491200000.0,0.0,7796500000.0,327000000.0,6282700000.0,6609700000.0,2288200000.0,1262500000.0,13796600000,16854400000.0,100000.0,145200000,USD,1800200000,2463000000,662800000.0,662800000.0,574400000,605000000.0,620800000.0,1225800000,18400000.0,80900000.0,62500000.0,112300000.0,438300000,50700000.0,387600000.0,517300000.0,629600000,387900000,0,0,0,0,0,0,0,0,0,0,0,0,0,0,0,0,0,1,0,0,0,0,0,0,0,0,0,0,0,0,0,0,0,0,0,0,0,0,0,0,0,0,0,0,0,0,278.0299987792969,2023-03-31,-0.22731358927354817
722,722,CDNS,2023-03-31,USD,5171619000.0,1698544000,916963000.0,916963000.0,127566000.0,505404000.0,3473075000,372956000.0,341738000.0,341738000.0,1377625000.0,0.0,148611000.0,2230743000,1181381000.0,430135000.0,30000000.0,1049362000.0,0.0,648301000.0,678301000.0,430135000.0,401061000.0,2940876000,4137044000.0,2878749000.0,273159000,USD,897218000,1021690000,124472000.0,124472000.0,322463000,53527000.0,350295000.0,574755000,-9260000.0,6373000.0,9260000.0,33008000.0,321487000,79683000.0,241804000.0,330747000.0,363755000,241804000,0,0,0,0,0,0,0,0,0,0,0,0,1,0,0,0,0,0,0,1,0,0,0,0,0,0,0,0,0,0,0,0,0,0,0,0,0,0,0,0,0,0,0,0,0,0,210.08999633789065,2023-03-31,0.4856966553553055
1347,1347,CHTR,2023-03-31,USD,144870000000.0,4067000000,534000000.0,534000000.0,1478040500.0,2851000000.0,140803000000,36602000000.0,69845000000.0,69845000000.0,29563000000.0,0.0,682000000.0,131968000000,12242000000.0,746000000.0,2291000000.0,119726000000.0,292000000.0,95973000000.0,98264000000.0,7712000000.0,4723000000.0,9418000000,-13800000000.0,8000000.0,153538359,USD,6553000000,13653000000,7100000000.0,7100000000.0,2936000000,2000000.0,0.0,3617000000,-1265000000.0,0.0,1265000000.0,2206000000.0,1557000000,374000000.0,1183000000.0,2822000000.0,5028000000,1021000000,0,0,0,0,0,1,0,0,0,0,0,0,1,0,0,0,0,0,0,0,0,0,0,0,0,0,1,0,0,0,0,0,0,0,1,0,0,1,0,0,0,0,0,0,0,0,357.6099853515625,2023-03-31,-0.20541929606037257
1107,1107,DDOG,2023-03-31,USD,3139744000.0,2462992000,222548000.0,222548000.0,34858000.0,367046000.0,676752000,138400000.0,14152000.0,14152000.0,348536000.0,1795342000.0,78056000.0,1627645000,772954000.0,41598000.0,20397000.0,854691000.0,106639000.0,739692000.0,846331000.0,148530000.0,6251000.0,1512099000,-226352000.0,3000.0,319286000,USD,381597000,481714000,100117000.0,100117000.0,-34970000,42321000.0,229478000.0,416567000,14546000.0,16727000.0,2181000.0,10275000.0,-20424000,3662000.0,-24086000.0,-18243000.0,-7968000,-24086000,0,0,0,0,0,0,0,0,0,0,0,0,0,0,0,0,0,0,0,0,0,0,0,0,0,0,0,0,0,0,0,0,0,0,0,0,0,0,0,0,0,0,0,0,0,0,72.66000366210938,2023-03-31,0.6948801998216658
250,250,FISV,2023-03-31,USD,76548000000.0,20289000000,1046000000.0,1046000000.0,1478040500.0,3340000000.0,56259000000,2047000000.0,11994000000.0,11994000000.0,37017000000.0,0.0,15903000000.0,45594000000,18863000000.0,425000000.0,586000000.0,26731000000.0,0.0,0.0,22529000000.0,15949000000.0,0.0,30077000000,17939000000.0,8000000.0,631300000,USD,2542000000,4547000000,2005000000.0,2005000000.0,934000000,368000000.0,0.0,1608000000,0.0,0.0,210000000.0,785000000.0,700000000,124000000.0,471000000.0,922000000.0,1707000000,563000000,0,0,0,0,0,1,0,0,1,0,0,0,1,0,0,0,0,0,0,1,1,0,0,1,0,0,0,0,0,0,0,0,0,1,1,0,1,1,0,0,0,0,1,0,0,0,113.02999877929688,2023-03-31,0.40290196440542836
816,816,FTNT,2023-03-31,USD,6832300000.0,4358700000,2304200000.0,2304200000.0,302700000.0,1087200000.0,2473600000,917400000.0,51100000.0,51100000.0,127800000.0,574900000.0,89700000.0,6820900000,3261800000.0,238400000.0,0.0,3559100000.0,0.0,990900000.0,990900000.0,489600000.0,2568200000.0,11400000,-1298700000.0,800000.0,793400000,USD,954500000,1262300000,307800000.0,307800000.0,273500000,52800000.0,151100000.0,681000000,15600000.0,20600000.0,5000000.0,27500000.0,269000000,21300000.0,269800000.0,296100000.0,323600000,247700000,0,0,0,0,0,0,0,0,0,0,0,0,0,0,0,0,0,1,0,1,0,0,0,0,0,0,0,0,0,0,0,0,0,0,0,0,0,0,0,0,0,0,0,0,0,0,66.45999908447266,2023-03-31,0.02046344611926587
274,274,GILD,2023-03-31,USD,61876000000.0,13456000000,4936000000.0,4936000000.0,1576000000.0,4162000000.0,48420000000,5479000000.0,28348000000.0,28348000000.0,8314000000.0,936000000.0,1846000000.0,40937000000,10527000000.0,627000000.0,2283000000.0,30410000000.0,0.0,22956000000.0,25239000000.0,3842000000.0,5052000000.0,20997000000,15223000000.0,1000000.0,1261000000,USD,4951000000,6352000000,1401000000.0,1401000000.0,1705000000,6700000.0,1447000000.0,3246000000,-230000000.0,0.0,230000000.0,640000000.0,1300000000,316000000.0,985000000.0,1530000000.0,2170000000,1010000000,0,0,0,0,0,0,0,0,0,0,0,0,0,0,0,0,0,0,0,1,0,0,0,0,0,0,0,0,0,0,0,0,0,0,0,0,0,1,0,0,0,0,0,0,0,0,75.3717041015625,2023-03-31,-0.08702941152653276
83,83,GOOGL,2023-03-31,USD,369491000000.0,161985000000,25924000000.0,25924000000.0,2315000000.0,36036000000.0,207506000000,132007000000.0,1968000000.0,1968000000.0,28994000000.0,89178000000.0,8532000000.0,108597000000,68854000000.0,4184000000.0,2625000000.0,39743000000.0,12799000000.0,13697000000.0,29121000000.0,53113000000.0,2373000000.0,260894000000,196625000000.0,70269000000.0,12823000000,USD,39175000000,69787000000,30612000000.0,30612000000.0,17415000000,3759000000.0,11468000000.0,21760000000,717000000.0,797000000.0,80000000.0,2635000000.0,18205000000,3154000000.0,15051000000.0,18285000000.0,20920000000,15051000000,0,0,0,0,0,0,0,0,0,0,0,0,0,0,0,0,0,0,0,0,0,0,0,0,0,0,0,0,0,0,0,0,0,0,0,0,0,0,0,0,0,0,0,0,0,0,102.95211791992188,2023-03-31,0.498988005163723
840,840,IDXX,2023-03-31,USD,2808398000.0,1149446000,111367000.0,111367000.0,391011000.0,519861000.0,1658952000,665439000.0,94361000.0,94361000.0,362942000.0,0.0,127207000.0,1967297000,1065629000.0,117709000.0,525690000.0,901668000.0,117381000.0,696362000.0,1320229000.0,311559000.0,199480000.0,841101000,3813583000.0,10732000.0,83959000,USD,542971000,900195000,357224000.0,357224000.0,280399000,70101000.0,44667000.0,262572000,-12711000.0,416000.0,13127000.0,28331000.0,267688000,53634000.0,214054000.0,280815000.0,309146000,214054000,0,0,0,0,0,0,0,0,0,0,0,0,1,0,0,0,0,0,0,0,0,0,0,0,0,0,0,0,0,0,0,0,0,0,0,0,0,0,0,0,0,0,0,0,0,0,500.0799865722656,2023-03-31,0.06464963093977705
11,11,INTC,2023-03-31,USD,185303000000.0,48314000000,8232000000.0,8232000000.0,12993000000.0,3847000000.0,136989000000,85734000000.0,5567000000.0,5567000000.0,27591000000.0,19302000000.0,3940000000.0,84900000000,27393000000.0,8083000000.0,1437000000.0,57507000000.0,0.0,48836000000.0,50273000000.0,13827000000.0,8671000000.0,98059000000,65649000000.0,32829000000.0,4154000000,USD,4008000000,11715000000,7707000000.0,7707000000.0,-1468000000,1303000000.0,4109000000.0,5476000000,141000000.0,334000000.0,193000000.0,2366000000.0,-1158000000,1610000000.0,-2768000000.0,-965000000.0,1401000000,-2758000000,0,0,0,0,0,0,0,0,0,0,0,0,0,0,0,0,0,0,0,1,0,0,0,0,0,0,0,0,0,0,0,0,0,0,0,0,0,0,0,0,0,0,0,0,0,0,31.886812210083008,2023-03-31,0.3817750619352118
321,321,ISRG,2023-03-31,USD,13053200000.0,6877000000,2143000000.0,2143000000.0,946600000.0,1057400000.0,6176200000,2580200000.0,44800000.0,44800000.0,348600000.0,2549200000.0,180800000.0,1759000000,1307400000.0,164100000.0,0.0,451599999.0,0.0,0.0,6120000000.0,600100000.0,451600000.0,11217700000,3397400000.0,400000.0,356000000,USD,1113000000,1696200000,583200000.0,583200000.0,387600000,480500000.0,244900000.0,725400000,34200000.0,0.0,28700000.0,92700000.0,421800000,61000000.0,360800000.0,387600000.0,480300000,355300000,0,0,0,0,0,0,0,0,0,0,0,0,0,0,0,0,0,1,0,1,1,1,0,0,0,0,0,0,0,0,0,0,0,0,0,0,0,1,0,0,0,0,0,0,0,0,255.47000122070312,2023-03-31,0.5456609121634415
344,344,JD,2023-03-31,CNY,80187431332.0,44400707233,11753748990.0,11753748990.0,9635396581.0,3045759147.0,35786724099,89084000000.0,1280295699.0,1280295699.0,3364887184.0,17817618254.0,2148184258.0,40313889272,32623092762.0,17670932863.0,3236974031.0,7690796510.0,22457000000.0,29336000000.0,9615023610.0,3423869090.0,1676000000.0,30778611290,29304000000.0,211506000000.0,1590000000,CNY,20647000000,242956000000,222309000000.0,222309000000.0,6427000000,2501000000.0,4186000000.0,14220000000,-590000000.0,2051000000.0,590000000.0,1960000000.0,7808000000,1609000000.0,6199000000.0,5955000000.0,7915000000,6261000000,0,0,0,0,0,0,0,0,0,0,0,0,0,0,0,0,0,0,0,0,0,0,0,0,0,0,0,0,0,0,0,0,0,0,0,0,0,0,0,0,0,0,0,0,0,0,40.83081817626953,2023-03-31,-0.35799623190577623
368,368,KHC,2023-03-31,USD,90943000000.0,8216000000,826000000.0,826000000.0,4016000000.0,2286000000.0,82727000000,6776000000.0,42665000000.0,42665000000.0,30888000000.0,0.0,1088000000.0,41590000000,8954000000.0,4804000000.0,842000000.0,32636000000.0,0.0,19263000000.0,20105000000.0,3308000000.0,1601000000.0,49153000000,831000000.0,12000000.0,1234000000,USD,2113000000,6489000000,4376000000.0,4376000000.0,1243000000,845000000.0,0.0,870000000,-227000000.0,6000000.0,227000000.0,220000000.0,1051000000,214000000.0,837000000.0,1278000000.0,1498000000,836000000,0,0,0,0,0,0,0,0,0,0,0,0,1,0,0,0,0,0,0,1,0,0,0,0,0,0,0,0,0,0,0,0,0,0,1,0,0,0,0,0,0,0,0,0,0,0,33.6526985168457,2023-03-31,0.0027180230729304533
864,864,KLAC,2023-03-31,USD,13683549000.0,8018750000,1568513000.0,1568513000.0,2749743000.0,1940067000.0,5664799000,984271000.0,999958000.0,999958000.0,2278817000.0,1321696000.0,438731000.0,11000768000,3418521000.0,410885000.0,33522000.0,7582247000.0,171333000.0,5889740000.0,5923262000.0,2075929000.0,1001978000.0,2682781000,721299000.0,1996773000.0,138645000,USD,1427262000,2432608000,1005346000.0,1005346000.0,860593000,238393000.0,328276000.0,566669000,-74774000.0,0.0,74774000.0,104854000.0,800683000,102846000.0,697837000.0,875457000.0,980311000,697837000,0,0,0,0,0,0,0,0,0,0,0,0,0,0,0,0,0,0,0,0,0,0,0,0,0,0,0,0,0,0,0,0,0,0,0,0,0,1,0,0,0,0,0,0,0,0,388.3438720703125,2023-03-31,0.8006932986474453
1203,1203,LCID,2023-03-31,USD,7260931000.0,4119832000,900038000.0,900038000.0,1017570000.0,2583000.0,3141099000,2536077000.0,986000000.0,986000000.0,4290000000.0,2078377000.0,121264000.0,3629080000,1014960000.0,145746000.0,35587000.0,2614120000.0,89084000.0,1993113000.0,2347133000.0,833627000.0,360770000.0,3631851000,-8149860000.0,183000.0,183172501,USD,-351092000,149432000,500524000.0,500524000.0,-772161000,168770000.0,229803000.0,421069000,32897000.0,40005000.0,7108000.0,55668000.0,-779399000,129000.0,-779528000.0,-772291000.0,-716623000,-779528000,0,0,0,0,0,0,0,0,0,1,1,1,0,0,0,0,0,0,0,0,0,0,0,0,0,0,0,0,0,0,0,0,0,0,0,0,0,0,0,0,0,0,0,0,0,0,80.4000015258789,2023-03-31,-0.6442786089716175
1179,1179,META,2023-03-31,USD,184491000000.0,52483000000,11551000000.0,11551000000.0,1478040500.0,11044000000.0,132008000000,97055000000.0,949000000.0,949000000.0,20649000000.0,25888000000.0,4000000000.0,59696000000,25381000000.0,3672000000.0,1479000000.0,34315000000.0,17650000000.0,9925000000.0,27575000000.0,16641000000.0,8219000000.0,124795000000,61241000000.0,66535000000.0,2596000000,USD,22537000000,28645000000,6108000000.0,6108000000.0,7227000000,2885000000.0,9381000000.0,15310000000,80000000.0,193000000.0,55000000.0,2524000000.0,7307000000,1598000000.0,5709000000.0,7227000000.0,9751000000,5709000000,0,0,0,0,0,1,0,0,0,0,0,0,0,0,0,0,0,0,0,0,0,0,0,0,0,0,0,0,0,0,0,0,0,0,0,0,0,0,0,0,0,0,0,0,0,0,210.46978759765625,2023-03-31,1.3208046371337838
935,935,MRNA,2023-03-31,USD,24125000000.0,12122000000,3441000000.0,3441000000.0,732000000.0,1521000000.0,12003000000,2047000000.0,48000000.0,48000000.0,52000000.0,5482000000.0,946000000.0,5262000000,3499000000.0,389000000.0,181000000.0,1763000000.0,927000000.0,0.0,1108000000.0,1644000000.0,163000000.0,18863000000,18399000000.0,8000000.0,405000000,USD,1046000000,1838000000,792000000.0,792000000.0,-366000000,305000000.0,1131000000.0,1412000000,109000000.0,109000000.0,9000000.0,78000000.0,-305000000,-384000000.0,79000000.0,-296000000.0,-218000000,79000000,0,0,0,0,0,0,0,0,1,0,0,0,0,0,0,0,0,0,0,0,1,0,0,0,0,0,1,0,0,0,0,0,0,0,0,0,0,0,0,0,0,0,0,0,0,0,153.5800018310547,2023-03-31,-0.31241048824647033
35,35,MSFT,2023-03-31,USD,380088000000.0,163889000000,26562000000.0,26562000000.0,2877000000.0,37420000000.0,216199000000,88132000000.0,9879000000.0,9879000000.0,67940000000.0,77865000000.0,19165000000.0,185405000000,85691000000.0,15305000000.0,6245000000.0,99714000000.0,12312000000.0,41965000000.0,60522000000.0,27238000000.0,57447000000.0,194683000000,108234000000.0,92093000000.0,7464000000,USD,36729000000,52857000000,16128000000.0,16128000000.0,22352000000,1643000000.0,6984000000.0,14377000000,252000000.0,748000000.0,496000000.0,3549000000.0,22673000000,4374000000.0,18299000000.0,23169000000.0,26718000000,18299000000,0,0,0,0,0,0,0,0,0,0,0,0,0,0,0,0,0,0,0,0,0,0,0,0,0,0,0,0,0,0,0,0,0,0,0,0,0,0,0,0,0,0,0,0,0,0,281.63037109375,2023-03-31,0.48475434265117157
911,911,MTCH,2023-03-31,USD,4203909000.0,950929000,569879000.0,569879000.0,1.0,256876000.0,3252980000,187295000.0,340078000.0,340078000.0,2316983000.0,8448000.0,115726000.0,4538427000,552366000.0,14393000.0,0.0,3986061000.0,0.0,3837322000.0,3837322000.0,282261000.0,106864000.0,-334518000,-7661759000.0,288000.0,296650000,USD,547114000,787124000,240010000.0,240010000.0,198289000,90611000.0,98186000.0,348825000,-39351000.0,0.0,39351000.0,22669000.0,162330000,41639000.0,120691000.0,201681000.0,224350000,120809000,0,0,0,0,0,0,0,0,0,0,0,0,0,0,0,0,0,1,0,1,0,0,0,0,0,0,0,0,0,0,0,0,0,0,0,0,0,1,0,0,0,0,0,0,0,0,37.288482666015625,2023-03-31,-0.06460011261436371
415,415,NXPI,2023-03-31,USD,23732000000.0,7357000000,3930000000.0,3930000000.0,1977000000.0,1063000000.0,16375000000,2047000000.0,1208000000.0,1208000000.0,9949000000.0,0.0,387000000.0,15484000000,4213000000.0,1002000000.0,998000000.0,11271000000.0,0.0,10169000000.0,11167000000.0,2036000000.0,1064000000.0,7949000000,-3652000000.0,56000000.0,261209999,USD,1768000000,3121000000,1353000000.0,1353000000.0,825000000,280000000.0,577000000.0,943000000,-82000000.0,42000000.0,111000000.0,279000000.0,741000000,118000000.0,623000000.0,843000000.0,1122000000,615000000,0,0,0,0,0,0,0,0,1,0,0,0,1,0,0,0,0,0,0,1,0,0,0,0,0,0,0,0,0,0,0,0,0,0,0,0,0,0,0,0,0,0,0,0,0,0,177.31039428710938,2023-03-31,0.3463767534745914
981,981,PDD,2023-03-31,CNY,237119953000.0,216617876000,34326192000.0,34326192000.0,-6906526000.0,6906526000.0,20502077000,2047000000.0,134002000.0,134002000.0,4290000000.0,115112554000.0,67179130000.0,119349042000,116889480000.0,63316695000.0,14487787000.0,2459562000.0,1707845000.0,1554736000.0,16934324000.0,37695343000.0,0.0,117770911000,15193035000.0,170000.0,1161842400,CNY,26511765000,37637050000,11125285000.0,11125285000.0,6929018000,816402000.0,2506657000.0,19582747000,1451912000.0,1463599000.0,11687000.0,556042000.0,9698802000,1597775000.0,8101027000.0,6929018000.0,7485060000,8101027000,0,0,0,0,0,0,0,0,1,0,0,1,0,0,0,0,0,0,0,0,0,0,0,1,0,0,0,0,0,0,0,0,0,0,0,0,0,0,0,0,0,0,0,0,0,0,75.9000015258789,2023-03-31,0.569960490995254
439,439,PYPL,2023-03-31,USD,77186000000.0,56560000000,7101000000.0,7101000000.0,13000000.0,43738000000.0,20626000000,1633000000.0,730000000.0,730000000.0,11195000000.0,3546000000.0,2162000000.0,57328000000,43909000000.0,39168000000.0,151000000.0,13419000000.0,0.0,10481000000.0,11161000000.0,4741000000.0,0.0,19858000000,19749000000.0,8000000.0,1134000000,USD,3315000000,7040000000,3725000000.0,3725000000.0,999000000,507000000.0,721000000.0,2316000000,21000000.0,108000000.0,87000000.0,270000000.0,1074000000,279000000.0,1353000000.0,1161000000.0,1431000000,795000000,0,0,0,0,0,0,0,0,0,0,0,0,0,0,0,0,0,0,0,1,0,0,0,1,0,0,1,0,0,0,0,0,0,0,0,0,0,0,0,0,0,0,0,0,0,0,75.5361557006836,2023-03-31,-0.1436661641756749
463,463,QCOM,2023-03-31,USD,48362000000.0,19073000000,3488000000.0,3488000000.0,6858000000.0,3691000000.0,29289000000,5281000000.0,1727000000.0,1727000000.0,10579000000.0,3188000000.0,1848000000.0,28664000000,7866000000.0,1430000000.0,499000000.0,20798000000.0,0.0,15486000000.0,15985000000.0,5660000000.0,5208000000.0,19698000000,19280000000.0,8000000.0,1123000000,USD,5122000000,9275000000,4153000000.0,4153000000.0,2090000000,614000000.0,2210000000.0,3032000000,-179000000.0,59000000.0,179000000.0,470000000.0,1895000000,193000000.0,1702000000.0,2074000000.0,2544000000,1704000000,0,0,0,0,0,0,0,0,0,0,0,0,0,0,0,0,0,0,0,1,0,0,0,0,0,0,1,0,0,0,0,0,0,0,0,0,0,0,0,0,0,0,0,0,0,0,119.9123992919922,2023-03-31,0.38058038228030777
487,487,REGN,2023-03-31,USD,30059900000.0,16909200000,3916300000.0,3916300000.0,2424700000.0,5118600000.0,13150700000,2047000000.0,928700000.0,928700000.0,4290000000.0,5043400000.0,406200000.0,6564700000,3100100000.0,599500000.0,0.0,3464600000.0,720000000.0,1981800000.0,2701800000.0,2074300000.0,1482800000.0,23495200000,24124500000.0,100000.0,114000000,USD,2605100000,3162100000,557000000.0,557000000.0,1002800000,601100000.0,1001700000.0,1602300000,-18000000.0,95200000.0,18000000.0,99500000.0,858000000,40200000.0,817800000.0,876000000.0,975500000,817800000,0,0,0,0,0,0,0,0,1,0,0,1,0,0,0,0,0,1,0,0,0,0,0,0,0,0,0,0,0,0,0,0,0,0,0,0,0,0,0,0,0,0,0,0,0,0,816.15625,2023-03-31,0.1796829381963856
582,582,SBUX,2023-03-31,USD,28609000000.0,7046200000,3071800000.0,3071800000.0,2000600000.0,1185800000.0,21562800000,6818600000.0,130800000.0,130800000.0,3412300000.0,379400000.0,408600000.0,37108400000,9121800000.0,1434000000.0,3211000000.0,27986600000.0,9023000000.0,13544800000.0,24509300000.0,2336500000.0,488100000.0,-8506900000,-8024600000.0,1100000.0,1152700000,USD,2282100000,8719800000,6437700000.0,6437700000.0,1327500000,620400000.0,0.0,954600000,-117900000.0,18400000.0,136300000.0,366800000.0,1209600000,301300000.0,908300000.0,1345900000.0,1712700000,908300000,0,0,0,0,0,0,0,0,0,0,0,0,0,0,0,0,0,0,0,0,0,0,0,0,0,0,0,0,0,0,0,0,0,0,1,0,0,0,0,0,0,0,0,0,0,0,96.68853759765624,2023-03-31,-0.10166248986046089
996,996,SGEN,2023-03-31,USD,3543296000.0,1490272000,335847000.0,335847000.0,477694000.0,495777000.0,2053024000,263997000.0,231826000.0,231826000.0,274671000.0,1154425000.0,136979000.0,820140000,713228000.0,141475000.0,0.0,106912000.0,91125000.0,0.0,91125000.0,571753000.0,106912000.0,2723156000,-2329084000.0,187000.0,186889000,USD,407943000,519719000,111776000.0,111776000.0,-184513000,236441000.0,356015000.0,592456000,0.0,0.0,50892000.0,-14400000.0,-170113000,4624000.0,-174737000.0,-184513000.0,-198913000,-174737000,0,0,0,0,0,0,0,0,0,0,0,0,0,0,0,0,0,1,0,0,1,0,0,0,0,0,0,0,0,0,0,0,0,0,0,0,1,1,0,0,0,0,0,0,0,0,,,
534,534,SIRI,2023-03-31,USD,10023000000.0,980000000,53000000.0,53000000.0,1478040500.0,587000000.0,9043000000,1883000000.0,3013000000.0,3013000000.0,3249000000.0,0.0,340000000.0,13282000000,2796000000.0,1170000000.0,170000000.0,10486000000.0,358000000.0,9391000000.0,9871000000.0,149000000.0,584000000.0,-3259000000,-3254000000.0,4000000.0,393900000,USD,1030000000,2144000000,1114000000.0,1114000000.0,412000000,147000000.0,79000000.0,618000000,-107000000.0,0.0,107000000.0,146000000.0,308000000,75000000.0,233000000.0,415000000.0,561000000,233000000,0,0,0,0,0,1,0,0,0,0,0,0,1,0,0,0,0,0,0,0,0,0,0,0,0,0,0,0,0,0,0,0,0,0,0,0,0,1,0,0,0,0,0,0,0,0,35.52613830566406,2023-03-31,-0.01349387799630708
558,558,SWKS,2023-03-31,USD,8841700000.0,3003400000,832600000.0,832600000.0,1257000000.0,685000000.0,5838300000,1496300000.0,1321600000.0,1321600000.0,2176700000.0,228800000.0,127000000.0,3108800000,1117900000.0,165800000.0,528400000.0,1990900000.0,228100000.0,1491100000.0,2019500000.0,151500000.0,449000000.0,5732900000,5642600000.0,39700000.0,159900000,USD,523600000,1153100000,629500000.0,629500000.0,296400000,79000000.0,148200000.0,227200000,-18900000.0,0.0,18900000.0,150400000.0,259800000,27000000.0,232800000.0,278700000.0,429100000,232800000,0,0,0,0,0,0,0,0,0,0,0,0,0,0,0,0,0,0,0,0,0,0,0,0,0,0,0,0,0,0,0,0,0,0,0,0,0,1,0,0,0,0,0,0,0,0,106.61546325683594,2023-03-31,-0.06845601304451554
155,155,ADI,2023-04-30,USD,49544739000.0,4744920000,1177609000.0,1177609000.0,1648136000.0,1616256000.0,44799819000,2742016000.0,12261693000.0,12261693000.0,26913134000.0,0.0,302919000.0,13531515000,2646410000.0,569002000.0,253635000.0,10885105000.0,0.0,6475646000.0,6729281000.0,1514805000.0,1084109000.0,36013224000,9839790000.0,83571000.0,508725000,USD,2144545999,3262930000,1118384000.0,1118384000.0,1128384000,324251000.0,415754000.0,1016162000,-50677000.0,12575000.0,63252000.0,581796000.0,1087923000,110267000.0,977656000.0,1151175000.0,1732971000,977656000,0,0,0,0,0,0,0,0,0,0,0,0,1,0,0,0,0,0,0,1,0,0,0,0,0,0,0,0,0,0,0,0,0,0,0,0,0,0,0,0,0,0,0,0,0,0,173.54615783691406,2023-05-01,0.11998544689898538
202,202,ADSK,2023-04-30,USD,9069000000.0,2833000000,1909000000.0,1909000000.0,1478040500.0,331000000.0,6236000000,140000000.0,426000000.0,426000000.0,3624000000.0,222000000.0,371000000.0,8172000000,3926000000.0,127000000.0,74000000.0,4246000000.0,402000000.0,2282000000.0,2684000000.0,432000000.0,141000000.0,897000000,-2271000000.0,3368000000.0,216000000,USD,1112000000,1249000000,137000000.0,137000000.0,198000000,132000000.0,327000000.0,914000000,4000000.0,2000000.0,4000000.0,33000000.0,221000000,60000000.0,161000000.0,221000000.0,254000000,161000000,0,0,0,0,0,1,0,0,0,0,0,0,0,0,0,0,0,0,0,0,0,0,0,0,0,0,0,0,0,0,0,0,0,0,0,0,0,0,0,0,0,0,0,0,0,0,196.47000122070312,2023-05-01,0.08337153143503118
179,179,AMAT,2023-04-30,USD,29092000000.0,17773000000,4588000000.0,4588000000.0,5940000000.0,5701000000.0,11319000000,2559000000.0,328000000.0,328000000.0,3711000000.0,510000000.0,1034000000.0,14963000000,7871000000.0,1468000000.0,304000000.0,7092000000.0,464000000.0,5459000000.0,6122000000.0,1904000000.0,811000000.0,14129000000,40696000000.0,8000000.0,847000000,USD,3094000000,6630000000,3536000000.0,3536000000.0,1911000000,214000000.0,775000000.0,1183000000,-134000000.0,0.0,61000000.0,129000000.0,1777000000,202000000.0,1575000000.0,1911000000.0,2040000000,1575000000,0,0,0,0,0,0,0,0,0,0,0,0,0,0,0,0,0,0,0,0,0,0,0,0,0,0,0,0,0,0,0,0,0,0,0,0,0,1,0,0,0,0,0,0,0,0,110.06522369384766,2023-05-01,0.7738979649143527
698,698,AVGO,2023-04-30,USD,71667000000.0,17871000000,11553000000.0,11553000000.0,1886000000.0,3031000000.0,53796000000,2209000000.0,5434000000.0,5434000000.0,43614000000.0,0.0,1401000000.0,49660000000,7511000000.0,831000000.0,1117000000.0,42149000000.0,52000000.0,38194000000.0,39311000000.0,2136000000.0,3955000000.0,22007000000,1363000000.0,8000000.0,4270000000,USD,6115000000,8733000000,2618000000.0,2618000000.0,4008000000,438000000.0,1312000000.0,2098000000,-405000000.0,0.0,405000000.0,939000000.0,3716000000,235000000.0,3481000000.0,4121000000.0,5060000000,3481000000,0,0,0,0,0,0,0,0,0,0,0,0,1,0,0,0,0,0,0,0,0,0,0,0,0,0,1,0,0,0,0,0,0,0,0,0,0,1,0,0,0,0,0,0,0,0,61.4342155456543,2023-05-01,1.0785067084203401
792,792,CPRT,2023-04-30,USD,6349805000.0,3001030000,2114183000.0,2114183000.0,44999000.0,694262000.0,3348775000,2710933000.0,49676000.0,49676000.0,406640000.0,0.0,147586000.0,757383000,506564000.0,441466000.0,20900000.0,250819000.0,106916000.0,22368000.0,129284000.0,-20900000.0,151761000.0,5592422000,4843338000.0,48000.0,967380000,USD,483430000,1021831000,538401000.0,538401000.0,418924000,60225000.0,0.0,64506000,17878000.0,17878000.0,17878000.0,37371000.0,440430000,89999000.0,350431000.0,418779000.0,456150000,350431000,0,0,0,0,0,0,0,0,0,0,0,0,1,0,0,0,0,0,0,0,0,0,0,0,0,0,0,0,0,0,0,0,0,0,1,0,0,0,0,0,0,0,0,0,0,0,39.20000076293945,2023-05-01,0.38545919174156973
1083,1083,CRWD,2023-04-30,USD,5137858000.0,3521869000,2829677000.0,2829677000.0,186901000.0,461092000.0,1615989000,523721000.0,83215000.0,83215000.0,430755000.0,100000000.0,131100000.0,3503499000,2080064000.0,16900000.0,16215000.0,1423435000.0,52989000.0,741377000.0,794366000.0,258644999.0,29797000.0,1605301000,-1147672000.0,118000.0,240598000,USD,523350000,692580000,169230000.0,169230000.0,-19456000,82634000.0,179065000.0,542806000,24134000.0,30521000.0,6387000.0,30583000.0,4908000,4409000.0,499000.0,11295000.0,41878000,491000,0,0,0,0,0,0,0,0,0,0,0,0,0,0,0,0,0,0,0,0,0,0,0,0,0,0,0,0,0,0,0,0,0,0,0,0,0,0,0,0,0,0,0,0,0,0,118.79000091552734,2023-05-01,1.4626652604620296
1275,1275,CSCO,2023-04-30,USD,97529000000.0,39950000000,8044000000.0,8044000000.0,3474000000.0,8506000000.0,57579000000,2047000000.0,1966000000.0,1966000000.0,38369000000.0,15244000000.0,4682000000.0,55234000000,28719000000.0,2442000000.0,1731000000.0,26515000000.0,0.0,6663000000.0,8394000000.0,8165000000.0,2116000000.0,42295000000,262000000.0,43639000000.0,4110000000,USD,9232000000,14571000000,5339000000.0,5339000000.0,3946000000,641000000.0,1962000000.0,5286000000,153000000.0,153000000.0,109000000.0,451000000.0,3957000000,745000000.0,3212000000.0,4066000000.0,4517000000,3212000000,0,0,0,0,0,0,0,0,0,0,0,0,0,0,0,0,0,0,0,1,0,0,0,0,0,0,0,0,0,0,0,0,0,0,0,0,0,0,0,0,0,0,0,0,0,0,43.80617904663086,2023-05-01,0.02327194423803758
297,297,INTU,2023-04-30,USD,28921000000.0,6649000000,3745000000.0,3745000000.0,388000000.0,1419000000.0,22272000000,938000000.0,6580000000.0,6580000000.0,13778000000.0,523000000.0,962000000.0,11329000000,4415000000.0,921000000.0,588000000.0,6914000000.0,586000000.0,6109000000.0,7196000000.0,953000000.0,615000000.0,17592000000,15200000000.0,18760000000.0,283000000,USD,5037000000,6018000000,981000000.0,981000000.0,2778000000,332000000.0,604000000.0,2259000000,-38000000.0,28000000.0,66000000.0,193000000.0,2734000000,647000000.0,2087000000.0,2800000000.0,2993000000,2087000000,0,0,0,0,0,0,0,0,0,0,0,0,0,0,0,0,0,0,0,0,0,0,0,0,0,0,0,0,0,0,0,0,0,0,0,0,0,0,0,0,0,0,0,0,0,0,434.6787414550781,2023-05-01,0.42283417627610187
887,887,MRVL,2023-04-30,USD,22273200000.0,3202900000,1028300000.0,1028300000.0,1026000000.0,1000900000.0,19070300000,2047000000.0,5228200000.0,5228200000.0,11586900000.0,39900000.0,147700000.0,6779300000,3061400000.0,388400000.0,1561000000.0,3717900000.0,233800000.0,3154900000.0,4906300000.0,913100000.0,563000000.0,15493900000,903200000.0,1700000.0,856700000,USD,557200000,1321700000,764500000.0,764500000.0,-182400000,199000000.0,480700000.0,739600000,-50200000.0,2500000.0,52700000.0,348400000.0,-232300000,-63400000.0,-168900000.0,-179600000.0,168800000,-168900000,0,0,0,0,0,0,0,0,1,0,0,0,0,0,0,0,0,0,0,0,0,0,0,0,0,0,0,0,0,0,0,0,0,0,0,0,0,0,0,0,0,0,0,0,0,0,39.63053894042969,2023-05-01,0.6539869252860839
391,391,NVDA,2023-04-30,USD,44460000000.0,24883000000,5079000000.0,5079000000.0,4611000000.0,4080000000.0,19577000000,3740000000.0,1541000000.0,1541000000.0,4430000000.0,10241000000.0,872000000.0,19940000000,7260000000.0,1141000000.0,1437000000.0,12680000000.0,939000000.0,9704000000.0,12080000000.0,4315000000.0,2037000000.0,24520000000,12115000000.0,2000000.0,24900000000,USD,4648000000,7192000000,2544000000.0,2544000000.0,2140000000,633000000.0,1875000000.0,2508000000,84000000.0,150000000.0,66000000.0,384000000.0,2209000000,166000000.0,2043000000.0,2275000000.0,2659000000,2043000000,0,0,0,0,0,0,0,0,0,0,0,0,0,0,0,0,0,0,0,0,0,0,0,0,0,0,0,0,0,0,0,0,0,0,0,0,0,0,0,0,0,0,0,0,0,0,28.8859920501709,2023-05-01,1.9896133791503878
958,958,OKTA,2023-04-30,USD,8900000000.0,2843000000,125000000.0,125000000.0,95000000.0,290000000.0,6057000000,54000000.0,227000000.0,227000000.0,5406000000.0,2245000000.0,183000000.0,3366000000,1362000000.0,10000000.0,0.0,2004000000.0,134000000.0,1831000000.0,1965000000.0,179000000.0,25000000.0,5534000000,-2594000000.0,8000000.0,161323000,USD,376000000,518000000,142000000.0,142000000.0,-160000000,110000000.0,163000000.0,536000000,14000000.0,17000000.0,3000000.0,25000000.0,-115000000,4000000.0,-119000000.0,-112000000.0,-87000000,-119000000,0,0,0,0,0,0,0,0,0,0,0,0,0,0,0,0,0,1,0,0,0,0,0,0,0,0,1,0,0,0,0,0,0,0,0,0,0,0,0,0,0,0,0,0,0,0,68.63999938964844,2023-05-01,0.3546037905553341
1131,1131,PANW,2023-04-30,USD,14170500000.0,6413600000,1992900000.0,1992900000.0,317300000.0,1443600000.0,7756900000,341700000.0,340600000.0,340600000.0,2926800000.0,1965300000.0,694500000.0,12938100000,8641200000.0,91600000.0,3682100000.0,4296900000.0,264500000.0,0.0,3946600000.0,720800000.0,4296900000.0,1232400000,-1455100000.0,2708200000.0,689400000,USD,1246100000,1720900000,474800000.0,474800000.0,78700000,114200000.0,413700000.0,1167400000,-7800000.0,65900000.0,7800000.0,72300000.0,131000000,23200000.0,107800000.0,138800000.0,211100000,107800000,0,0,0,0,0,0,0,0,0,0,0,0,0,0,0,0,0,0,0,0,1,0,0,0,0,0,0,0,0,0,0,0,0,0,0,0,0,0,0,0,0,0,0,0,0,0,91.6500015258789,2023-05-01,0.5869613191784828
510,510,ROST,2023-04-30,USD,13618904000.0,7039628000,4416480000.0,4416480000.0,2241735000.0,170816000.0,6579276000,2047000000.0,986000000.0,986000000.0,4290000000.0,0.0,210597000.0,9308508000,3781167000.0,2061529000.0,654709000.0,5527341000.0,0.0,0.0,5731736000.0,906759000.0,0.0,4310396000,3079530000.0,3410000.0,340044000,USD,1202080000,4494686000,3292606000.0,3292606000.0,455858000,368000000.0,0.0,746222000,0.0,0.0,19431000.0,99379000.0,487255000,116064000.0,471000000.0,506686000.0,606065000,371191000,0,0,0,0,0,0,0,0,1,1,1,1,1,0,0,0,0,0,0,1,1,0,0,1,0,0,0,0,0,0,0,0,0,1,1,0,1,1,0,0,0,0,1,0,0,0,102.68335723876952,2023-05-01,0.2386657079958836
1012,1012,SPLK,2023-04-30,USD,5966110000.0,3619593000,801457000.0,801457000.0,112289000.0,774062000.0,2346517000,110962000.0,105404000.0,105404000.0,1416920000.0,1661485000.0,382589000.0,6122106000,2719423000.0,14842000.0,776032000.0,3402683000.0,195601000.0,3100941000.0,4072574000.0,456420000.0,29911000.0,-155996000,-3983155000.0,172000.0,164991000,USD,544273000,751508000,207235000.0,207235000.0,-206556000,107372000.0,236952000.0,750829000,13080000.0,23938000.0,10858000.0,50221000.0,-191870000,4550000.0,-196420000.0,-206556000.0,-156335000,-196420000,0,0,0,0,0,0,0,0,0,0,0,0,0,0,0,0,0,0,0,0,0,0,0,0,0,0,0,0,0,0,0,0,0,0,0,0,0,0,0,0,0,0,0,0,0,0,,,
1036,1036,WDAY,2023-04-30,USD,13252796000.0,7681127000,1443651000.0,1443651000.0,191966000.0,1089286000.0,5571669000,1218117000.0,312882000.0,312882000.0,2840044000.0,4885310000.0,262880000.0,7310933000,4044089000.0,113263000.0,95008000.0,3266844000.0,278023000.0,2976889000.0,3254912000.0,608268000.0,289955000.0,5941863000,-3111198000.0,261000.0,261371000,USD,1250542000,1667986000,417000000.0,417000000.0,-36126000,168000000.0,600000000.0,1286668000,34149000.0,62695000.0,29000000.0,70000000.0,6909000,6773000.0,136000.0,35896000.0,105896000,136000,0,0,0,0,0,0,0,0,0,0,0,0,0,0,0,0,0,0,0,0,0,0,0,0,0,0,0,0,0,0,0,0,0,0,0,0,0,0,0,0,0,0,0,0,0,0,186.33999633789065,2023-05-01,0.3133519402016607
1060,1060,ZM,2023-04-30,USD,8536210000.0,6567679000,1029546000.0,1029546000.0,209607000.0,607840000.0,1968531000,255218000.0,82638000.0,82638000.0,304162000.0,4566845000.0,363448000.0,2012103000,1843893000.0,16520000.0,22659000.0,168210000.0,68470000.0,0.0,91129000.0,380633000.0,71164000.0,6524107000,2167262000.0,298000.0,304115913,USD,841417000,1105364000,263947000.0,263947000.0,9742000,199900000.0,209271000.0,831675000,0.0,2275000.0,33488000.0,24076000.0,43230000,27786000.0,15444000.0,9742000.0,33818000,15444000,0,0,0,0,0,0,0,0,0,0,0,0,0,0,0,0,0,0,0,0,1,0,0,0,0,0,0,0,0,0,0,0,0,0,0,0,1,0,0,0,0,0,0,0,0,0,61.68000030517578,2023-05-01,-0.009403401883673834
1155,1155,ZS,2023-04-30,USD,3200712000.0,2527250000,1275297000.0,1275297000.0,103896000.0,376339000.0,673462000,222801000.0,28841000.0,28841000.0,89192000.0,693110000.0,182504000.0,2599438000,1289142000.0,24783000.0,31054000.0,1310296000.0,73938000.0,1140840000.0,1214778000.0,174404000.0,10100000.0,601274000,-1059700000.0,146000.0,145354000,USD,322918000,418800000,95882000.0,95882000.0,-48144000,43486000.0,92285000.0,371062000,17194000.0,18577000.0,1437000.0,25835000.0,-39361000,6685000.0,-46046000.0,-37924000.0,-12089000,-46046000,0,0,0,0,0,0,0,0,0,0,0,0,0,0,0,0,0,0,0,0,0,0,0,0,0,0,0,0,0,0,0,0,0,0,0,0,0,0,0,0,0,0,0,0,0,0,88.73999786376953,2023-05-01,0.9488393802634247
58,58,ADBE,2023-05-31,USD,27838000000.0,9274000000,5456000000.0,5456000000.0,1478040500.0,1685000000.0,18564000000,2032000000.0,1258000000.0,1258000000.0,12796000000.0,1145000000.0,988000000.0,13000000000,8019000000.0,346000000.0,74000000.0,4981000000.0,482000000.0,3631000000.0,4113000000.0,1786000000.0,347000000.0,14838000000,30609000000.0,8000000.0,459000000,USD,4244000000,4816000000,572000000.0,572000000.0,1624000000,357000000.0,876000000.0,2620000000,-26000000.0,0.0,26000000.0,235000000.0,1650000000,355000000.0,1295000000.0,1676000000.0,1911000000,1295000000,0,0,0,0,0,1,0,0,0,0,0,0,0,0,0,0,0,0,0,0,0,0,0,0,0,0,1,0,0,0,0,0,0,0,0,0,0,1,0,0,0,0,0,0,0,0,417.7900085449219,2023-05-31,0.06455396411856329
745,745,CTAS,2023-05-31,USD,8828875000.0,1834041000,124149000.0,124149000.0,506604000.0,1152993000.0,6994834000,1396476000.0,477540000.0,477540000.0,3056201000.0,0.0,50295000.0,4964889000,1230062000.0,302292000.0,43710000.0,3734827000.0,181988000.0,2486405000.0,2668393000.0,871590000.0,467547000.0,3863986000,9597315000.0,2031542000.0,413672000,USD,1088778000,2284471000,1195693000.0,1195693000.0,470798000,617980000.0,24500000.0,617980000,-24929000.0,844000.0,25773000.0,105080000.0,445869000,99668000.0,346201000.0,471642000.0,576722000,346201000,0,0,0,0,0,0,0,0,0,0,0,0,1,0,0,0,0,0,0,0,0,0,0,0,0,0,0,0,0,0,0,0,0,0,0,0,0,0,0,0,0,0,0,0,0,0,115.26353454589844,2023-05-31,0.4496113337845786
768,768,STZ,2023-05-31,USD,24759200000.0,3652600000,192500000.0,192500000.0,1951400000.0,933100000.0,21106600000,7190100000.0,2727400000.0,2727400000.0,7953900000.0,0.0,575600000.0,15851000000,3190500000.0,1003300000.0,1377200000.0,12660500000.0,0.0,10979800000.0,12357000000.0,810000000.0,1680700000.0,8585000000,12316700000.0,2100000.0,183863000,USD,1266700000,2514900000,1248200000.0,1248200000.0,788800000,465200000.0,0.0,477900000,-118200000.0,533600000.0,118000000.0,105700000.0,230400000,91200000.0,139200000.0,348400000.0,454100000,135900000,0,0,0,0,0,0,0,0,0,0,0,0,1,0,0,0,0,0,0,1,0,0,0,0,0,0,0,0,0,0,0,0,0,0,1,0,0,0,0,0,0,0,0,0,0,0,230.04576110839844,2023-05-31,0.04509766634061352
1250,1250,AAPL,2023-06-30,USD,335038000000.0,122659000000,28408000000.0,28408000000.0,7351000000.0,39186000000.0,212379000000,43550000000.0,986000000.0,986000000.0,4290000000.0,34074000000.0,13640000000.0,274764000000,124963000000.0,46699000000.0,11209000000.0,149801000000.0,0.0,98071000000.0,109280000000.0,58897000000.0,51730000000.0,60274000000,1408000000.0,70667000000.0,15775021000,USD,36413000000,81797000000,45384000000.0,45384000000.0,22998000000,5973000000.0,7442000000.0,13415000000,-18000000.0,980000000.0,998000000.0,3052000000.0,22733000000,2852000000.0,19881000000.0,22998000000.0,26050000000,19881000000,0,0,0,0,0,0,0,0,0,1,1,1,0,0,0,0,0,0,0,1,0,0,0,0,0,0,0,0,0,0,0,0,0,0,0,0,0,0,0,0,0,0,0,0,0,0,191.46453857421875,2023-06-30,0.12337521577453314
225,225,ADP,2023-06-30,USD,50971000000.0,42170600000,2083500000.0,2083500000.0,1.0,3009600000.0,8800400000,681400000.0,1343600000.0,1343600000.0,2339400000.0,14700000.0,37062800000.0,47461900000,42767600000.0,96800000.0,105400000.0,4694300000.0,349900000.0,2989000000.0,3444300000.0,42438000000.0,933700000.0,3509100000,22118000000.0,63900000.0,414300000,USD,2188700000,4477800000,2289100000.0,2289100000.0,1037800000,957200000.0,222300000.0,1150900000,195500000.0,302400000.0,108000000.0,140400000.0,1005600000,228900000.0,776700000.0,1113500000.0,1253900000,776700000,0,0,0,0,0,0,0,0,0,0,0,0,0,0,0,0,0,0,0,0,0,0,0,0,0,0,0,0,0,0,0,0,0,0,0,0,0,0,0,0,0,0,0,0,0,0,208.0956115722656,2023-06-30,0.09669686078807382
653,653,AEP,2023-06-30,USD,96002100000.0,8041300000,304900000.0,304900000.0,1681800000.0,2385900000.0,87960800000,74681400000.0,986000000.0,986000000.0,52500000.0,202500000.0,3466200000.0,71878500000,13267100000.0,2433900000.0,7364500000.0,58611400000.0,650200000.0,36762000000.0,44660100000.0,1720000000.0,568200000.0,23901400000,12405500000.0,3421500000.0,516242919,USD,1359000000,4497300000,3138300000.0,3138300000.0,998600000,631200000.0,0.0,360400000,-460000000.0,0.0,460500000.0,741600000.0,544699999,28600000.0,516100000.0,985800000.0,1727400000,521200000,0,0,0,0,0,0,0,0,0,1,1,0,0,0,0,0,0,0,0,0,0,0,0,0,0,0,0,0,0,0,0,0,0,0,1,0,0,1,0,0,0,0,0,0,0,0,75.90558624267578,2023-06-30,0.08196774038890164
629,629,ALGN,2023-06-30,USD,6144550000.0,2465456000,951956000.0,951956000.0,312736000.0,1045643000.0,3679094000,1279042000.0,89296000.0,89296000.0,414765000.0,55805000.0,99316000.0,2506249000,2107065000.0,110155000.0,28770000.0,399184000.0,104650000.0,104650000.0,133420000.0,458084000.0,181225000.0,3638301000,2485327000.0,8000.0,76689000,USD,713609000,1002173000,288564000.0,288564000.0,171931000,453193000.0,88485000.0,541678000,4421000.0,4421000.0,342000.0,35819000.0,171589000,59775000.0,111814000.0,171931000.0,207750000,111814000,0,0,0,0,0,0,0,0,0,0,0,0,0,0,0,0,0,0,0,0,0,0,0,0,0,0,0,0,0,0,0,0,0,0,0,0,0,0,0,0,0,0,0,0,0,0,353.6400146484375,2023-06-30,-0.32518948788392477
605,605,AMD,2023-06-30,USD,67967000000.0,16505000000,3841000000.0,3841000000.0,4567000000.0,4314000000.0,51462000000,2002000000.0,22598000000.0,22598000000.0,24177000000.0,2444000000.0,1339000000.0,12831000000,7572000000.0,2779000000.0,753000000.0,5259000000.0,393000000.0,1714000000.0,2860000000.0,2557000000.0,1787000000.0,55136000000,-243000000.0,16000000.0,1627000000,USD,2443000000,5359000000,2916000000.0,2916000000.0,-20000000,547000000.0,1443000000.0,2463000000,-28000000.0,28000000.0,28000000.0,873000000.0,-2000000,-23000000.0,21000000.0,-20000000.0,853000000,27000000,0,0,0,0,0,0,0,0,0,0,0,0,0,0,0,0,0,0,0,0,0,0,0,0,0,0,0,0,0,0,0,0,0,0,0,0,0,0,0,0,0,0,0,0,0,0,113.91000366210938,2023-06-30,0.3843384897884934
130,130,AMGN,2023-06-30,USD,90269000000.0,47380000000,34248000000.0,34248000000.0,4978000000.0,5830000000.0,42889000000,5532000000.0,14633000000.0,14633000000.0,15531000000.0,0.0,2324000000.0,83488000000,17097000000.0,1212000000.0,2167000000.0,66391000000.0,0.0,59377000000.0,61544000000.0,13718000000.0,7014000000.0,6781000000,-25540000000.0,32601000000.0,537000000,USD,5173000000,6986000000,1813000000.0,1813000000.0,2684000000,1294000000.0,1113000000.0,2489000000,-752000000.0,0.0,752000000.0,896000000.0,1614000000,235000000.0,1379000000.0,2366000000.0,3262000000,1379000000,0,0,0,0,0,0,0,0,0,0,0,0,0,0,0,0,0,0,0,1,0,0,0,0,0,0,0,0,0,0,0,0,0,0,0,0,0,1,0,0,0,0,0,0,0,0,204.0082855224609,2023-06-30,0.44458707840986267
106,106,AMZN,2023-06-30,USD,477607000000.0,140482000000,49529000000.0,49529000000.0,36587000000.0,39925000000.0,337125000000,264116000000.0,986000000.0,986000000.0,22785000000.0,14441000000.0,9000000000.0,309005000000,148238000000.0,69481000000.0,15003000000.0,160767000000.0,75822000000.0,63092000000.0,138914000000.0,64235000000.0,21853000000.0,168602000000,93115000000.0,108000000.0,10449000000,USD,65010000000,134383000000,69373000000.0,69373000000.0,7681000000,3202000000.0,18829000000.0,57183000000,-179000000.0,661000000.0,840000000.0,11589000000.0,7554000000,804000000.0,6759000000.0,7681000000.0,19270000000,6750000000,0,0,0,0,0,0,0,0,0,1,1,0,0,0,0,0,0,0,0,0,0,0,0,0,0,0,0,0,0,0,0,0,0,0,0,0,0,0,0,0,0,0,0,0,0,0,130.36000061035156,2023-06-30,0.5127339369817634
674,674,ANSS,2023-06-30,USD,6605252000.0,1170861000,477875000.0,477875000.0,-54142000.0,692849000.0,5434391000,78539000.0,884018000.0,884018000.0,3792116000.0,137000.0,54142000.0,1690840000,374407000.0,14166000.0,14715000.0,1316433000.0,105198000.0,753732000.0,768447000.0,-28881000.0,211435000.0,4914412000,4953078000.0,953000.0,87192000,USD,428259000,496599000,68340000.0,68340000.0,95624000,202142000.0,125023000.0,332635000,-8158000.0,3402000.0,11560000.0,38378000.0,83983000,14457000.0,69526000.0,95543000.0,133921000,69526000,0,0,0,0,0,0,0,0,0,0,0,0,0,0,0,0,0,0,0,0,0,0,0,0,0,0,0,0,0,0,0,0,0,0,0,0,0,0,0,0,0,0,0,0,0,0,,,
1226,1226,AZN,2023-06-30,USD,96543000000.0,22839000000,5664000000.0,5664000000.0,5051000000.0,11092000000.0,73704000000,2047000000.0,38326000000.0,38326000000.0,19960000000.0,148000000.0,884000000.0,59127000000,26375000000.0,19738000000.0,4787000000.0,32752000000.0,0.0,0.0,29838000000.0,650000000.0,0.0,37392000000,-234000000.0,387000000.0,3120000000,USD,9456000000,11416000000,1960000000.0,1960000000.0,2456000000,4986000000.0,2667000000.0,7000000000,0.0,0.0,431000000.0,1276000000.0,2088000000,268000000.0,471000000.0,2519000000.0,3795000000,1818000000,0,0,0,0,0,0,0,0,1,0,0,0,0,0,0,0,0,0,0,1,1,0,0,1,0,0,0,0,0,0,0,0,0,0,0,0,1,1,0,0,0,0,1,0,0,0,134.88436889648438,2023-06-30,0.11299746984710701
1298,1298,BIDU,2023-06-30,CNY,411034000000.0,230417000000,34908000000.0,34908000000.0,11392000000.0,15674000000.0,180617000000,34758000000.0,20630000000.0,20630000000.0,22586000000.0,156359000000.0,23476000000.0,150324000000,81601000000.0,37184000000.0,23982000000.0,68723000000.0,7710000000.0,61613000000.0,87494000000.0,5241000000.0,2154000000.0,242427000000,3807700000.0,242427000000.0,355750000,CNY,17889000000,34056000000,16167000000.0,16167000000.0,5210000000,6492000000.0,6381000000.0,12679000000,1131000000.0,1948000000.0,817000000.0,1863000000.0,6579000000,1270000000.0,5309000000.0,7396000000.0,9259000000,5210000000,0,0,0,0,0,0,0,0,0,0,0,0,0,0,0,0,0,0,0,0,0,0,0,0,0,1,0,0,0,0,0,0,0,0,0,0,0,0,0,0,0,0,0,0,0,0,136.91000366210938,2023-06-30,-0.3703162896902926
1322,1322,BIIB,2023-06-30,USD,25156800000.0,10431700000,2617800000.0,2617800000.0,1333500000.0,2124000000.0,14725100000,3307200000.0,1776400000.0,1776400000.0,5753700000.0,3460500000.0,895900000.0,10696300000,3186500000.0,445400000.0,0.0,7509800000.0,304400000.0,6284600000.0,6589000000.0,2481100000.0,776900000.0,14466900000,17446000000.0,100000.0,145500000,USD,1863300000,2456000000,592700000.0,592700000.0,689700000,548000000.0,637100000.0,1173600000,26800000.0,75900000.0,49100000.0,117400000.0,708100000,114800000.0,593300000.0,633300000.0,750700000,591600000,0,0,0,0,0,0,0,0,0,0,0,0,0,0,0,0,0,1,0,0,0,0,0,0,0,0,0,0,0,0,0,0,0,0,0,0,0,0,0,0,0,0,0,0,0,0,284.8500061035156,2023-06-30,-0.18634369209655288
721,721,CDNS,2023-06-30,USD,5155124000.0,1643050000,873925000.0,873925000.0,139576000.0,458508000.0,3512074000,370193000.0,340742000.0,340742000.0,1428772000.0,0.0,171041000.0,2246669000,1196300000.0,510007000.0,510007000.0,1050369000.0,0.0,648551000.0,1158558000.0,510007000.0,401818000.0,2908455000,4358164000.0,2897885000.0,272996000,USD,879721000,976579000,96858000.0,96858000.0,299328000,54605000.0,354416000.0,580393000,-1450000.0,7427000.0,8877000.0,33881000.0,298424000,77304000.0,221120000.0,307301000.0,341182000,221120000,0,0,0,0,0,0,0,0,0,0,0,0,1,0,0,0,0,0,0,1,0,0,0,0,0,0,0,0,0,0,0,0,0,0,0,0,0,0,0,0,0,0,0,0,0,0,234.5200042724609,2023-06-30,0.32577182228989465
1346,1346,CHTR,2023-06-30,USD,145615000000.0,3929000000,478000000.0,478000000.0,1478040500.0,2864000000.0,141686000000,37546000000.0,69618000000.0,69618000000.0,29672000000.0,0.0,587000000.0,131588000000,11975000000.0,748000000.0,2292000000.0,119613000000.0,293000000.0,95971000000.0,98263000000.0,7863000000.0,4660000000.0,10460000000,-12577000000.0,8000000.0,151975698,USD,6678000000,13659000000,6981000000.0,6981000000.0,3182000000,1000000.0,0.0,3496000000,-1298000000.0,0.0,1298000000.0,2172000000.0,1857000000,444000000.0,1413000000.0,3155000000.0,5327000000,1223000000,0,0,0,0,0,1,0,0,0,0,0,0,1,0,0,0,0,0,0,0,0,0,0,0,0,0,1,0,0,0,0,0,0,0,1,0,0,1,0,0,0,0,0,0,0,0,367.3699951171875,2023-06-30,-0.19421838215381648
1106,1106,DDOG,2023-06-30,USD,3312173000.0,2600070000,291304000.0,291304000.0,37502000.0,333102000.0,712103000,145100000.0,12409000.0,12409000.0,350029000.0,1894058000.0,81606000.0,1662814000,761362000.0,48031000.0,18852000.0,901452000.0,144546000.0,740538000.0,885084000.0,127009000.0,7686000.0,1649359000,-230321000.0,3000.0,322215000,USD,407408000,509460000,102052000.0,102052000.0,-22006000,42671000.0,239494000.0,429414000,21098000.0,22624000.0,1526000.0,10550000.0,-908000,3061000.0,-3969000.0,618000.0,11168000,-3969000,0,0,0,0,0,0,0,0,0,0,0,0,0,0,0,0,0,0,0,0,0,0,0,0,0,0,0,0,0,0,0,0,0,0,0,0,0,0,0,0,0,0,0,0,0,0,98.37999725341795,2023-06-30,0.32648916083870017
249,249,FISV,2023-06-30,USD,77599000000.0,21444000000,1082000000.0,1082000000.0,1478040500.0,3465000000.0,56155000000,2047000000.0,11779000000.0,11779000000.0,37109000000.0,0.0,16897000000.0,46722000000,19462000000.0,412000000.0,726000000.0,27260000000.0,0.0,0.0,23321000000.0,16649000000.0,0.0,29991000000,18622000000.0,8000000.0,619200000,USD,2827000000,4756000000,1929000000.0,1929000000.0,1131000000,368000000.0,0.0,1696000000,0.0,0.0,237000000.0,800000000.0,876000000,181000000.0,471000000.0,1110000000.0,1910000000,683000000,0,0,0,0,0,1,0,0,1,0,0,0,1,0,0,0,0,0,0,1,1,0,0,1,0,0,0,0,0,0,0,0,0,1,1,0,1,1,0,0,0,0,1,0,0,0,126.1500015258789,2023-06-30,0.166389200236859
815,815,FTNT,2023-06-30,USD,7486100000.0,4878100000,2376300000.0,2376300000.0,376300000.0,1078800000.0,2608000000,981900000.0,44600000.0,44600000.0,126000000.0,937200000.0,109500000.0,7164900000,3500600000.0,238300000.0,183000000.0,3664300000.0,0.0,991300000.0,1174300000.0,491600000.0,73000000.0,321200000,-1032400000.0,800000.0,795900000,USD,997000000,1292800000,295800000.0,295800000.0,279000000,49900000.0,153300000.0,718000000,26400000.0,31600000.0,5200000.0,27400000.0,293900000,27600000.0,266300000.0,304400000.0,331800000,266300000,0,0,0,0,0,0,0,0,0,0,0,0,0,0,0,0,0,0,0,1,0,0,0,0,0,0,0,0,0,0,0,0,0,0,0,0,0,0,0,0,0,0,0,0,0,0,75.58999633789062,2023-06-30,-0.20822858349418427
273,273,GILD,2023-06-30,USD,62337000000.0,14287000000,5704000000.0,5704000000.0,1633000000.0,4229000000.0,48050000000,5540000000.0,27749000000.0,27749000000.0,8314000000.0,963000000.0,1758000000.0,41244000000,13964000000.0,622000000.0,4037000000.0,27280000000.0,0.0,21209000000.0,25246000000.0,6695000000.0,3964000000.0,21157000000,15138000000.0,1000000.0,1258000000,USD,5157000000,6599000000,1442000000.0,1442000000.0,1665000000,1849000000.0,1407000000.0,3492000000,-230000000.0,0.0,230000000.0,681000000.0,1588000000,549000000.0,1039000000.0,1818000000.0,2499000000,1045000000,0,0,0,0,0,0,0,0,0,0,0,0,0,0,0,0,0,0,0,1,0,0,0,0,0,0,0,0,0,0,0,0,0,0,0,0,0,1,0,0,0,0,0,0,0,0,70.68780517578125,2023-06-30,-0.07192522292036685
82,82,GOOGL,2023-06-30,USD,383044000000.0,168788000000,25929000000.0,25929000000.0,2231000000.0,38804000000.0,214256000000,135677000000.0,1966000000.0,1966000000.0,29210000000.0,92403000000.0,9421000000.0,115903000000,77709000000.0,5313000000.0,2663000000.0,38194000000.0,12746000000.0,13705000000.0,26451000000.0,68550000000.0,1765000000.0,267141000000,200884000000.0,72248000000.0,12609000000,USD,42688000000,74604000000,31916000000.0,31916000000.0,21838000000,3481000000.0,10588000000.0,20850000000,849000000.0,892000000.0,43000000.0,2824000000.0,21903000000,3535000000.0,18368000000.0,21946000000.0,24770000000,18368000000,0,0,0,0,0,0,0,0,0,0,0,0,0,0,0,0,0,0,0,0,0,0,0,0,0,0,0,0,0,0,0,0,0,0,0,0,0,0,0,0,0,0,0,0,0,0,118.80235290527344,2023-06-30,0.5304931483871147
839,839,IDXX,2023-06-30,USD,2870806000.0,1179025000,132838000.0,132838000.0,395141000.0,532287000.0,1691781000,683270000.0,90932000.0,90932000.0,364206000.0,0.0,118759000.0,1776945000,883859000.0,107664000.0,358684000.0,893086000.0,117030000.0,696844000.0,1152865000.0,297691000.0,190674000.0,1093861000,4037819000.0,10738000.0,83983000,USD,572850000,943630000,370780000.0,370780000.0,296144000,89669000.0,46505000.0,276706000,-10215000.0,327000.0,10542000.0,27855000.0,285929000,61693000.0,224236000.0,297554000.0,325409000,224236000,0,0,0,0,0,0,0,0,0,0,0,0,1,0,0,0,0,0,0,0,0,0,0,0,0,0,0,0,0,0,0,0,0,0,0,0,0,0,0,0,0,0,0,0,0,0,502.2300109863281,2023-06-30,-0.05143065234018229
10,10,INTC,2023-06-30,USD,185629000000.0,43356000000,8349000000.0,8349000000.0,11984000000.0,2996000000.0,142273000000,90945000000.0,5173000000.0,5173000000.0,27591000000.0,15908000000.0,4119000000.0,81158000000,27180000000.0,8757000000.0,2711000000.0,53978000000.0,0.0,46335000000.0,49046000000.0,13543000000.0,7643000000.0,101017000000,67231000000.0,34330000000.0,4196000000,USD,4638000000,12949000000,8311000000.0,8311000000.0,-1016000000,1374000000.0,4080000000.0,5654000000,224000000.0,200000000.0,214000000.0,2276000000.0,-816000000,-2289000000.0,1473000000.0,-602000000.0,1674000000,1481000000,0,0,0,0,0,0,0,0,0,0,0,0,0,0,0,0,0,0,0,1,0,0,0,0,0,0,0,0,0,0,0,0,0,0,0,0,0,0,0,0,0,0,0,0,0,0,32.77200698852539,2023-06-30,-0.06488493461459877
320,320,ISRG,2023-06-30,USD,13903300000.0,9041100000,3435400000.0,3435400000.0,1005200000.0,904200000.0,4862200000,2830800000.0,693100000.0,693100000.0,348600000.0,2363800000.0,323200000.0,1943600000,1943600000.0,199700000.0,199700000.0,405200000.0,0.0,0.0,6120000000.0,1493000000.0,405200000.0,11959700000,3807700000.0,400000.0,357300000,USD,1171900000,1755900000,584000000.0,584000000.0,463200000,464300000.0,244400000.0,708700000,36000000.0,36000000.0,58000000.0,97300000.0,499200000,73200000.0,426000000.0,463200000.0,560500000,420800000,0,0,0,0,0,0,0,0,0,0,0,0,0,0,0,0,0,0,0,1,1,1,0,0,0,0,0,0,0,0,0,0,0,0,0,0,0,0,1,0,0,0,0,0,0,0,341.94000244140625,2023-06-30,0.27577933883043615
343,343,JD,2023-06-30,CNY,83138744915.0,48070153702,13649272788.0,13649272788.0,9105939524.0,3355979102.0,35068591212,92115000000.0,1162023939.0,1162023939.0,3183210467.0,19837556184.0,2121406102.0,43589182343,35751130567.0,20926480406.0,3564953435.0,7838051775.0,22926000000.0,32064000000.0,10041368107.0,-1001095827.0,1597000000.0,30532003496,3807700000.0,221786000000.0,1583000000,CNY,24754000000,287931000000,263177000000.0,263177000000.0,8270000000,2358000000.0,4072000000.0,16484000000,-654000000.0,0.0,654000000.0,1727000000.0,9734000000,2811000000.0,6923000000.0,7261000000.0,8988000000,6581000000,0,0,0,0,0,0,0,0,0,0,0,0,0,0,0,0,0,0,0,0,0,0,0,0,0,1,0,0,0,0,0,0,0,0,0,0,0,1,0,0,0,0,0,0,0,0,32.22867965698242,2023-06-30,-0.22269678069208287
367,367,KHC,2023-06-30,USD,90956000000.0,7994000000,947000000.0,947000000.0,3820000000.0,2237000000.0,82962000000,2047000000.0,42714000000.0,42714000000.0,30953000000.0,0.0,990000000.0,40942000000,8385000000.0,4545000000.0,630000000.0,32557000000.0,0.0,19367000000.0,19997000000.0,3210000000.0,1442000000.0,49814000000,1336000000.0,12000000.0,1235000000,USD,2261000000,6721000000,4460000000.0,4460000000.0,1376000000,857000000.0,0.0,885000000,-228000000.0,10000000.0,228000000.0,216000000.0,1172000000,174000000.0,998000000.0,1400000000.0,1616000000,1000000000,0,0,0,0,0,0,0,0,1,0,0,0,1,0,0,0,0,0,0,1,0,0,0,0,0,0,0,0,0,0,0,0,0,0,1,0,0,0,0,0,0,0,0,0,0,0,31.21825218200684,2023-06-30,-0.059908213636229
863,863,KLAC,2023-06-30,USD,14072357000.0,8372032000,1927865000.0,1927865000.0,2876784000.0,1935399000.0,5700325000,1031841000.0,935303000.0,935303000.0,2278820000.0,1315294000.0,316690000.0,11152604000,3742842000.0,371026000.0,34042000.0,7409762000.0,172396000.0,5890736000.0,6063132000.0,1117436000.0,813058000.0,2919753000,848431000.0,137000.0,137654000,USD,1392188000,2355137000,962949000.0,962949000.0,824221000,250857000.0,317110000.0,567967000,-73491000.0,0.0,74428000.0,104813000.0,775506000,90852000.0,684654000.0,848997000.0,953810000,684654000,0,0,0,0,0,0,0,0,0,0,0,0,0,0,0,0,0,0,0,0,0,0,0,0,0,0,0,0,0,0,0,0,0,0,0,0,0,1,0,0,0,0,0,0,0,0,473.457763671875,2023-06-30,0.7233816570351002
1202,1202,LCID,2023-06-30,USD,9415052000.0,6256928000,2775339000.0,2775339000.0,849781000.0,20570000.0,3158124000,2698454000.0,986000000.0,986000000.0,4290000000.0,2473955000.0,137283000.0,3455212000,885593000.0,140083000.0,42652000.0,2569619000.0,88776000.0,1994391000.0,2366713000.0,702858000.0,356846000.0,5959840000,-8914092000.0,228000.0,191245983,USD,-404931000,150874000,555805000.0,555805000.0,-837685000,197748000.0,233474000.0,431222000,32835000.0,39525000.0,6690000.0,61811000.0,-763645000,587000.0,-764232000.0,-756955000.0,-695144000,-764232000,0,0,0,0,0,0,0,0,0,1,1,1,0,0,0,0,0,0,0,0,0,0,0,0,0,0,0,0,0,0,0,0,0,0,0,0,0,0,0,0,0,0,0,0,0,0,68.9000015258789,2023-06-30,-0.6168360082167137
1178,1178,META,2023-06-30,USD,206688000000.0,69560000000,28785000000.0,28785000000.0,1478040500.0,12511000000.0,137128000000,100904000000.0,856000000.0,856000000.0,20659000000.0,24661000000.0,3603000000.0,72655000000,29921000000.0,3093000000.0,1396000000.0,42734000000.0,17836000000.0,18382000000.0,36218000000.0,19595000000.0,7912000000.0,134033000000,67980000000.0,69159000000.0,2612000000,USD,26054000000,31999000000,5945000000.0,5945000000.0,9392000000,4164000000.0,9344000000.0,16662000000,-99000000.0,323000000.0,116000000.0,2623000000.0,9293000000,1505000000.0,7788000000.0,9392000000.0,12015000000,7788000000,0,0,0,0,0,1,0,0,0,0,0,0,0,0,0,0,0,0,0,0,0,0,0,0,0,0,0,0,0,0,0,0,0,0,0,0,0,0,0,0,0,0,0,0,0,0,284.9892578125,2023-06-30,0.7622032080430663
934,934,MRNA,2023-06-30,USD,21884000000.0,10599000000,3801000000.0,3801000000.0,715000000.0,688000000.0,11285000000,2410000000.0,46000000.0,46000000.0,52000000.0,4658000000.0,737000000.0,4935000000,3123000000.0,310000000.0,221000000.0,1812000000.0,947000000.0,0.0,1168000000.0,1505000000.0,173000000.0,16949000000,17019000000.0,8000000.0,381000000,USD,-387000000,344000000,731000000.0,731000000.0,-1867000000,332000000.0,1148000000.0,1480000000,104000000.0,104000000.0,13000000.0,90000000.0,-1749000000,-369000000.0,-1380000000.0,-1736000000.0,-1646000000,-1380000000,0,0,0,0,0,0,0,0,0,0,0,0,0,0,0,0,0,0,0,0,1,0,0,0,0,0,1,0,0,0,0,0,0,0,0,0,0,0,0,0,0,0,0,0,0,0,121.5,2023-06-30,-0.04567903746302715
34,34,MSFT,2023-06-30,USD,411976000000.0,184257000000,34704000000.0,34704000000.0,2500000000.0,48688000000.0,227719000000,109987000000.0,9366000000.0,9366000000.0,67886000000.0,76552000000.0,21813000000.0,205753000000,104149000000.0,18095000000.0,8853000000.0,101604000000.0,12728000000.0,41990000000.0,79441000000.0,22148000000.0,17981000000.0,206223000000,118848000000.0,93718000000.0,7467000000,USD,39394000000,56189000000,16795000000.0,16795000000.0,24254000000,2197000000.0,6739000000.0,15140000000,423000000.0,905000000.0,482000000.0,3874000000.0,24727000000,4646000000.0,20081000000.0,24254000000.0,28128000000,20081000000,0,0,0,0,0,0,0,0,0,0,0,0,0,0,0,0,0,0,0,0,0,0,0,0,0,0,0,0,0,0,0,0,0,0,0,0,0,0,0,0,0,0,0,0,0,0,333.3890686035156,2023-06-30,0.351685336793204
910,910,MTCH,2023-06-30,USD,4339027000.0,1128930000,732567000.0,732567000.0,1478040500.0,272308000.0,3210097000,191125000.0,326232000.0,326232000.0,2303181000.0,8349000.0,115706000.0,4516543000,534158000.0,8004000.0,0.0,3982385000.0,0.0,3838943000.0,3838943000.0,282221000.0,103056000.0,-177927000,-7524414000.0,289000.0,295002000,USD,579258000,829552000,250294000.0,250294000.0,214796000,107698000.0,94287000.0,364462000,-39742000.0,0.0,39742000.0,25880000.0,178486000,41141000.0,137345000.0,218228000.0,244108000,137345000,0,0,0,0,0,1,0,0,0,0,0,0,0,0,0,0,0,1,0,1,0,0,0,0,0,0,0,0,0,0,0,0,0,0,0,0,0,1,0,0,0,0,0,0,0,0,40.649208068847656,2023-06-30,-0.2989248444014263
414,414,NXPI,2023-06-30,USD,23795000000.0,7447000000,3863000000.0,3863000000.0,2107000000.0,1061000000.0,16348000000,2047000000.0,1110000000.0,1110000000.0,9950000000.0,0.0,416000000.0,15318000000,4085000000.0,967000000.0,999000000.0,11233000000.0,0.0,10171000000.0,11170000000.0,1959000000.0,1022000000.0,8172000000,-3228000000.0,56000000.0,261303000,USD,1881000000,3299000000,1418000000.0,1418000000.0,937000000,274000000.0,589000000.0,944000000,-74000000.0,43000000.0,109000000.0,281000000.0,862000000,158000000.0,704000000.0,937000000.0,1218000000,698000000,0,0,0,0,0,0,0,0,1,0,0,0,1,0,0,0,0,0,0,1,0,0,0,0,0,0,0,0,0,0,0,0,0,0,0,0,0,0,0,0,0,0,0,0,0,0,195.6632537841797,2023-06-30,0.3208814763674017
980,980,PDD,2023-06-30,CNY,274285357000.0,241206173000,31379326000.0,31379326000.0,52055133000.0,6657191000.0,33079184000,3186338000.0,22651000.0,22651000.0,4290000000.0,148129260000.0,2985263000.0,128941278000,125994097000.0,60115463000.0,15386487000.0,2947181000.0,2203502000.0,1634852000.0,18269446000.0,48852857000.0,0.0,145344079000,36402148000.0,176000.0,1166669600,CNY,33590961000,52280748000,18689787000.0,18689787000.0,12718755000,596033000.0,2733964000.0,20872206000,2275804000.0,2287741000.0,11937000.0,556042000.0,16266528000,3158442000.0,13108086000.0,12718755000.0,13274797000,13108086000,0,0,0,0,0,0,0,0,0,0,0,1,0,0,0,0,0,0,0,0,0,0,0,1,0,0,0,0,0,0,0,0,0,0,0,0,0,0,0,0,0,0,0,0,0,0,69.13999938964844,2023-06-30,0.9233438950167054
438,438,PYPL,2023-06-30,USD,74579000000.0,54125000000,5504000000.0,5504000000.0,11000000.0,42021000000.0,20454000000,1589000000.0,640000000.0,640000000.0,11067000000.0,4387000000.0,2202000000.0,54918000000,41754000000.0,37530000000.0,152000000.0,13164000000.0,0.0,10549000000.0,11210000000.0,4224000000.0,0.0,19661000000,20778000000.0,8000000.0,1114000000,USD,3348000000,7287000000,3939000000.0,3939000000.0,1133000000,491000000.0,743000000.0,2215000000,29000000.0,116000000.0,87000000.0,269000000.0,1303000000,274000000.0,1577000000.0,1390000000.0,1659000000,1029000000,0,0,0,0,0,0,0,0,0,0,0,0,0,0,0,0,0,0,0,1,0,0,0,1,0,0,1,0,0,0,0,0,0,0,0,0,0,0,0,0,0,0,0,0,0,0,66.37512969970703,2023-06-30,-0.1336729379496664
462,462,QCOM,2023-06-30,USD,49002000000.0,20476000000,6087000000.0,6087000000.0,6628000000.0,3850000000.0,28526000000,5216000000.0,1618000000.0,1618000000.0,10591000000.0,2544000000.0,1367000000.0,28332000000,8463000000.0,1744000000.0,914000000.0,19869000000.0,0.0,14530000000.0,15444000000.0,4458000000.0,5247000000.0,20670000000,20163000000.0,77000000.0,1124000000,USD,4659000000,8451000000,3792000000.0,3792000000.0,1823000000,618000000.0,2222000000.0,2840000000,-93000000.0,79000000.0,172000000.0,479000000.0,1757000000,22000000.0,1735000000.0,1823000000.0,2302000000,1803000000,0,0,0,0,0,0,0,0,0,0,0,0,0,0,0,0,0,0,0,1,0,0,0,0,0,0,0,0,0,0,0,0,0,0,0,0,0,0,0,0,0,0,0,0,0,0,112.66263580322266,2023-06-30,0.7186852204830572
486,486,REGN,2023-06-30,USD,30657500000.0,16923000000,1937200000.0,1937200000.0,2507700000.0,5121300000.0,13734500000,3922600000.0,953000000.0,953000000.0,4290000000.0,6990500000.0,366300000.0,6639600000,3104400000.0,547300000.0,0.0,3535200000.0,720000000.0,1982200000.0,2702200000.0,2176000000.0,1553000000.0,24017900000,25092900000.0,100000.0,113900000,USD,2650100000,3158100000,508000000.0,508000000.0,1016500000,652000000.0,982200000.0,1633600000,-18900000.0,118300000.0,18900000.0,103100000.0,1082900000,114500000.0,968400000.0,1101800000.0,1204900000,968400000,0,0,0,0,0,0,0,0,0,0,0,1,0,0,0,0,0,1,0,0,0,0,0,0,0,0,0,0,0,0,0,0,0,0,0,0,0,0,0,0,0,0,0,0,0,0,713.7183837890625,2023-06-30,0.47106638678616486
581,581,SBUX,2023-06-30,USD,28733000000.0,7170700000,3357000000.0,3357000000.0,1987000000.0,1140200000.0,21562300000,7053500000.0,124400000.0,124400000.0,3250900000.0,263000000.0,423500000.0,37074600000,9214600000.0,1503500000.0,3135600000.0,27860000000.0,8956400000.0,13544400000.0,24371200000.0,2437000000.0,471900000.0,-8348600000,-7610500000.0,1100000.0,1150500000,USD,2606500000,9168300000,6561800000.0,6561800000.0,1583900000,604300000.0,0.0,1022600000,-119600000.0,21300000.0,140900000.0,364500000.0,1464300000,322400000.0,1141900000.0,1605200000.0,1969700000,1141700000,0,0,0,0,0,0,0,0,0,0,0,0,0,0,0,0,0,0,0,0,0,0,0,0,0,0,0,0,0,0,0,0,0,0,1,0,0,0,0,0,0,0,0,0,0,0,92.4388656616211,2023-06-30,-0.20218498504516325
995,995,SGEN,2023-06-30,USD,3495382000.0,1292119000,308441000.0,308441000.0,486854000.0,586048000.0,2203263000,307518000.0,226072000.0,226072000.0,274671000.0,983678000.0,150675000.0,876323000,762898000.0,114415000.0,0.0,113425000.0,97242000.0,0.0,97242000.0,648483000.0,113425000.0,2619059000,-2540612000.0,188000.0,187559000,USD,423079000,603832000,180753000.0,180753000.0,-220721000,243932000.0,399868000.0,643800000,0.0,0.0,58000000.0,-12084000.0,-208637000,2891000.0,-211528000.0,-220721000.0,-232805000,-211528000,0,0,0,0,0,0,0,0,0,0,0,0,0,0,0,0,0,1,0,0,1,0,0,0,0,0,0,0,0,0,0,0,0,0,0,0,1,1,1,0,0,0,0,0,0,0,,,
533,533,SIRI,2023-06-30,USD,10078000000.0,1039000000,51000000.0,51000000.0,1478040500.0,660000000.0,9039000000,1902000000.0,2977000000.0,2977000000.0,3249000000.0,0.0,328000000.0,13189000000,3235000000.0,1213000000.0,570000000.0,9954000000.0,343000000.0,8908000000.0,9776000000.0,165000000.0,574000000.0,-3111000000,-3115000000.0,4000000.0,387300000,USD,1096000000,2250000000,1154000000.0,1154000000.0,479000000,157000000.0,83000000.0,617000000,-107000000.0,0.0,107000000.0,150000000.0,372000000,62000000.0,310000000.0,479000000.0,629000000,310000000,0,0,0,0,0,1,0,0,0,0,0,0,1,0,0,0,0,0,0,0,0,0,0,0,0,0,0,0,0,0,0,0,0,0,0,0,0,1,0,0,0,0,0,0,0,0,40.8027572631836,2023-06-30,-0.3484077706863692
557,557,SWKS,2023-06-30,USD,8464100000.0,3124900000,721600000.0,721600000.0,1235600000.0,726800000.0,5339200000,1424400000.0,1269600000.0,1269600000.0,2176700000.0,14900000.0,426000000.0,2586200000,816900000.0,160100000.0,177800000.0,1769300000.0,220700000.0,1491600000.0,1712300000.0,439200000.0,427700000.0,5877900000,5739700000.0,39800000.0,160000000,USD,460300000,1071200000,610900000.0,610900000.0,235100000,77200000.0,148000000.0,225200000,-16200000.0,0.0,16200000.0,148700000.0,222100000,26300000.0,195800000.0,238300000.0,387000000,195800000,0,0,0,0,0,0,0,0,0,0,0,0,0,0,0,0,0,0,0,0,0,0,0,0,0,0,0,0,0,0,0,0,0,0,0,0,0,1,0,0,0,0,0,0,0,0,100.65184783935548,2023-06-30,-0.011985471595182928
154,154,ADI,2023-07-31,USD,49346739000.0,4835185000,1149246000.0,1149246000.0,1709313000.0,1616243000.0,44511554000,2922781000.0,11762655000.0,11762655000.0,26913134000.0,0.0,360383000.0,13442993000,2831018000.0,585570000.0,544710000.0,10611975000.0,0.0,6437650000.0,6982360000.0,1277300000.0,1023577000.0,35903746000,10286353000.0,83054000.0,503503000,USD,1961615000,3076495000,1114880000.0,1114880000.0,929493000,334113000.0,423751000.0,1032122000,-60552000.0,8794000.0,69346000.0,587692000.0,874821000,-2198000.0,877019000.0,944167000.0,1531859000,877019000,0,0,0,0,0,0,0,0,0,0,0,0,1,0,0,0,0,0,0,1,0,0,0,0,0,0,0,0,0,0,0,0,0,0,0,0,0,0,0,0,0,0,0,0,0,0,190.60769653320312,2023-07-31,0.18082159737540215
201,201,ADSK,2023-07-31,USD,9107000000.0,2821000000,1714000000.0,1714000000.0,1478040500.0,402000000.0,6286000000,136000000.0,410000000.0,410000000.0,3637000000.0,359000000.0,346000000.0,7901000000,3875000000.0,124000000.0,72000000.0,4026000000.0,383000000.0,2282000000.0,2665000000.0,432000000.0,149000000.0,1206000000,-2127000000.0,3531000000.0,215000000,USD,1190000000,1328000000,138000000.0,138000000.0,248000000,141000000.0,355000000.0,942000000,-4000000.0,9000000.0,4000000.0,33000000.0,258000000,36000000.0,222000000.0,258000000.0,291000000,222000000,0,0,0,0,0,1,0,0,0,0,0,0,0,0,0,0,0,0,0,0,0,0,0,0,0,0,0,0,0,0,0,0,0,0,0,0,0,0,0,0,0,0,0,0,0,0,211.9900054931641,2023-07-31,0.16760223528765628
178,178,AMAT,2023-07-31,USD,30410000000.0,18879000000,6025000000.0,6025000000.0,5809000000.0,5443000000.0,11531000000,2604000000.0,305000000.0,305000000.0,3732000000.0,510000000.0,1092000000.0,15317000000,8224000000.0,1433000000.0,298000000.0,7093000000.0,440000000.0,5460000000.0,6099000000.0,2714000000.0,815000000.0,15093000000,41988000000.0,8000000.0,842000000,USD,2976000000,6425000000,3449000000.0,3449000000.0,1802000000,214000000.0,767000000.0,1174000000,4000000.0,64000000.0,60000000.0,136000000.0,1806000000,246000000.0,1560000000.0,1866000000.0,2002000000,1560000000,0,0,0,0,0,0,0,0,0,0,0,0,0,0,0,0,0,0,0,0,0,0,0,0,0,0,0,0,0,0,0,0,0,0,0,0,0,0,0,0,0,0,0,0,0,0,148.0990447998047,2023-07-31,0.41082921492766356
697,697,AVGO,2023-07-31,USD,71595000000.0,18333000000,12055000000.0,12055000000.0,1842000000.0,2914000000.0,53262000000,2180000000.0,4654000000.0,4654000000.0,43619000000.0,0.0,1522000000.0,49516000000,7345000000.0,992000000.0,1119000000.0,42171000000.0,50000000.0,38222000000.0,39341000000.0,4403000000.0,3949000000.0,22079000000,1178000000.0,8000000.0,4270000000,USD,6164000000,8876000000,2712000000.0,2712000000.0,3856000000,388000000.0,1358000000.0,2308000000,-406000000.0,0.0,406000000.0,932000000.0,3574000000,271000000.0,3303000000.0,3980000000.0,4912000000,3303000000,0,0,0,0,0,0,0,0,0,0,0,0,1,0,0,0,0,0,0,0,0,0,0,0,0,0,1,0,0,0,0,0,0,0,0,0,0,1,0,0,0,0,0,0,0,0,87.00051879882812,2023-07-31,0.8194704845916965
791,791,CPRT,2023-07-31,USD,6737879000.0,3262604000,957395000.0,957395000.0,39973000.0,708612000.0,3475275000,2922603000.0,62702000.0,62702000.0,394289000.0,1406589000.0,150035000.0,750439000,492769000.0,180016000.0,21468000.0,257670000.0,109550000.0,10903000.0,120453000.0,122830000.0,0.0,5987440000,5189440000.0,96000.0,970255000,USD,457578000,997591000,540013000.0,540013000.0,390617000,49161000.0,0.0,66961000,29148000.0,0.0,29148000.0,37500000.0,423692000,75907000.0,347785000.0,390617000.0,428117000,347785000,0,0,0,0,0,0,0,0,0,0,0,0,0,0,0,0,0,0,0,0,0,0,0,1,0,0,0,0,0,0,0,0,0,0,1,0,0,1,0,0,0,0,0,0,0,0,44.19499969482422,2023-07-31,0.1840706458288126
1082,1082,CRWD,2023-07-31,USD,5520458000.0,3853275000,3167215000.0,3167215000.0,197111000.0,539463000.0,1667182999,516966000.0,79139000.0,79139000.0,430697000.0,0.0,146597000.0,3650358000,2229463000.0,37073000.0,16133000.0,1420895000.0,48821000.0,741750000.0,790571000.0,282252000.0,32820000.0,1838207000,-1139200000.0,119000.0,242144000,USD,548709000,731626000,182917000.0,182917000.0,-15373000,153246000.0,179362000.0,564082000,30194000.0,36638000.0,6444000.0,33877000.0,13087000,4611000.0,8476000.0,19531000.0,53408000,8472000,0,0,0,0,0,0,0,0,0,0,0,0,0,0,0,0,0,0,0,0,0,0,0,0,0,0,0,0,0,0,0,0,0,0,0,0,0,0,0,0,0,0,0,0,0,0,161.66000366210938,2023-07-31,0.43486330235828796
1274,1274,CSCO,2023-07-31,USD,101852000000.0,43348000000,10123000000.0,10123000000.0,3644000000.0,9206000000.0,58504000000,2085000000.0,1818000000.0,1818000000.0,38535000000.0,16023000000.0,4352000000.0,57499000000,31309000000.0,2313000000.0,1733000000.0,26190000000.0,0.0,6658000000.0,8391000000.0,9120000000.0,2134000000.0,44353000000,1639000000.0,44289000000.0,4093000000,USD,9748000000,15203000000,5455000000.0,5455000000.0,4253000000,690000000.0,1953000000.0,5495000000,201000000.0,312000000.0,111000000.0,422000000.0,4471000000,513000000.0,3958000000.0,4582000000.0,5004000000,3958000000,0,0,0,0,0,0,0,0,0,0,0,0,0,0,0,0,0,0,0,1,0,0,0,0,0,0,0,0,0,0,0,0,0,0,0,0,0,0,0,0,0,0,0,0,0,0,48.52051162719727,2023-07-31,-0.039081365801316825
296,296,INTU,2023-07-31,USD,27780000000.0,5557000000,2848000000.0,2848000000.0,420000000.0,1121000000.0,22223000000,969000000.0,6419000000.0,6419000000.0,13780000000.0,814000000.0,354000000.0,10511000000,3790000000.0,638000000.0,499000000.0,6721000000.0,480000000.0,6120000000.0,6619000000.0,1312000000.0,117000000.0,17269000000,15067000000.0,3000000.0,283000000,USD,1999000000,2712000000,713000000.0,713000000.0,17000000,341000000.0,680000000.0,1982000000,-22000000.0,46000000.0,68000000.0,195000000.0,-5000000,-94000000.0,89000000.0,63000000.0,258000000,89000000,0,0,0,0,0,0,0,0,0,0,0,0,0,0,0,0,0,0,0,0,0,0,0,0,0,0,0,0,0,0,0,0,0,0,0,0,0,0,0,0,0,0,0,0,0,0,503.51409912109375,2023-07-31,0.2727436261868035
886,886,MRVL,2023-07-31,USD,21750100000.0,2767200000,423400000.0,423400000.0,1015800000.0,1209200000.0,18982900000,898800000.0,4903200000.0,4903200000.0,11586900000.0,9600000.0,118800000.0,6360600000,2685200000.0,412800000.0,1061000000.0,3675400000.0,235000000.0,3134500000.0,4388100000.0,999200000.0,540900000.0,15389500000,644000000.0,1700000.0,860900000,USD,521100000,1340900000,819800000.0,819800000.0,-205700000,210000000.0,474800000.0,726800000,-52200000.0,1600000.0,53800000.0,347300000.0,-251600000,-44100000.0,-207500000.0,-197800000.0,149500000,-207500000,0,0,0,0,0,0,0,0,0,0,0,0,0,0,0,0,0,0,0,0,0,0,0,0,0,0,0,0,0,0,0,0,0,0,0,0,0,0,0,0,0,0,0,0,0,0,64.57707214355469,2023-07-31,0.032377839679990306
390,390,NVDA,2023-07-31,USD,49555000000.0,28797000000,5783000000.0,5783000000.0,4319000000.0,7066000000.0,20758000000,3799000000.0,1395000000.0,1395000000.0,4430000000.0,10240000000.0,1389000000.0,22054000000,10334000000.0,1929000000.0,1457000000.0,11720000000.0,1041000000.0,8456000000.0,10954000000.0,6527000000.0,2223000000.0,27501000000,14921000000.0,2000000.0,24990000000,USD,9462000000,13507000000,4045000000.0,4045000000.0,6800000000,622000000.0,2040000000.0,2662000000,122000000.0,187000000.0,65000000.0,365000000.0,6981000000,793000000.0,6188000000.0,7046000000.0,7411000000,6188000000,0,0,0,0,0,0,0,0,0,0,0,0,0,0,0,0,0,0,0,0,0,0,0,0,0,0,0,0,0,0,0,0,0,0,0,0,0,0,0,0,0,0,0,0,0,0,46.69503021240234,2023-07-31,1.5049758913249454
957,957,OKTA,2023-07-31,USD,8713000000.0,2686000000,356000000.0,356000000.0,101000000.0,388000000.0,6027000000,141000000.0,211000000.0,211000000.0,5406000000.0,1750000000.0,192000000.0,3073000000,1456000000.0,13000000.0,217782000.0,1617000000.0,122000000.0,1451000000.0,1573000000.0,218000000.0,27000000.0,5640000000,-2705000000.0,8000000.0,162755000,USD,407000000,556000000,149000000.0,149000000.0,-162000000,119000000.0,172000000.0,569000000,16000000.0,18000000.0,2000000.0,18000000.0,-104000000,7000000.0,-111000000.0,-102000000.0,-84000000,-111000000,0,0,0,0,0,0,0,0,0,0,0,0,0,0,0,0,0,0,0,0,0,0,0,0,0,0,1,0,0,0,0,0,0,0,0,0,0,0,0,0,0,0,0,0,0,0,76.86000061035156,2023-07-31,0.22222224428078308
1130,1130,PANW,2023-07-31,USD,14501100000.0,6048000000,1135300000.0,1135300000.0,339200000.0,2852000000.0,8453100000,354500000.0,315400000.0,315400000.0,2926800000.0,1254700000.0,466800000.0,12752700000,7737500000.0,132300000.0,1991500000.0,5015200000.0,279200000.0,0.0,2270700000.0,939100000.0,114200000.0,1748400000,-1227400000.0,3019000000.0,709000000,USD,1446500000,1953300000,506800000.0,506800000.0,253500000,114600000.0,414400000.0,1193000000,-5700000.0,72500000.0,5700000.0,69300000.0,316500000,88800000.0,227700000.0,315500000.0,384800000,227700000,0,0,0,0,0,0,0,0,0,0,0,0,0,0,0,0,0,0,0,0,1,0,0,0,0,0,0,0,0,0,0,0,0,0,0,0,0,0,0,0,0,0,0,0,0,0,124.9800033569336,2023-07-31,0.2991278695157471
509,509,ROST,2023-07-31,USD,13987302000.0,7273752000,4583606000.0,4583606000.0,2300063000.0,175410000.0,6713550000,2047000000.0,986000000.0,986000000.0,4290000000.0,0.0,214673000.0,9532560000,3969642000.0,2150999000.0,668028000.0,5562918000.0,0.0,0.0,5780275000.0,1125166000.0,0.0,4454742000,3189131000.0,3390000.0,337932000,USD,1365538000,4934905000,3569367000.0,3569367000.0,557640000,368000000.0,0.0,807898000,0.0,0.0,18687000.0,98545000.0,594854000,148535000.0,471000000.0,613541000.0,712086000,446319000,0,0,0,0,0,0,0,0,1,1,1,1,1,0,0,0,0,0,0,1,1,0,0,1,0,0,0,0,0,0,0,0,0,1,1,0,1,1,0,0,0,0,1,0,0,0,111.67772674560548,2023-07-31,0.26237829218183584
1011,1011,SPLK,2023-07-31,USD,6076922000.0,3743719000,1523462000.0,1523462000.0,117542000.0,974202000.0,2333203000,107541000.0,91699000.0,91699000.0,1416920000.0,925526000.0,320529000.0,6115912000,2703512000.0,26214000.0,776456000.0,3412400000.0,191917000.0,3102930000.0,4071303000.0,508377000.0,28865000.0,-38990000,-4046403000.0,174000.0,166459000,USD,698682000,910585000,211903000.0,211903000.0,-68521000,106469000.0,239099000.0,767203000,17443000.0,28686000.0,11243000.0,22268000.0,-56518000,6730000.0,-63248000.0,-45275000.0,-23007000,-63248000,0,0,0,0,0,0,0,0,0,0,0,0,0,0,0,0,0,0,0,0,0,0,0,0,0,0,0,0,0,0,0,0,0,0,0,0,0,0,0,0,0,0,0,0,0,0,,,
1035,1035,WDAY,2023-07-31,USD,13735315000.0,8183017000,1435690000.0,1435690000.0,198677000.0,1270936000.0,5552298000,1221834000.0,290594000.0,290594000.0,2840044000.0,5221401000.0,254990000.0,7460762000,4181959000.0,88814000.0,98810000.0,3278803000.0,290948000.0,2977845000.0,3268793000.0,685337000.0,300958000.0,6274553000,-3032538000.0,263000.0,264435000,USD,1339000000,1787000000,448000000.0,448000000.0,36000000,169000000.0,610000000.0,1303000000,43033000.0,71569000.0,29000000.0,71000000.0,82000000,3000000.0,78660000.0,111000000.0,182000000,79000000,0,0,0,0,0,0,0,0,0,0,0,0,0,0,0,0,0,0,0,0,0,0,0,0,0,0,0,0,0,0,0,0,0,0,0,0,0,0,0,0,0,0,0,0,0,0,237.1300048828125,2023-07-31,-0.0422131723506346
1059,1059,ZM,2023-07-31,USD,8923108000.0,7050992000,1380121000.0,1380121000.0,207165000.0,587476000.0,1872116000,346130000.0,79071000.0,79071000.0,307295000.0,4648393000.0,435002000.0,1920756000,1767473000.0,20854000.0,23512000.0,153283000.0,62181000.0,0.0,85693000.0,287328000.0,70685000.0,7002352000,2349236000.0,302000.0,305932596,USD,872117000,1138676000,266559000.0,266559000.0,177618000,129324000.0,191802000.0,694499000,0.0,31670000.0,41085000.0,26126000.0,250373000,68399000.0,181974000.0,177618000.0,203744000,181974000,0,0,0,0,0,0,0,0,0,0,0,0,0,0,0,0,0,0,0,0,1,0,0,0,0,0,0,0,0,0,0,0,0,0,0,0,1,0,0,0,0,0,0,0,0,0,73.3499984741211,2023-07-31,-0.17655074598005793
1154,1154,ZS,2023-07-31,USD,3608317000.0,2890314000,1262206000.0,1262206000.0,115827000.0,582636000.0,718003000,313026000.0,25859000.0,25859000.0,89192000.0,838026000.0,207446000.0,2883205000,1535868000.0,18481000.0,34469000.0,1347337000.0,76386000.0,1134159000.0,1210545000.0,201775000.0,12728000.0,725112000,-1090374000.0,147000.0,146424000,USD,352282000,455006000,102724000.0,102724000.0,-41955000,46380000.0,96200000.0,394237000,18857000.0,21351000.0,2718000.0,27861000.0,-26026000,4648000.0,-30674000.0,-23308000.0,4553000,-30674000,0,0,0,0,0,0,0,0,0,0,0,0,0,0,0,0,0,0,0,0,0,0,0,0,0,0,0,0,0,0,0,0,0,0,0,0,0,0,0,0,0,0,0,0,0,0,160.3800048828125,2023-07-31,0.11828158525474697
57,57,ADBE,2023-08-31,USD,29090000000.0,10410000000,6601000000.0,6601000000.0,1478040500.0,1851000000.0,18680000000,2409000000.0,1167000000.0,1167000000.0,12800000000.0,915000000.0,1043000000.0,13314000000,8334000000.0,314000000.0,74000000.0,4980000000.0,463000000.0,3633000000.0,4096000000.0,1714000000.0,352000000.0,15776000000,32012000000.0,8000000.0,459000000,USD,4310000000,4890000000,580000000.0,580000000.0,1697000000,353000000.0,881000000.0,2613000000,-27000000.0,0.0,27000000.0,236000000.0,1743000000,340000000.0,1403000000.0,1770000000.0,2006000000,1403000000,0,0,0,0,0,1,0,0,0,0,0,0,0,0,0,0,0,0,0,0,0,0,0,0,0,0,1,0,0,0,0,0,0,0,0,0,0,1,0,0,0,0,0,0,0,0,559.3400268554688,2023-08-31,0.026942370589467135
744,744,CTAS,2023-08-31,USD,8719681000.0,1871913000,88126000.0,88126000.0,498354000.0,1197342000.0,6847768000,1620943000.0,484259000.0,484259000.0,3104955000.0,0.0,88091000.0,4642046000,1168839000.0,314743000.0,43803000.0,3473207000.0,185262000.0,2477093000.0,2662355000.0,709262000.0,0.0,4077635000,9844128000.0,2121475000.0,414288000,USD,1141571000,2342330000,1200759000.0,1200759000.0,500556000,641015000.0,0.0,641015000,-24122000.0,422000.0,24544000.0,106812000.0,476434000,91349000.0,385085000.0,502107000.0,608919000,385085000,0,0,0,0,0,0,0,0,0,0,0,0,1,0,0,0,0,0,0,0,0,0,0,1,0,0,0,0,0,0,0,0,0,0,1,0,0,0,0,0,0,0,0,0,0,0,123.42305755615234,2023-08-31,0.6109645443459781
767,767,STZ,2023-08-31,USD,24930000000.0,3434300000,83300000.0,83300000.0,1814000000.0,933200000.0,21495700000,7580300000.0,2734500000.0,2734500000.0,7985600000.0,0.0,603800000.0,15206000000,2857500000.0,978800000.0,1025700000.0,12348500000.0,0.0,10680800000.0,11706500000.0,853000000.0,1667700000.0,9390800000,12842700000.0,2100000.0,184277000,USD,1425200000,2836800000,1411600000.0,1411600000.0,972600000,452600000.0,0.0,452600000,-110600000.0,130800000.0,110600000.0,108000000.0,847900000,147200000.0,700700000.0,958500000.0,1066500000,690000000,0,0,0,0,0,0,0,0,0,0,0,0,1,0,0,0,0,0,0,1,0,0,0,0,0,0,0,0,0,0,0,0,0,0,1,0,0,0,0,0,0,0,0,0,0,0,247.5129852294922,2023-08-31,-0.061663357481232306
1249,1249,AAPL,2023-09-30,USD,352583000000.0,143566000000,29965000000.0,29965000000.0,6331000000.0,60985000000.0,209017000000,43715000000.0,986000000.0,986000000.0,4290000000.0,31590000000.0,14695000000.0,290437000000,145308000000.0,62611000000.0,17382000000.0,145129000000.0,12842000000.0,95281000000.0,123930000000.0,48435000000.0,49848000000.0,62146000000,-214000000.0,73812000000.0,15672400000,USD,40427000000,89498000000,49071000000.0,49071000000.0,26969000000,6151000000.0,7307000000.0,13411000000,-18000000.0,984000000.0,1002000000.0,2653000000.0,26998000000,4042000000.0,22956000000.0,26969000000.0,29622000000,22956000000,0,0,0,0,0,0,0,0,0,1,1,1,0,0,0,0,0,0,0,0,0,0,0,0,0,0,0,0,0,0,0,0,0,0,0,0,0,0,0,0,0,0,0,0,0,0,169.22674560546875,2023-09-29,0.3678655245903588
224,224,ADP,2023-09-30,USD,49323600000.0,40480100000,1441400000.0,1441400000.0,34762900000.0,3095100000.0,8843500000,1040900000.0,1331800000.0,1331800000.0,2352500000.0,14900000.0,35928700000.0,45850800000,41228700000.0,67400000.0,179800000.0,4622100000.0,334300000.0,2989800000.0,3324100000.0,40798700000.0,893000000.0,3472800000,22455400000.0,63900000.0,413600000,USD,2213300000,4512400000,2299100000.0,2299100000.0,1116700000,880300000.0,236500000.0,1096600000,156600000.0,248200000.0,92700000.0,141500000.0,1092800000,233400000.0,859400000.0,1185500000.0,1327000000,859400000,0,0,0,0,0,0,0,0,0,0,0,0,0,0,0,0,0,0,0,0,0,0,0,0,0,0,0,0,0,0,0,0,0,0,0,0,0,0,0,0,0,0,0,0,0,0,228.9192657470703,2023-09-29,0.17654532895387165
652,652,AEP,2023-09-30,USD,95125600000.0,6736600000,353300000.0,353300000.0,1720000000.0,2565000000.0,88389000000,76440200000.0,986000000.0,986000000.0,52500000.0,211000000.0,1887300000.0,69776000000,11278100000.0,2258600000.0,5621700000.0,58497900000.0,632300000.0,36715500000.0,42851800000.0,1817200000.0,597300000.0,25309700000,12929500000.0,3424300000.0,521444125,USD,1758300000,5352600000,3594300000.0,3594300000.0,1364400000,368000000.0,0.0,393900000,-470300000.0,0.0,471600000.0,792300000.0,1022500000,64200000.0,958300000.0,1472800000.0,2265100000,953700000,0,0,0,0,0,0,0,0,0,1,1,0,0,0,0,0,0,0,0,0,0,0,0,0,0,0,0,0,0,0,0,0,0,1,1,0,0,1,0,0,0,0,0,0,0,0,68.51380920410156,2023-09-29,0.4218650232365675
628,628,ALGN,2023-09-30,USD,6318551000.0,2701804000,1239013000.0,1239013000.0,296189000.0,1028158000.0,3616747000,1387354000.0,82741000.0,82741000.0,404295000.0,44792000.0,93652000.0,2516685000,2122986000.0,99693000.0,28277000.0,393699000.0,98523000.0,98523000.0,126800000.0,469741999.0,178733000.0,3801866000,2606754000.0,8000.0,76826000,USD,663076000,960214000,297138000.0,297138000.0,166346000,407992000.0,88738000.0,496730000,5522000.0,5522000.0,4235000.0,37030000.0,162111000,40684000.0,121427000.0,166346000.0,203376000,121427000,0,0,0,0,0,0,0,0,0,0,0,0,0,0,0,0,0,0,0,0,0,0,0,0,0,0,0,0,0,0,0,0,0,0,0,0,0,0,0,0,0,0,0,0,0,0,305.32000732421875,2023-09-29,-0.16703785790835246
604,604,AMD,2023-09-30,USD,67626000000.0,16688000000,3561000000.0,3561000000.0,4445000000.0,5055000000.0,50938000000,2073000000.0,21950000000.0,21950000000.0,24186000000.0,2224000000.0,1403000000.0,12656000000,7627000000.0,2245000000.0,752000000.0,5029000000.0,395000000.0,1715000000.0,2862000000.0,3138000000.0,1767000000.0,54970000000,56000000.0,17000000.0,1629000000,USD,2747000000,5800000000,3053000000.0,3053000000.0,224000000,576000000.0,1507000000.0,2523000000,-26000000.0,26000000.0,26000000.0,848000000.0,257000000,-39000000.0,299000000.0,224000000.0,1072000000,299000000,0,0,0,0,0,0,0,0,0,0,0,0,0,0,0,0,0,0,0,0,0,0,0,0,0,0,0,0,0,0,0,0,0,0,0,0,0,0,0,0,0,0,0,0,0,0,102.81999969482422,2023-09-29,0.595798505330225
129,129,AMGN,2023-09-30,USD,90534000000.0,48477000000,34741000000.0,34741000000.0,5026000000.0,6145000000.0,42057000000,2047000000.0,13150000000.0,13150000000.0,15509000000.0,0.0,2565000000.0,82878000000,16954000000.0,1358000000.0,1428000000.0,65924000000.0,0.0,59040000000.0,60468000000.0,14168000000.0,2305000000.0,7656000000,-24971000000.0,32753000000.0,538000000,USD,5097000000,6903000000,1806000000.0,1806000000.0,2021000000,1353000000.0,1079000000.0,3076000000,-759000000.0,0.0,759000000.0,895000000.0,1947000000,217000000.0,1730000000.0,2706000000.0,3601000000,1730000000,0,0,0,0,0,0,0,0,1,0,0,0,0,0,0,0,0,0,0,1,0,0,0,0,0,0,0,0,0,0,0,0,0,0,0,0,0,1,0,0,0,0,0,0,0,0,248.95733642578125,2023-09-29,0.23493674914199048
105,105,AMZN,2023-09-30,USD,486883000000.0,142995000000,49605000000.0,49605000000.0,35406000000.0,43420000000.0,343888000000,267226000000.0,986000000.0,986000000.0,22749000000.0,14564000000.0,5320000000.0,303910000000,145214000000.0,72004000000.0,16472000000.0,158696000000.0,75891000000.0,61098000000.0,136989000000.0,58812000000.0,21707000000.0,182973000000,102994000000.0,108000000.0,10558000000,USD,68061000000,143083000000,75022000000.0,75022000000.0,11188000000,2561000000.0,21203000000.0,56629000000,-30000000.0,1072000000.0,806000000.0,12131000000.0,12189000000,2306000000.0,9879000000.0,11188000000.0,23319000000,9879000000,0,0,0,0,0,0,0,0,0,1,1,0,0,0,0,0,0,0,0,0,0,0,0,0,0,0,0,0,0,0,0,0,0,0,0,0,0,0,0,0,0,0,0,0,0,0,127.12000274658205,2023-09-29,0.46578034774361776
673,673,ANSS,2023-09-30,USD,6673520000.0,1313486000,639342000.0,639342000.0,-55935000.0,847051000.0,5360034000,191618000.0,849205000.0,849205000.0,3769321000.0,171000.0,55935000.0,1666720000,349668000.0,14801000.0,14652000.0,1317052000.0,100071000.0,753812000.0,753812000.0,255310000.0,563240000.0,5006800000,5008580000.0,953000.0,87381000,USD,393538000,458795000,65257000.0,65257000.0,69816000,194552000.0,123223000.0,323722000,-7367000.0,4909000.0,12276000.0,40758000.0,62545000,7043000.0,55502000.0,62941000.0,103699000,55502000,0,0,0,0,0,0,0,0,0,0,0,0,0,0,0,0,0,0,0,0,0,0,0,0,0,0,0,0,0,0,0,0,0,0,0,0,0,0,0,0,0,0,0,0,0,0,,,
1225,1225,AZN,2023-09-30,USD,96086000000.0,22501000000,4871000000.0,4871000000.0,5292000000.0,11300000000.0,73585000000,2047000000.0,37687000000.0,37687000000.0,19939000000.0,244000000.0,794000000.0,58865000000,28588000000.0,20542000000.0,5607000000.0,30277000000.0,0.0,0.0,28576000000.0,1276000000.0,0.0,37197000000,-434000000.0,387000000.0,3120000000,USD,9397000000,11492000000,2095000000.0,2095000000.0,1954000000,4800000000.0,2584000000.0,7443000000,0.0,0.0,392000000.0,1282000000.0,1652000000,274000000.0,471000000.0,2044000000.0,3326000000,1374000000,0,0,0,0,0,0,0,0,1,0,0,0,0,0,0,0,0,0,0,1,1,0,0,1,0,0,0,0,0,0,0,0,0,0,0,0,1,1,0,0,0,0,1,0,0,0,128.46652221679688,2023-09-29,0.17532985983673943
1297,1297,BIDU,2023-09-30,CNY,406759000000.0,230255000000,36734000000.0,36734000000.0,2267000000.0,16620000000.0,176504000000,36993000000.0,21225000000.0,21225000000.0,22586000000.0,168670000000.0,17952000000.0,144151000000,76451000000.0,1971000000.0,22198000000.0,67700000000.0,7783000000.0,58682000000.0,84595000000.0,33269000000.0,1838000000.0,243626000000,161240000000.0,242427000000.0,353750000,CNY,18153000000,34447000000,16294000000.0,16294000000.0,6274000000,7346000001.0,6101000000.0,11879000000,1229000000.0,2082000000.0,853000000.0,1953000000.0,8179000000,1282000000.0,6897000000.0,9032000000.0,10985000000,6681000000,0,0,0,0,0,0,0,0,0,0,0,0,0,0,0,0,0,0,0,0,0,0,0,0,0,0,0,0,0,0,0,0,0,0,0,0,0,0,0,0,0,0,0,0,0,0,134.35000610351562,2023-09-29,-0.21630073589723375
1321,1321,BIIB,2023-09-30,USD,28193200000.0,8454100000,2287900000.0,2287900000.0,2982400000.0,2209700000.0,19739100000,2047000000.0,7344600000.0,7344600000.0,6807500000.0,0.0,974100000.0,13713500000,5022300000.0,440100000.0,500000000.0,8691200000.0,428800000.0,6786400000.0,7715200000.0,3838400000.0,747900000.0,14483800000,17377900000.0,100000.0,144800000,USD,1870700000,2530300000,659600000.0,659600000.0,320800000,788200000.0,797200000.0,1549900000,32100000.0,95900000.0,63800000.0,125000000.0,-141200000,-72900000.0,-68300000.0,270500000.0,395500000,-68100000,0,0,0,0,0,0,0,0,1,0,0,0,0,0,0,0,0,0,0,0,0,0,0,0,0,0,0,0,0,0,0,0,0,0,0,0,0,0,0,0,0,0,0,0,0,0,257.010009765625,2023-09-29,-0.24578814453701991
720,720,CDNS,2023-09-30,USD,5431375000.0,1824463000,961982000.0,961982000.0,163693000.0,440858000.0,3606912000,379776000.0,347617000.0,347617000.0,1500442000.0,0.0,257930000.0,2317481000,1264167000.0,598261000.0,598261000.0,1053314000.0,0.0,648801000.0,648801000.0,598261000.0,303904000.0,3113894000,4612485000.0,3077954000.0,272427000,USD,913513000,1023094000,109581000.0,109581000.0,292906000,58556000.0,369642000.0,620607000,-606000.0,8453000.0,9059000.0,37210000.0,299953000,45632000.0,254321000.0,309012000.0,346222000,254321000,0,0,0,0,0,0,0,0,0,0,0,0,1,0,0,0,0,0,0,1,0,0,0,0,0,0,0,0,0,0,0,0,0,0,0,0,0,0,0,0,0,0,0,0,0,0,234.3000030517578,2023-09-29,0.15676481113585505
1345,1345,CHTR,2023-09-30,USD,146682000000.0,4116000000,571000000.0,571000000.0,1478040500.0,2932000000.0,142566000000,38617000000.0,69379000000.0,69379000000.0,29672000000.0,0.0,613000000.0,131938000000,12625000000.0,771000000.0,2290000000.0,119313000000.0,291000000.0,95800000000.0,98090000000.0,8375000000.0,4517000000.0,11098000000,-11322000000.0,8000000.0,152019000,USD,6717000000,13584000000,6867000000.0,6867000000.0,3155000000,2000000.0,0.0,3562000000,-1306000000.0,0.0,1306000000.0,2130000000.0,1805000000,369000000.0,1436000000.0,3111000000.0,5241000000,1255000000,0,0,0,0,0,1,0,0,0,0,0,0,1,0,0,0,0,0,0,0,0,0,0,0,0,0,1,0,0,0,0,0,0,0,1,0,0,1,0,0,0,0,0,0,0,0,439.8200073242188,2023-09-29,-0.2631531508902777
1105,1105,DDOG,2023-09-30,USD,3543302000.0,2819484000,261309000.0,261309000.0,39805000.0,400649000.0,723818000,279602000.0,10145000.0,10145000.0,348697000.0,2080380000.0,77146000.0,1736826000,842476000.0,85362000.0,18777000.0,894350000.0,146577000.0,741386000.0,887963000.0,101837000.0,7659000.0,1806476000,-207691000.0,3000.0,351309000,USD,444009000,547536000,103527000.0,103527000.0,-4230000,51352000.0,240225000.0,448239000,28530000.0,29833000.0,1303000.0,11609000.0,24300000,1670000.0,22630000.0,25603000.0,37212000,22630000,0,0,0,0,0,0,0,0,0,0,0,0,0,0,0,0,0,0,0,0,0,0,0,0,0,0,0,0,0,0,0,0,0,0,0,0,0,0,0,0,0,0,0,0,0,0,91.08999633789062,2023-09-29,0.26314636276620806
248,248,FISV,2023-09-30,USD,84154000000.0,28581000000,1349000000.0,1349000000.0,1478040500.0,3461000000.0,55573000000,2047000000.0,11439000000.0,11439000000.0,36836000000.0,0.0,23771000000.0,53768000000,26629000000.0,441000000.0,764000000.0,27139000000.0,0.0,0.0,23306000000.0,23684000000.0,0.0,29573000000,19574000000.0,8000000.0,610300000,USD,2979000000,4873000000,1894000000.0,1894000000.0,1503000000,368000000.0,0.0,1476000000,0.0,0.0,268000000.0,769000000.0,1208000000,239000000.0,471000000.0,1478000000.0,2247000000,952000000,0,0,0,0,0,1,0,0,1,0,0,0,1,0,0,0,0,0,0,1,1,0,0,1,0,0,0,0,0,0,0,0,0,1,1,0,1,1,0,0,0,0,1,0,0,0,112.95999908447266,2023-09-29,0.5903859361944599
814,814,FTNT,2023-09-30,USD,7479300000.0,4752700000,2186800000.0,2186800000.0,467500000.0,1013800000.0,2726600000,1038000000.0,39600000.0,39600000.0,125400000.0,982000000.0,102600000.0,7405200000,3649000000.0,253900000.0,220100000.0,3756200000.0,0.0,991800000.0,991800000.0,527700000.0,64600000.0,74100000,-1299400000.0,800000.0,791200000,USD,1016900000,1334600000,317700000.0,317700000.0,303200000,53500000.0,156900000.0,713700000,31600000.0,37000000.0,5400000.0,28300000.0,322600000,-300000.0,322900000.0,333200000.0,361500000,322900000,0,0,0,0,0,0,0,0,0,0,0,0,0,0,0,0,0,0,0,1,0,0,0,0,0,0,0,0,0,0,0,0,0,0,0,0,0,0,0,0,0,0,0,0,0,0,58.68000030517578,2023-09-29,0.3215746872604843
272,272,GILD,2023-09-30,USD,62373000000.0,15980000000,5705000000.0,5705000000.0,1663000000.0,4790000000.0,46393000000,2047000000.0,27151000000.0,27151000000.0,8314000000.0,1159000000.0,2663000000.0,40132000000,11945000000.0,586000000.0,1793000000.0,28187000000.0,0.0,23189000000.0,24982000000.0,7478000000.0,926000000.0,22313000000,16002000000.0,1000000.0,1257000000,USD,5485000000,7050000000,1565000000.0,1565000000.0,2623000000,1315000000.0,1457000000.0,2862000000,-232000000.0,106000000.0,232000000.0,684000000.0,2318000000,146000000.0,2172000000.0,2550000000.0,3234000000,2180000000,0,0,0,0,0,0,0,0,1,0,0,0,0,0,0,0,0,0,0,1,0,0,0,0,0,0,0,0,0,0,0,0,0,0,0,0,0,0,0,0,0,0,0,0,0,0,69.40751647949219,2023-09-29,0.16529260835699766
81,81,GOOGL,2023-09-30,USD,396711000000.0,176310000000,30702000000.0,30702000000.0,2957000000.0,41020000000.0,220401000000,139904000000.0,1833000000.0,1833000000.0,29146000000.0,89233000000.0,12398000000.0,123509000000,86295000000.0,5803000000.0,2715000000.0,37214000000.0,12550000000.0,13781000000.0,29046000000.0,65436000000.0,1433000000.0,273202000000,205647000000.0,74591000000.0,12696000000,USD,43464000000,76693000000,33229000000.0,33229000000.0,21343000000,3979000000.0,11258000000.0,22121000000,950000000.0,1066000000.0,116000000.0,3171000000.0,21197000000,1508000000.0,19689000000.0,21313000000.0,24484000000,19689000000,0,0,0,0,0,0,0,0,0,0,0,0,0,0,0,0,0,0,0,0,0,0,0,0,0,0,0,0,0,0,0,0,0,0,0,0,0,0,0,0,0,0,0,0,0,0,129.878662109375,2023-09-29,0.2705233296928662
838,838,IDXX,2023-09-30,USD,3086404000.0,1384230000,331696000.0,331696000.0,393974000.0,521865000.0,1702174000,2047000000.0,87129000.0,87129000.0,361766000.0,0.0,136695000.0,1788997000,970193000.0,112609000.0,419882000.0,818804000.0,121362000.0,618813000.0,1140165000.0,350161000.0,199991000.0,1297407000,4250050000.0,10745000.0,83993000,USD,547982000,915527000,367545000.0,367545000.0,275283000,89034000.0,47967000.0,272699000,-7392000.0,1255000.0,8647000.0,28985000.0,267891000,55660000.0,212231000.0,276838000.0,305823000,212231000,0,0,0,0,0,0,0,0,1,0,0,0,1,0,0,0,0,0,0,0,0,0,0,0,0,0,0,0,0,0,0,0,0,0,0,0,0,0,0,0,0,0,0,0,0,0,437.2699890136719,2023-09-29,0.1553960114214623
9,9,INTC,2023-09-30,USD,188837000000.0,43811000000,7621000000.0,7621000000.0,11466000000.0,2843000000.0,145026000000,93352000000.0,4970000000.0,4970000000.0,27591000000.0,17409000000.0,4472000000.0,83151000000,28614000000.0,8669000000.0,2288000000.0,54537000000.0,0.0,46591000000.0,48879000000.0,15545000000.0,7946000000.0,101813000000,67021000000.0,35653000000.0,4229000000,USD,6018000000,14158000000,8140000000.0,8140000000.0,-8000000,1340000000.0,3870000000.0,6026000000,147000000.0,63000000.0,204000000.0,2447000000.0,-52000000,-362000000.0,310000000.0,152000000.0,2599000000,297000000,0,0,0,0,0,0,0,0,0,0,0,0,0,0,0,0,0,0,0,1,0,0,0,0,0,0,0,0,0,0,0,0,0,0,0,0,0,0,0,0,0,0,0,0,0,0,34.96520233154297,2023-09-29,-0.3290472378216781
319,319,ISRG,2023-09-30,USD,14712700000.0,8902900000,3602000000.0,3602000000.0,1147500000.0,1097100000.0,5809800000,3077000000.0,638400000.0,638400000.0,348100000.0,2873700000.0,182600000.0,2089200000,1676400000.0,196200000.0,0.0,412800000.0,0.0,0.0,6120000000.0,742600000.0,106200000.0,12539000000,4209200000.0,400000.0,358200000,USD,1167200000,1743700000,576500000.0,576500000.0,465800000,452000000.0,249400000.0,701400000,56200000.0,0.0,58000000.0,108600000.0,522000000,102200000.0,419800000.0,465800000.0,574400000,415700000,0,0,0,0,0,0,0,0,0,0,0,0,0,0,0,0,0,1,0,1,1,1,0,0,0,0,0,0,0,0,0,0,0,0,0,0,0,1,1,0,0,0,0,0,0,0,292.2900085449219,2023-09-29,0.680762169939753
342,342,JD,2023-09-30,CNY,617393000000.0,357608000000,115971000000.0,115971000000.0,64638000000.0,25337000000.0,259785000000,99173000000.0,46131000000.0,46131000000.0,23123000000.0,126382000000.0,25280000000.0,321109000000,262438000000.0,153563000000.0,21837000000.0,58671000000.0,23377000000.0,32741000000.0,69858000000.0,42492000000.0,1493000000.0,230094000000,44051000000.0,230094000000.0,1585000000,CNY,38751000000,247698000000,208947000000.0,208947000000.0,9303000000,17699000000.0,3794000000.0,29448000000,-710000000.0,0.0,710000000.0,2101000000.0,10802000000,2579000000.0,8223000000.0,11512000000.0,13613000000,7936000000,0,0,0,0,0,0,0,0,0,0,0,0,0,0,0,0,0,0,0,0,0,0,0,0,0,0,0,0,0,0,0,0,0,0,0,0,0,1,0,0,0,0,0,0,0,0,27.50721740722656,2023-09-29,0.4125211556137889
366,366,KHC,2023-09-30,USD,89656000000.0,7838000000,1052000000.0,1052000000.0,3779000000.0,2103000000.0,81818000000,2047000000.0,42314000000.0,42314000000.0,30310000000.0,0.0,904000000.0,40198000000,7804000000.0,4463000000.0,608000000.0,32394000000.0,0.0,19270000000.0,19878000000.0,2733000000.0,1413000000.0,49276000000,1104000000.0,12000000.0,1235000000,USD,2235000000,6570000000,4335000000.0,4335000000.0,653000000,895000000.0,0.0,1582000000,-228000000.0,12000000.0,228000000.0,274000000.0,460000000,206000000.0,254000000.0,688000000.0,962000000,262000000,0,0,0,0,0,0,0,0,1,0,0,0,1,0,0,0,0,0,0,1,0,0,0,0,0,0,0,0,0,0,0,0,0,0,1,0,0,0,0,0,0,0,0,0,0,0,29.93825912475586,2023-09-29,0.09267806937571788
862,862,KLAC,2023-09-30,USD,14136841000.0,8430791000,1711570000.0,1711570000.0,3007705000.0,1757417000.0,5706050000,2047000000.0,871999000.0,871999000.0,2278805000.0,1637751000.0,316348000.0,11146624000,3817743000.0,363662000.0,35514000.0,7328881000.0,174196000.0,5891731000.0,6065927000.0,1152500000.0,739102000.0,2990217000,966179000.0,2073476000.0,137104000,USD,1450065000,2396956000,946891000.0,946891000.0,899206000,239645000.0,311214000.0,550859000,-74234000.0,0.0,74234000.0,102403000.0,851711000,110336000.0,741375000.0,925945000.0,1028348000,741375000,0,0,0,0,0,0,0,0,1,0,0,0,0,0,0,0,0,0,0,0,0,0,0,0,0,0,0,0,0,0,0,0,0,0,0,0,0,1,0,0,0,0,0,0,0,0,448.9447021484375,2023-09-29,0.7033920149656516
1201,1201,LCID,2023-09-30,USD,8941234000.0,5391494000,1164391000.0,1164391000.0,798974000.0,23370000.0,3549740000,2047000000.0,986000000.0,986000000.0,4290000000.0,3258206000.0,146553000.0,3535219000,1037860000.0,104602000.0,86415000.0,2497359000.0,357726000.0,1995673000.0,2405925000.0,846843000.0,98906000.0,5406015000,-9544986000.0,229000.0,228444678,USD,-331908000,137814000,469722000.0,469722000.0,-752875000,189691000.0,230758000.0,420967000,62724000.0,66064000.0,3340000.0,60832000.0,-630598000,296000.0,-630894000.0,-627258000.0,-566426000,-630894000,0,0,0,0,0,0,0,0,1,1,1,1,0,0,0,0,0,0,0,0,0,0,0,0,0,0,0,0,0,0,0,0,0,0,0,0,0,0,0,0,0,0,0,0,0,0,55.900001525878906,2023-09-29,-0.36851523661017416
1177,1177,META,2023-09-30,USD,216274000000.0,78378000000,36890000000.0,36890000000.0,1478040500.0,12944000000.0,137896000000,104805000000.0,813000000.0,813000000.0,20668000000.0,24233000000.0,4311000000.0,73401000000,30531000000.0,4372000000.0,1460000000.0,42870000000.0,17834000000.0,18383000000.0,36217000000.0,20091000000.0,1281000000.0,142873000000,75205000000.0,8000000.0,2641000000,USD,27936000000,34146000000,6210000000.0,6210000000.0,13748000000,2070000000.0,9241000000.0,14188000000,370000000.0,534000000.0,139000000.0,2859000000.0,14020000000,2437000000.0,11583000000.0,13748000000.0,16607000000,11583000000,0,0,0,0,0,1,0,0,0,0,0,0,0,0,0,0,0,0,0,0,0,0,0,0,0,0,1,0,0,0,0,0,0,0,0,0,0,0,0,0,0,0,0,0,0,0,298.1274719238281,2023-09-29,0.912540033356396
933,933,MRNA,2023-09-30,USD,19450000000.0,10799000000,2932000000.0,2932000000.0,487000000.0,2146000000.0,8651000000,2717000000.0,45000000.0,45000000.0,52000000.0,4641000000.0,593000000.0,5995000000,4385000000.0,494000000.0,183000000.0,1610000000.0,1272000000.0,0.0,1455000000.0,2280000000.0,172000000.0,13455000000,13389000000.0,8000000.0,381000000,USD,-410000000,1831000000,2241000000.0,2241000000.0,-2012000000,442000000.0,1160000000.0,1602000000,105000000.0,105000000.0,10000000.0,249000000.0,-1958000000,1672000000.0,-3630000000.0,-1948000000.0,-1699000000,-3630000000,0,0,0,0,0,0,0,0,0,0,0,0,0,0,0,0,0,0,0,0,1,0,0,0,0,0,1,0,0,0,0,0,0,0,0,0,0,0,0,0,0,0,0,0,0,0,103.29000091552734,2023-09-29,-0.35298672438090484
33,33,MSFT,2023-09-30,USD,445785000000.0,207586000000,80452000000.0,80452000000.0,3000000000.0,36953000000.0,238199000000,117937000000.0,8895000000.0,8895000000.0,67790000000.0,63499000000.0,23682000000.0,225071000000,124792000000.0,19307000000.0,29556000000.0,100279000000.0,13487000000.0,41946000000.0,88079000000.0,29500000000.0,18634000000.0,220714000000,132143000000.0,95508000000.0,7462000000,USD,40215000000,56517000000,16302000000.0,16302000000.0,26895000000,1474000000.0,6659000000.0,13320000000,641000000.0,1166000000.0,525000000.0,3921000000.0,27284000000,4993000000.0,22291000000.0,27809000000.0,31730000000,22291000000,0,0,0,0,0,0,0,0,0,0,0,0,0,0,0,0,0,0,0,0,0,0,0,0,0,0,0,0,0,0,0,0,0,0,0,0,0,0,0,0,0,0,0,0,0,0,309.7741394042969,2023-09-29,0.37301622876656815
909,909,MTCH,2023-09-30,USD,4248895000.0,1118275000,706881000.0,706881000.0,1478040500.0,288084000.0,3130620000,2047000000.0,310705000.0,310705000.0,2267852000.0,5936000.0,117374000.0,4547907000,570135000.0,11329000.0,11385000.0,3977772000.0,0.0,3840589000.0,3840589000.0,331804000.0,99183000.0,-299438000,-7360687000.0,289000.0,293380000,USD,626002000,881600000,255598000.0,255598000.0,243559000,107095000.0,94141000.0,382443000,-40380000.0,0.0,40380000.0,27799000.0,211084000,47328000.0,163756000.0,251464000.0,279263000,163727000,0,0,0,0,0,1,0,0,1,0,0,0,0,0,0,0,0,0,0,1,0,0,0,0,0,0,0,0,0,0,0,0,0,0,0,0,0,1,0,0,0,0,0,0,0,0,38.05096054077149,2023-09-29,-0.03407797084481956
413,413,NXPI,2023-09-30,USD,23996000000.0,7616000000,3817000000.0,3817000000.0,2140000000.0,939000000.0,16380000000,3197000000.0,1010000000.0,1010000000.0,9937000000.0,0.0,720000000.0,15198000000,3964000000.0,959000000.0,999000000.0,11234000000.0,0.0,10173000000.0,11172000000.0,1819000000.0,1017000000.0,8488000000,-2725000000.0,56000000.0,261095000,USD,1965000000,3434000000,1469000000.0,1469000000.0,992000000,294000000.0,601000000.0,973000000,-75000000.0,49000000.0,109000000.0,273000000.0,915000000,123000000.0,792000000.0,1026000000.0,1299000000,787000000,0,0,0,0,0,0,0,0,0,0,0,0,1,0,0,0,0,0,0,1,0,0,0,0,0,0,0,0,0,0,0,0,0,0,0,0,0,0,0,0,0,0,0,0,0,0,192.0699920654297,2023-09-29,0.22098996790387027
979,979,PDD,2023-09-30,CNY,314251132000.0,271575816000,54939761000.0,54939761000.0,56413498000.0,8685759000.0,42675316000,4727936000.0,21900000.0,21900000.0,4290000000.0,147906904000.0,60043392000.0,152201117000,148124266000.0,70128503000.0,15732512000.0,4076851000.0,3778289000.0,1623726000.0,19753460000.0,62263251000.0,0.0,162050015000,51939270000.0,177000.0,1173020400,CNY,42010138000,68840371000,26830233000.0,26830233000.0,16656021000,758345000.0,2847323000.0,25354117000,2115148000.0,2127356000.0,12208000.0,556042000.0,19050602000,3513480000.0,15537122000.0,16656021000.0,17212063000,15537122000,0,0,0,0,0,0,0,0,0,0,0,1,0,0,0,0,0,0,0,0,0,0,0,1,0,0,0,0,0,0,0,0,0,0,0,0,0,0,0,0,0,0,0,0,0,0,98.06999969482422,2023-09-29,0.37463034544812523
437,437,PYPL,2023-09-30,USD,76440000000.0,56635000000,6816000000.0,6816000000.0,2171000000.0,40695000000.0,19805000000,2047000000.0,564000000.0,564000000.0,10935000000.0,4725000000.0,4399000000.0,56700000000,43442000000.0,38772000000.0,147000000.0,13258000000.0,0.0,10640000000.0,10640000000.0,3533000000.0,0.0,19740000000,21798000000.0,8000000.0,1098000000,USD,3369000000,7418000000,4049000000.0,4049000000.0,1168000000,507000000.0,739000000.0,2201000000,38000000.0,124000000.0,86000000.0,270000000.0,1241000000,221000000.0,1020000000.0,1327000000.0,1597000000,1020000000,0,0,0,0,0,0,0,0,1,0,0,0,0,0,0,0,0,0,0,1,0,0,0,1,0,0,1,0,0,0,0,0,0,0,0,0,0,0,0,0,0,0,0,0,0,0,58.14910888671875,2023-09-29,0.3347588208435892
461,461,QCOM,2023-09-30,USD,51040000000.0,22464000000,8450000000.0,8450000000.0,6826000000.0,3183000000.0,28576000000,2047000000.0,1408000000.0,1408000000.0,10642000000.0,2874000000.0,1131000000.0,29459000000,9628000000.0,1912000000.0,1012000000.0,19831000000.0,0.0,14484000000.0,16067000000.0,4694000000.0,4130000000.0,21581000000,20733000000.0,490000000.0,1125000000,USD,4751000000,8631000000,3880000000.0,3880000000.0,1410000000,628000000.0,2135000000.0,3340000000,-174000000.0,120000000.0,173000000.0,462000000.0,1420000000,-209000000.0,1629000000.0,1593000000.0,2055000000,1490000000,0,0,0,0,0,0,0,0,1,0,0,0,0,0,0,0,0,0,0,1,0,0,0,0,0,0,0,0,0,0,0,0,0,0,0,0,0,0,0,0,0,0,0,0,0,0,105.85440826416016,2023-09-29,0.5631021952497339
485,485,REGN,2023-09-30,USD,32163300000.0,18634800000,2152300000.0,2152300000.0,2562000000.0,5584500000.0,13528500000,2047000000.0,1017200000.0,1017200000.0,4290000000.0,7761300000.0,574700000.0,7258900000,3598600000.0,536600000.0,0.0,3660300000.0,720000000.0,1982600000.0,2702600000.0,2644700000.0,832400000.0,24904400000,26100700000.0,100000.0,113400000,USD,2820900000,3362700000,541800000.0,541800000.0,1211000000,640500000.0,969900000.0,1609900000,115900000.0,133700000.0,17800000.0,105400000.0,1110800000,103000000.0,1007800000.0,1128600000.0,1234000000,1007800000,0,0,0,0,0,0,0,0,1,0,0,1,0,0,0,0,0,1,0,0,0,0,0,0,0,0,0,0,0,0,0,0,0,0,0,0,0,0,0,0,0,0,0,0,0,0,817.4376831054688,2023-09-29,0.2773888610673463
580,580,SBUX,2023-09-30,USD,29445500000.0,7303400000,3551500000.0,3551500000.0,1806400000.0,1184100000.0,22142100000,2047000000.0,120500000.0,120500000.0,3218300000.0,401500000.0,359900000.0,37433300000,9345300000.0,1544300000.0,3127400000.0,28088000000.0,9200100000.0,13547600000.0,24599800000.0,2571400000.0,513800000.0,-7994800000,-7255800000.0,1100000.0,1149400000,USD,2719200000,9373600000,6654400000.0,6654400000.0,1706200000,635700000.0,0.0,1013000000,-113100000.0,30100000.0,143200000.0,376500000.0,1593100000,373800000.0,1219300000.0,1736300000.0,2112800000,1219300000,0,0,0,0,0,0,0,0,1,0,0,0,0,0,0,0,0,0,0,0,0,0,0,0,0,0,0,0,0,0,0,0,0,0,1,0,0,0,0,0,0,0,0,0,0,0,85.62370300292969,2023-09-29,0.09525834300851765
994,994,SGEN,2023-09-30,USD,3634261000.0,2551593000,428568000.0,428568000.0,531188000.0,631555000.0,1082668000,2047000000.0,220255000.0,220255000.0,274671000.0,808418000.0,151864000.0,1083840000,954716000.0,224813000.0,0.0,129124000.0,113487000.0,0.0,113487000.0,729903000.0,15637000.0,2550421000,-2756401000.0,189000.0,188135000,USD,483396000,648650000,165254000.0,165254000.0,-231338000,265687000.0,449047000.0,714734000,0.0,0.0,58000000.0,22991000.0,-216360000,-571000.0,-215789000.0,-246316000.0,-223325000,-215789000,0,0,0,0,0,0,0,0,1,0,0,0,0,0,0,0,0,1,0,0,1,0,0,0,0,0,0,0,0,0,0,0,0,0,0,0,1,1,1,0,0,0,0,0,0,0,,,
532,532,SIRI,2023-09-30,USD,10129000000.0,1041000000,53000000.0,53000000.0,1478040500.0,659000000.0,9088000000,2047000000.0,2941000000.0,2941000000.0,3249000000.0,0.0,329000000.0,13022000000,3158000000.0,1267000000.0,570000000.0,9864000000.0,337000000.0,8823000000.0,9685000000.0,73000000.0,197000000.0,-2893000000,-2894000000.0,4000000.0,386500000,USD,1127000000,2271000000,1144000000.0,1144000000.0,528000000,139000000.0,72000000.0,599000000,-106000000.0,0.0,134000000.0,159000000.0,370000000,79000000.0,363000000.0,504000000.0,663000000,234000000,0,0,0,0,0,1,0,0,1,0,0,0,1,0,0,0,0,0,0,0,0,0,0,0,0,0,0,0,0,0,0,0,0,0,0,0,0,1,0,0,0,0,0,0,0,0,40.915992736816406,2023-09-29,-0.4618074299157868
556,556,SWKS,2023-09-30,USD,8426700000.0,2722500000,718800000.0,718800000.0,1119700000.0,864300000.0,5704200000,2047000000.0,1222100000.0,1222100000.0,2176700000.0,15600000.0,155100000.0,2344000000,1051800000.0,159200000.0,327700000.0,1292200000.0,217000000.0,1292200000.0,1292200000.0,892600000.0,43900000.0,6082700000,5876000000.0,39900000.0,160500000,USD,478200000,1218800000,740600000.0,740600000.0,254000000,77200000.0,146700000.0,223900000,-12400000.0,0.0,12400000.0,43812.0,246200000,1400000.0,244800000.0,402056188.0,402100000,244800000,0,0,0,0,0,0,0,0,1,0,0,0,0,0,0,0,0,0,0,0,0,0,0,0,0,0,0,0,0,0,0,0,0,0,0,0,0,1,0,0,0,0,0,0,0,0,90.23135375976562,2023-09-29,0.029754530471630458
153,153,ADI,2023-10-31,USD,48794478000.0,4384022000,958061000.0,958061000.0,1642214000.0,1469734000.0,44410456000,3496377000.0,11311957000.0,11311957000.0,26913134000.0,315980000.0,314013000.0,13229356000,3200971000.0,493041000.0,1111021000.0,10028385000.0,64745000.0,5902457000.0,7013478000.0,1251214000.0,581000000.0,35565122000,10356798000.0,82712000.0,505959000,USD,1646716000,2716484000,1069768000.0,1069768000.0,634415000,288936000.0,406594000.0,1012301000,-62501000.0,9089000.0,71590000.0,536117000.0,571786000,73356000.0,498430000.0,643376000.0,1179493000,498430000,0,0,0,0,0,0,0,0,0,0,0,0,0,0,0,0,0,0,0,0,0,0,0,0,0,0,0,0,0,0,0,0,0,0,0,0,0,0,0,0,0,0,0,0,0,0,151.0091094970703,2023-10-31,0.44284437792507747
200,200,ADSK,2023-10-31,USD,9226000000.0,2939000000,1526000000.0,1526000000.0,1478040500.0,579000000.0,6287000000,365000000.0,411000000.0,411000000.0,3604000000.0,428000000.0,406000000.0,7744000000,3912000000.0,127000000.0,71000000.0,3832000000.0,365000000.0,2283000000.0,2648000000.0,530000000.0,160000000.0,1482000000,-1939000000.0,3678000000.0,216000000,USD,1263000000,1400000000,137000000.0,137000000.0,329000000,165000000.0,339000000.0,934000000,-14000000.0,0.0,1000000.0,36000000.0,320000000,79000000.0,241000000.0,321000000.0,357000000,241000000,0,0,0,0,0,1,0,0,0,0,0,0,0,0,0,0,0,0,0,0,0,0,0,0,0,0,0,0,0,0,0,0,0,0,0,0,0,1,0,0,0,0,0,0,0,0,197.6300048828125,2023-10-31,0.4360167018224381
177,177,AMAT,2023-10-31,USD,30729000000.0,19147000000,6132000000.0,6132000000.0,5725000000.0,5439000000.0,11582000000,2723000000.0,294000000.0,294000000.0,3732000000.0,737000000.0,1114000000.0,14380000000,7372000000.0,1478000000.0,286000000.0,7008000000.0,438000000.0,5461000000.0,5999000000.0,2286000000.0,714000000.0,16349000000,43726000000.0,8000000.0,842000000,USD,3169000000,6723000000,3554000000.0,3554000000.0,1971000000,217000000.0,789000000.0,1198000000,201000000.0,259000000.0,58000000.0,130000000.0,2172000000,168000000.0,2004000000.0,2230000000.0,2360000000,2004000000,0,0,0,0,0,0,0,0,0,0,0,0,0,0,0,0,0,0,0,0,0,0,0,0,0,0,0,0,0,0,0,0,0,0,0,0,0,0,0,0,0,0,0,0,0,0,129.58261108398438,2023-10-31,0.3824012408379047
696,696,AVGO,2023-10-31,USD,72861000000.0,20847000000,14189000000.0,14189000000.0,1898000000.0,3154000000.0,52014000000,2047000000.0,3867000000.0,3867000000.0,43653000000.0,0.0,1606000000.0,48873000000,7405000000.0,1210000000.0,1608000000.0,41468000000.0,49000000.0,37621000000.0,39229000000.0,3652000000.0,3847000000.0,23988000000,2682000000.0,8000000.0,4270000000,USD,6407000000,9295000000,2888000000.0,2888000000.0,4240000000,418000000.0,1388000000.0,2154000000,-405000000.0,0.0,405000000.0,932000000.0,3967000000,443000000.0,3524000000.0,4372000000.0,5304000000,3524000000,0,0,0,0,0,0,0,0,1,0,0,0,1,0,0,0,0,0,0,0,0,0,0,0,0,0,1,0,0,0,0,0,0,0,0,0,0,1,0,0,0,0,0,0,0,0,81.89874267578125,2023-10-31,1.0488722855147712
790,790,CPRT,2023-10-31,USD,7333786000.0,3584890000,2581567000.0,2581567000.0,42631000.0,756053000.0,3748896000,3065227000.0,81832000.0,81832000.0,500926000.0,48982000.0,155657000.0,897147000,624417000.0,495201000.0,21936000.0,272730000.0,123401000.0,9462000.0,132863000.0,-21936000.0,0.0,6411417000,5521256000.0,96000.0,971682000,USD,464019000,1020416000,556397000.0,556397000.0,395376000,64582000.0,0.0,68643000,32005000.0,32005000.0,58000000.0,43164000.0,423309000,90777000.0,332532000.0,396576000.0,439740000,332527000,0,0,0,0,0,0,0,0,0,0,0,0,0,0,0,0,0,0,0,0,0,0,0,1,0,0,0,0,0,0,0,0,0,0,1,0,0,0,1,0,0,0,0,0,0,0,43.52000045776367,2023-10-31,0.18267464796226185
1081,1081,CRWD,2023-10-31,USD,5831056000.0,3869917000,2968872000.0,2968872000.0,209216000.0,561872000.0,1961138999,461710000.0,109423000.0,109423000.0,637678000.0,197522000.0,141651000.0,3770209000,2350417000.0,56968000.0,14430000.0,1419792000.0,52801000.0,742122000.0,794923000.0,336269000.0,38933000.0,2028950000,-1112535000.0,120000.0,243799000,USD,591010000,786014000,195004000.0,195004000.0,3163000,105589000.0,196072000.0,587847000,33583000.0,40086000.0,6503000.0,38425000.0,36272000,9603000.0,26669000.0,42750000.0,81175000,26665000,0,0,0,0,0,0,0,0,0,0,0,0,0,0,0,0,0,0,0,0,0,0,0,0,0,0,0,0,0,0,0,0,0,0,0,0,0,0,0,0,0,0,0,0,0,0,176.77000427246094,2023-10-31,0.6794138594894914
1273,1273,CSCO,2023-10-31,USD,98782000000.0,39659000000,9602000000.0,9602000000.0,3342000000.0,8247000000.0,59123000000,2004000000.0,1914000000.0,1914000000.0,38900000000.0,13921000000.0,4547000000.0,53572000000,27035000000.0,2084000000.0,990000000.0,26537000000.0,0.0,6660000000.0,7650000000.0,7769000000.0,2240000000.0,45210000000,2689000000.0,44546000000.0,4087000000,USD,9557000000,14668000000,5111000000.0,5111000000.0,4276000000,672000000.0,1913000000.0,5281000000,249000000.0,360000000.0,111000000.0,401000000.0,4442000000,804000000.0,3638000000.0,4553000000.0,4954000000,3638000000,0,0,0,0,0,0,0,0,0,0,0,0,0,0,0,0,0,0,0,1,0,0,0,0,0,0,0,0,0,0,0,0,0,0,0,0,0,0,0,0,0,0,0,0,0,0,48.9554557800293,2023-10-31,0.08484164614790846
295,295,INTU,2023-10-31,USD,28488000000.0,6231000000,1734000000.0,1734000000.0,2525000000.0,1047000000.0,22257000000,2047000000.0,6261000000.0,6261000000.0,13776000000.0,537000000.0,388000000.0,11496000000,4996000000.0,630000000.0,84000000.0,6500000000.0,558000000.0,5879000000.0,6437000000.0,807000000.0,22000000.0,16992000000,15047000000.0,19398000000.0,283000000,USD,2218000000,2978000000,760000000.0,760000000.0,307000000,342000000.0,680000000.0,1911000000,-43000000.0,36000000.0,65000000.0,191000000.0,264000000,23000000.0,241000000.0,329000000.0,520000000,241000000,0,0,0,0,0,0,0,0,1,0,0,0,0,0,0,0,0,0,0,0,0,0,0,0,0,0,0,0,0,0,0,0,0,0,0,0,0,0,0,0,0,0,0,0,0,0,487.880615234375,2023-10-31,0.24042489362521957
885,885,MRVL,2023-10-31,USD,21714400000.0,2973200000,725600000.0,725600000.0,941500000.0,1214600000.0,18741200000,911700000.0,4612900000.0,4612900000.0,11586900000.0,2400000.0,91500000.0,6481000000,1879600000.0,419100000.0,135800000.0,4601400000.0,236500000.0,4089600000.0,4422400000.0,1105000000.0,511800000.0,15233400000,427900000.0,1700000.0,862600000,USD,551200000,1418600000,867400000.0,867400000.0,-146300000,213000000.0,481100000.0,697500000,-50900000.0,1700000.0,52600000.0,341900000.0,-187500000,-23200000.0,-164300000.0,-134900000.0,207000000,-164300000,0,0,0,0,0,0,0,0,0,0,0,0,0,0,0,0,0,0,0,0,0,0,0,0,0,0,0,0,0,0,0,0,0,0,0,0,0,0,0,0,0,0,0,0,0,0,46.87187957763672,2023-10-31,0.7025724857009523
389,389,NVDA,2023-10-31,USD,54148000000.0,32658000000,5519000000.0,5519000000.0,4779000000.0,8309000000.0,21490000000,2047000000.0,1251000000.0,1251000000.0,4430000000.0,12762000000.0,1289000000.0,20883000000,9101000000.0,2380000000.0,1479000000.0,11782000000.0,1321000000.0,8457000000.0,11027000000.0,4729000000.0,66000000.0,33265000000,20360000000.0,2000000.0,24940000000,USD,13400000000,18120000000,4720000000.0,4720000000.0,10417000000,689000000.0,2294000000.0,2983000000,171000000.0,234000000.0,63000000.0,372000000.0,10522000000,1279000000.0,9243000000.0,10585000000.0,10957000000,9243000000,0,0,0,0,0,0,0,0,1,0,0,0,0,0,0,0,0,0,0,0,0,0,0,0,0,0,0,0,0,0,0,0,0,0,0,0,0,0,0,0,0,0,0,0,0,0,40.75370788574219,2023-10-31,2.2565029288593266
956,956,OKTA,2023-10-31,USD,8740000000.0,2727000000,400000000.0,400000000.0,104000000.0,418000000.0,6013000000,2047000000.0,197000000.0,197000000.0,5406000000.0,1730000000.0,179000000.0,3010000000,1543000000.0,11000000.0,275724000.0,1467000000.0,119000000.0,1302000000.0,1421000000.0,276000000.0,28000000.0,5730000000,-2786000000.0,8000000.0,164381000,USD,439000000,584000000,145000000.0,145000000.0,-111000000,111000000.0,165000000.0,550000000,19000000.0,21000000.0,2000000.0,21000000.0,-74000000,7000000.0,-81000000.0,-72000000.0,-51000000,-81000000,0,0,0,0,0,0,0,0,1,0,0,0,0,0,0,0,0,0,0,0,0,0,0,0,0,0,1,0,0,0,0,0,0,0,0,0,0,0,0,0,0,0,0,0,0,0,67.41000366210938,2023-10-31,0.06645891535616744
1129,1129,PANW,2023-10-31,USD,14808500000.0,6477600000,2491400000.0,2491400000.0,328700000.0,1858900000.0,8330900000,2047000000.0,290500000.0,290500000.0,2926800000.0,1402400000.0,396200000.0,12638000000,7513400000.0,131800000.0,1946700000.0,5124600000.0,275800000.0,0.0,2222500000.0,702900000.0,138000000.0,2170500000,-1033200000.0,3296700000.0,699600000,USD,1405300000,1878100000,472800000.0,472800000.0,215200000,120100000.0,409500000.0,1190100000,-2900000.0,71200000.0,2900000.0,64300000.0,282600000,88400000.0,194200000.0,284500000.0,348800000,194200000,0,0,0,0,0,0,0,0,1,0,0,0,0,0,0,0,0,0,0,0,1,0,0,0,0,0,0,0,0,0,0,0,0,0,0,0,0,0,0,0,0,0,0,0,0,0,121.51000213623048,2023-10-31,0.482717390492196
508,508,ROST,2023-10-31,USD,14270620000.0,7491945000,4499497000.0,4499497000.0,2613808000.0,171915000.0,6778675000,2047000000.0,986000000.0,986000000.0,4290000000.0,0.0,206725000.0,9687664000,4405687000.0,2280278000.0,929686000.0,5281977000.0,0.0,0.0,5779827000.0,1174763000.0,0.0,4582956000,3291996000.0,3370000.0,336261000,USD,1360581000,4924849000,3564268000.0,3564268000.0,550111000,368000000.0,0.0,810470000,0.0,0.0,18241000.0,102442000.0,593430000,146103000.0,471000000.0,611671000.0,714113000,447327000,0,0,0,0,0,0,0,0,1,1,1,1,1,0,0,0,0,0,0,1,1,0,0,1,0,0,0,0,0,0,0,0,0,1,1,0,1,1,0,0,0,0,1,0,0,0,113.28491973876952,2023-10-31,0.21694185418697054
1010,1010,SPLK,2023-10-31,USD,5391780000.0,3080857000,927962000.0,927962000.0,1.0,1131616000.0,2310923000,2047000000.0,143744000.0,143744000.0,1416920000.0,761746000.0,259533000.0,5192895000,1821540000.0,5227000.0,0.0,3371355000.0,156835000.0,3104926000.0,3261761000.0,431980000.0,26619000.0,198885000,-3949550000.0,175000.0,185982000,USD,857382000,1067355000,209973000.0,209973000.0,82767000,138490000.0,232541000.0,774615000,16175000.0,26719000.0,10544000.0,22065000.0,103376000,6523000.0,96853000.0,113920000.0,135985000,96853000,0,0,0,0,0,0,0,0,1,0,0,0,0,0,0,0,0,1,0,0,0,0,0,0,0,0,0,0,0,0,0,0,0,0,0,0,0,0,0,0,0,0,0,0,0,0,,,
1034,1034,WDAY,2023-10-31,USD,13925933000.0,8366597000,1563939000.0,1563939000.0,207566000.0,1224818000.0,5559336000,2047000000.0,276417000.0,276417000.0,2846464000.0,5316045000.0,261795000.0,7301016000,4029390000.0,79333000.0,98325000.0,3271626000.0,297168000.0,2978800000.0,3275968000.0,655084000.0,31835000.0,6624917000,-2918829000.0,264000.0,266377000,USD,1421000000,1866000000,445000000.0,445000000.0,88000000,176000000.0,619000000.0,1333000000,51469000.0,80004000.0,29000000.0,69000000.0,129000000,15000000.0,113709000.0,158000000.0,227000000,114000000,0,0,0,0,0,0,0,0,1,0,0,0,0,0,0,0,0,0,0,0,0,0,0,0,0,0,0,0,0,0,0,0,0,0,0,0,0,0,0,0,0,0,0,0,0,0,211.7100067138672,2023-10-31,0.1045770095296974
1058,1058,ZM,2023-10-31,USD,9317472000.0,7484759000,1492910000.0,1492910000.0,443635000.0,537576000.0,1832713000,356909000.0,75574000.0,75574000.0,307295000.0,5001507000.0,452766000.0,1904071000,1753005000.0,14431000.0,23904000.0,151066000.0,79313000.0,0.0,79313000.0,331276000.0,32449000.0,7413401000,2490448000.0,305000.0,310389905,USD,865739000,1136727000,270988000.0,270988000.0,169389000,125140000.0,196832000.0,696350000,0.0,0.0,58000000.0,26977000.0,185826000,44614000.0,141212000.0,169389000.0,196366000,141212000,0,0,0,0,0,0,0,0,0,0,0,0,0,0,0,0,0,0,0,0,1,0,0,0,0,0,0,0,0,0,0,0,0,0,0,0,1,1,1,0,0,0,0,0,0,0,59.97999954223633,2023-10-31,0.24608200123675572
1153,1153,ZS,2023-10-31,USD,3635584000.0,2891590000,1361723000.0,1361723000.0,119417000.0,366843000.0,743994000,2047000000.0,25623000.0,25623000.0,92415000.0,962681000.0,200343000.0,2828059000,1474418000.0,23234000.0,38138000.0,1353641000.0,81744000.0,1134026000.0,1215770000.0,168518000.0,20993000.0,807525000,-1123857000.0,148000.0,147625000,USD,384814000,496703000,111889000.0,111889000.0,-46711000,50716000.0,113538000.0,431525000,22783000.0,25942000.0,3143000.0,26901000.0,-24486000,8997000.0,-33483000.0,-21343000.0,5558000,-33483000,0,0,0,0,0,0,0,0,1,0,0,0,0,0,0,0,0,0,0,0,0,0,0,0,0,0,0,0,0,0,0,0,0,0,0,0,0,0,0,0,0,0,0,0,0,0,158.69000244140625,2023-10-31,0.13926517426884932
56,56,ADBE,2023-11-30,USD,29779000000.0,11084000000,7141000000.0,7141000000.0,1478040500.0,2224000000.0,18695000000,2047000000.0,1088000000.0,1088000000.0,12805000000.0,701000000.0,1018000000.0,13261000000,8251000000.0,314000000.0,73000000.0,5010000000.0,446000000.0,3634000000.0,4080000000.0,1942000000.0,376000000.0,16518000000,33346000000.0,8000000.0,459000000,USD,4414000000,5048000000,634000000.0,634000000.0,1743000000,372000000.0,889000000.0,2671000000,-28000000.0,0.0,28000000.0,240000000.0,1808000000,325000000.0,1483000000.0,1836000000.0,2076000000,1483000000,0,0,0,0,0,1,0,0,1,0,0,0,0,0,0,0,0,0,0,0,0,0,0,0,0,0,1,0,0,0,0,0,0,0,0,0,0,1,0,0,0,0,0,0,0,0,611.010009765625,2023-11-30,-0.1556112266087345
743,743,CTAS,2023-11-30,USD,8813869000.0,1907122000,85556000.0,85556000.0,474840000.0,1273974000.0,6906747000,1642980000.0,485024000.0,485024000.0,3120506000.0,0.0,72752000.0,4819388000,1357602000.0,316697000.0,254063000.0,3461786000.0,182999000.0,2474287000.0,2867286000.0,773740000.0,0.0,3994481000,10081267000.0,2179951000.0,413064000,USD,1141548000,2377177000,1235629000.0,1235629000.0,499683000,641865000.0,0.0,641865000,-25821000.0,769000.0,26590000.0,109226000.0,473862000,99249000.0,374613000.0,502350000.0,611576000,374613000,0,0,0,0,0,0,0,0,0,0,0,0,1,0,0,0,0,0,0,0,0,0,0,1,0,0,0,0,0,0,0,0,0,0,1,0,0,0,0,0,0,0,0,0,0,0,135.77987670898438,2023-11-30,0.6456293048130743
766,766,STZ,2023-11-30,USD,25057400000.0,3551400000,78700000.0,78700000.0,1988000000.0,897300000.0,21506010000,7713500000.0,2732210000.0,2732210000.0,7978200000.0,0.0,587400000.0,15259000000,3379900000.0,1028800000.0,1416200000.0,11879100000.0,0.0,10282300000.0,11698500000.0,934900000.0,1596800000.0,9471000000,13187600000.0,2100000.0,184170000,USD,1293900000,2470900000,1177000000.0,1177000000.0,840700000,473700000.0,0.0,453200000,-104200000.0,0.0,104100000.0,108400000.0,650900000,130000000.0,520900000.0,755000000.0,863400000,509100000,0,0,0,0,0,0,0,0,0,0,0,0,1,0,0,0,0,0,0,1,0,0,0,0,0,0,0,0,0,0,0,0,0,0,1,0,0,1,0,0,0,0,0,0,0,0,229.31939697265625,2023-11-30,0.018080501569133656
1248,1248,AAPL,2023-12-31,USD,353514000000.0,143692000000,40760000000.0,40760000000.0,6511000000.0,50102000000.0,209822000000,54380000000.0,986000000.0,986000000.0,4290000000.0,32340000000.0,13979000000.0,279414000000,133973000000.0,58146000000.0,12952000000.0,145441000000.0,0.0,95088000000.0,108040000000.0,54611000000.0,50353000000.0,74100000000,8242000000.0,75236000000.0,15576641000,USD,54855000000,119575000000,64720000000.0,64720000000.0,40373000000,6786000000.0,7696000000.0,14532000000,0.0,0.0,1002000000.0,2848000000.0,40323000000,6407000000.0,33916000000.0,40373000000.0,43221000000,33916000000,0,0,0,0,0,0,0,0,0,1,1,1,0,0,0,0,0,0,0,1,0,0,0,0,0,0,0,0,0,0,0,0,0,0,0,0,1,1,0,0,0,0,0,0,0,0,190.55044555664065,2023-12-29,0.31634314586086987
223,223,ADP,2023-12-31,USD,57069400000.0,48543400000,1641300000.0,1641300000.0,1.0,3372400000.0,8526000000,2047000000.0,1315100000.0,1315100000.0,2369800000.0,24400000.0,43505300000.0,52749800000,48097700000.0,76800000.0,21600000.0,4652100000.0,326800000.0,2990200000.0,3338600000.0,47809900000.0,918900000.0,4319600000,22757100000.0,63900000.0,412500000,USD,2314600000,4668000000,2353400000.0,2353400000.0,1183900000,922500000.0,228700000.0,1130700000,177300000.0,282200000.0,106000000.0,140100000.0,1143800000,265400000.0,878400000.0,1249800000.0,1389900000,878400000,0,0,0,0,0,0,0,0,1,0,0,0,0,0,0,0,0,0,0,0,0,0,0,0,0,0,0,0,0,0,0,0,0,0,0,0,0,0,0,0,0,0,0,0,0,0,223.0218963623047,2023-12-29,0.28515308912590975
651,651,AEP,2023-12-31,USD,96684000000.0,6082100000,330100000.0,330100000.0,1879500000.0,2447400000.0,90601900000,2047000000.0,986000000.0,986000000.0,52500000.0,214300000.0,1210800000.0,71398100000,11583600000.0,2032500000.0,5436400000.0,59814500000.0,635100000.0,37652700000.0,43608500000.0,1890900000.0,545800000.0,25246700000,12800400000.0,3427900000.0,523901327,USD,1143600000,4688000000,3544400000.0,3544400000.0,800500000,368000000.0,0.0,343100000,-460900000.0,0.0,462200000.0,877600000.0,289200000,-48600000.0,337800000.0,753800000.0,1631400000,336200000,0,0,0,0,0,0,0,0,1,1,1,0,0,0,0,0,0,0,0,0,0,0,0,0,0,0,0,0,0,0,0,0,0,1,1,0,0,1,0,0,0,0,0,0,0,0,74.8214340209961,2023-12-29,0.17963382259295524
627,627,ALGN,2023-12-31,USD,6083877000.0,2446618000,937438000.0,937438000.0,296902000.0,1047152000.0,3637259000,2047000000.0,82118000.0,82118000.0,419530000.0,35304000.0,129822000.0,2453388000,2066611000.0,113125000.0,29651000.0,386777000.0,126619000.0,0.0,126619000.0,458026000.0,173065000.0,3630489000,2447174000.0,7000.0,75802000,USD,669524000,956726000,287202000.0,287202000.0,171545000,402503000.0,82160000.0,497979000,4978000.0,4978000.0,1335000.0,33732000.0,172880000,48866000.0,124014000.0,184861000.0,218593000,124014000,0,0,0,0,0,0,0,0,1,0,0,0,0,0,0,0,0,0,0,0,1,0,0,0,0,0,0,0,0,0,0,0,0,0,0,0,0,0,0,0,0,0,0,0,0,0,274.0,2023-12-29,-0.24605838747790265
603,603,AMD,2023-12-31,USD,67885000000.0,16768000000,3933000000.0,3933000000.0,4351000000.0,5385000000.0,51117000000,2047000000.0,21363000000.0,21363000000.0,24262000000.0,1840000000.0,1259000000.0,11993000000,6689000000.0,2055000000.0,751000000.0,5304000000.0,535000000.0,1717000000.0,3003000000.0,3339000000.0,1850000000.0,55892000000,723000000.0,17000000.0,1628000000,USD,2911000000,6168000000,3257000000.0,3257000000.0,342000000,51000000.0,1511000000.0,2569000000,179000000.0,0.0,27000000.0,824000000.0,370000000,-297000000.0,667000000.0,391000000.0,1215000000,667000000,0,0,0,0,0,0,0,0,1,0,0,0,0,0,0,0,0,0,0,0,0,0,0,0,0,0,0,0,0,0,0,0,0,0,0,0,0,1,0,0,0,0,0,0,0,0,147.41000366210938,2023-12-29,-0.16939149718725288
128,128,AMGN,2023-12-31,USD,97154000000.0,30332000000,10944000000.0,10944000000.0,9518000000.0,7942000000.0,66822000000,2047000000.0,32641000000.0,32641000000.0,18629000000.0,10944000000.0,1928000000.0,90922000000,18392000000.0,1590000000.0,1443000000.0,72530000000.0,0.0,63170000000.0,64613000000.0,13695000000.0,2326000000.0,6232000000,-26549000000.0,33070000000.0,540000000,USD,5084000000,8196000000,3112000000.0,3112000000.0,1271000000,1627000000.0,1534000000.0,3813000000,-821000000.0,0.0,821000000.0,1380000000.0,852000000,85000000.0,767000000.0,1673000000.0,3053000000,767000000,0,0,0,0,0,0,0,0,1,0,0,0,0,0,0,0,0,0,0,1,0,0,0,0,0,0,0,0,0,0,0,0,0,0,0,0,0,1,0,0,0,0,0,0,0,0,268.8959350585937,2023-12-29,-0.07251234851351362
104,104,AMZN,2023-12-31,USD,527854000000.0,172351000000,73387000000.0,73387000000.0,33318000000.0,52253000000.0,355503000000,2047000000.0,7687000000.0,7687000000.0,22789000000.0,13393000000.0,6897000000.0,325979000000,164917000000.0,84981000000.0,18945000000.0,161062000000.0,77297000000.0,58314000000.0,135611000000.0,64709000000.0,25451000000.0,201875000000,113618000000.0,109000000.0,10610000000,USD,77408000000,169961000000,92553000000.0,92553000000.0,13209000000,3010000000.0,22038000000.0,64045000000,188000000.0,901000000.0,713000000.0,13820000000.0,13686000000,3062000000.0,10624000000.0,13209000000.0,27029000000,10624000000,0,0,0,0,0,0,0,0,1,0,0,0,0,0,0,0,0,0,0,0,0,0,0,0,0,0,0,0,0,0,0,0,0,0,0,0,0,0,0,0,0,0,0,0,0,0,151.94000244140625,2023-12-29,0.4564959819393144
672,672,ANSS,2023-12-31,USD,7322875000.0,2049567000,860201000.0,860201000.0,1.0,1140276000.0,5273308000,2047000000.0,835417000.0,835417000.0,3805874000.0,189000.0,48901000.0,1932511000,889294000.0,22772000.0,23300000.0,1043217000.0,100505000.0,753891000.0,854396000.0,343453000.0,113520000.0,5390364000,5283342000.0,953000.0,87541000,USD,735059000,805108000,70049000.0,70049000.0,333000000,269857000.0,126288000.0,402059000,-5352000.0,7199000.0,12551000.0,39377000.0,324772000,50010000.0,274762000.0,327111000.0,366488000,274762000,0,0,0,0,0,0,0,0,1,0,0,0,0,0,0,0,0,0,0,0,0,0,0,0,0,0,0,0,0,0,0,0,0,0,0,0,0,0,0,0,0,0,0,0,0,0,,,
1224,1224,AZN,2023-12-31,USD,101119000000.0,25054000000,5840000000.0,5840000000.0,5424000000.0,10509000000.0,76065000000,2047000000.0,38089000000.0,38089000000.0,20048000000.0,20000000.0,3261000000.0,61953000000,30542000000.0,3267000000.0,5400000000.0,31411000000.0,0.0,0.0,28622000000.0,19799000000.0,0.0,39143000000,1502000000.0,388000000.0,3122000000,USD,9716000000,12024000000,2308000000.0,2308000000.0,1234000000,5371000000.0,3073000000.0,8482000000,0.0,0.0,445000000.0,1327000000.0,897000000,-62000000.0,471000000.0,1342000000.0,2669000000,960000000,0,0,0,0,0,0,0,0,1,0,0,0,0,0,0,0,0,0,0,1,1,0,0,1,0,0,0,0,0,0,0,0,0,0,0,0,1,1,0,0,0,0,1,0,0,0,127.76463317871094,2023-12-29,-0.005394006078691893
1296,1296,BIDU,2023-12-31,CNY,406759000000.0,230255000000,25231000000.0,25231000000.0,1396000000.0,16620000000.0,176504000000,2047000000.0,21225000000.0,21225000000.0,22586000000.0,168670000000.0,17952000000.0,144151000000,76451000000.0,36739000000.0,22198000000.0,67700000000.0,8148000000.0,57357000000.0,84595000000.0,51566000000.0,1820000000.0,243626000000,161240000000.0,248007000000.0,353750000,CNY,17533000000,34951000000,17418000000.0,17418000000.0,5392000000,7346000000.0,6287000000.0,12141000000,1290000000.0,2064000000.0,774000000.0,2027000000.0,2865000000,-96000000.0,2961000000.0,3639000000.0,5666000000,2599000000,0,0,0,0,0,0,0,0,1,0,0,0,0,0,0,0,0,0,0,0,0,0,0,0,0,0,0,0,0,0,0,0,0,0,0,0,0,0,0,0,0,0,0,0,0,0,119.08999633789062,2023-12-29,-0.29423120634511435
1320,1320,BIIB,2023-12-31,USD,26844800000.0,6859300000,1049900000.0,1049900000.0,2527400000.0,2100000000.0,19985500000,2047000000.0,8363000000.0,8363000000.0,6219200000.0,0.0,1182000000.0,12045400000,3434300000.0,403300000.0,150000000.0,8611100000.0,400000000.0,6788200000.0,7338200000.0,2623600000.0,781100000.0,14799400000,17627600000.0,100000.0,145700000,USD,1768000000,2386300000,618300000.0,618300000.0,512400000,536700000.0,647500000.0,1255600000,-47700000.0,23800000.0,71500000.0,140100000.0,291600000,42700000.0,248900000.0,461100000.0,601200000,249700000,0,0,0,0,0,0,0,0,1,0,0,0,0,0,0,0,0,0,0,0,0,0,0,0,0,0,0,0,0,0,0,0,0,0,0,0,0,0,0,0,0,0,0,0,0,0,258.7699890136719,2023-12-29,-0.419600383282966
719,719,CDNS,2023-12-31,USD,5669491000.0,1976217000,1008152000.0,1008152000.0,181661000.0,506778000.0,3693274000,2047000000.0,336843000.0,336843000.0,1535845000.0,130359000.0,149267000.0,2265220000,1590867000.0,91194000.0,349285000.0,674353000.0,115358000.0,299771000.0,764414000.0,485364000.0,0.0,3404271000,4936384000.0,3166964000.0,272419000,USD,964524000,1068623000,104099000.0,104099000.0,336528000,75742000.0,367443000.0,627996000,-1605000.0,7384000.0,8989000.0,41644000.0,362062000,38163000.0,323899000.0,371051000.0,412695000,323899000,0,0,0,0,0,0,0,0,1,0,0,0,0,0,0,0,0,0,0,0,0,0,0,1,0,0,0,0,0,0,0,0,0,0,0,0,0,0,0,0,0,0,0,0,0,0,272.3699951171875,2023-12-29,0.10827180219203991
1344,1344,CHTR,2023-12-31,USD,147193000000.0,4132000000,709000000.0,709000000.0,1478040500.0,2965000000.0,143061000000,2047000000.0,69141000000.0,69141000000.0,29668000000.0,19787000000.0,458000000.0,132475000000,13214000000.0,931000000.0,2000000000.0,119261000000.0,0.0,95777000000.0,98905000000.0,9093000000.0,4530000000.0,11086000000,-12260000000.0,8000000.0,149651000,USD,5403000000,13711000000,8308000000.0,8308000000.0,3233000000,221000000.0,0.0,2170000000,-1319000000.0,0.0,1319000000.0,2188000000.0,1635000000,406000000.0,1229000000.0,2954000000.0,5142000000,1058000000,0,0,0,0,0,1,0,0,1,0,0,0,0,0,0,0,0,0,0,1,0,0,0,0,0,0,1,0,0,0,0,0,0,0,1,0,0,1,0,0,0,0,0,0,0,0,388.6799926757813,2023-12-29,-0.11706288169546719
1104,1104,DDOG,2023-12-31,USD,3936072000.0,3178137000,330339000.0,330339000.0,1478040500.0,509279000.0,757935000,2047000000.0,9617000.0,9617000.0,352694000.0,2252559000.0,85960000.0,1910718000,1003052000.0,87712000.0,21974000.0,907666000.0,160102000.0,742235000.0,902337000.0,96856000.0,6093000.0,2025354000,-153698000.0,3000.0,352907000,USD,484612000,589649000,105037000.0,105037000.0,27742000,43848000.0,253250000.0,456870000,31491000.0,32783000.0,1292000.0,23015000.0,57267000,3274000.0,53993000.0,58559000.0,81574000,53993000,0,0,0,0,0,1,0,0,1,0,0,0,0,0,0,0,0,0,0,0,0,0,0,0,0,0,0,0,0,0,0,0,0,0,0,0,0,0,0,0,0,0,0,0,0,0,121.37999725341795,2023-12-29,0.18775746771476887
247,247,FISV,2023-12-31,USD,90890000000.0,34811000000,1204000000.0,1204000000.0,1478040500.0,3582000000.0,56079000000,2047000000.0,11210000000.0,11210000000.0,37205000000.0,0.0,30025000000.0,60221000000,33552000000.0,449000000.0,873000000.0,26669000000.0,0.0,0.0,23236000000.0,30335000000.0,0.0,29857000000,20444000000.0,8000000.0,602700000,USD,3075000000,4917000000,1842000000.0,1842000000.0,1446000000,368000000.0,0.0,1629000000,0.0,0.0,289000000.0,767000000.0,1099000000,210000000.0,471000000.0,1392000000.0,2159000000,870000000,0,0,0,0,0,1,0,0,1,0,0,0,1,0,0,0,0,0,0,1,1,0,0,1,0,0,0,0,0,0,0,0,0,1,1,0,1,1,0,0,0,0,1,0,0,0,132.83999633789062,2023-12-29,0.5527703248936742
813,813,FTNT,2023-12-31,USD,7258900000.0,4428300000,1397900000.0,1397900000.0,484800000.0,1402000000.0,2830600000,2047000000.0,35300000.0,35300000.0,126500000.0,1042500000.0,101100000.0,7722300000,3719000000.0,204300000.0,33400000.0,4003300000.0,0.0,992300000.0,992300000.0,602400000.0,124700000.0,-463400000,-1861700000.0,800000.0,772300000,USD,1099200000,1415100000,315900000.0,315900000.0,385400000,55100000.0,152500000.0,713800000,25100000.0,30500000.0,5400000.0,30200000.0,406100000,95200000.0,310900000.0,421000000.0,451200000,310900000,0,0,0,0,0,0,0,0,1,0,0,0,0,0,0,0,0,0,0,1,0,0,0,0,0,0,0,0,0,0,0,0,0,0,0,0,0,0,0,0,0,0,0,0,0,0,58.52999877929688,2023-12-29,0.6253203355108756
271,271,GILD,2023-12-31,USD,62125000000.0,16085000000,6085000000.0,6085000000.0,1787000000.0,4660000000.0,46040000000,2047000000.0,26454000000.0,26454000000.0,8314000000.0,2265000000.0,1288000000.0,39376000000,11280000000.0,550000000.0,1923000000.0,28096000000.0,0.0,23189000000.0,25658000000.0,7599000000.0,1280000000.0,22833000000,16304000000.0,1000000.0,1256000000,USD,5024000000,7114000000,2090000000.0,2090000000.0,1612000000,754000000.0,1408000000.0,3412000000,-252000000.0,0.0,252000000.0,688000000.0,1653000000,237000000.0,1416000000.0,1905000000.0,2593000000,1429000000,0,0,0,0,0,0,0,0,1,0,0,0,0,0,0,0,0,0,0,1,0,0,0,0,0,0,0,0,0,0,0,0,0,0,0,0,0,1,0,0,0,0,0,0,0,0,75.71280670166016,2023-12-29,0.18220003589340372
80,80,GOOGL,2023-12-31,USD,402392000000.0,171530000000,24048000000.0,24048000000.0,1478040500.0,47964000000.0,230862000000,2047000000.0,986000000.0,986000000.0,29198000000.0,86868000000.0,12650000000.0,119013000000,81814000000.0,7493000000.0,2791000000.0,37199000000.0,16634000000.0,11870000000.0,27121000000.0,64645000000.0,1616000000.0,283379000000,211247000000.0,76534000000.0,12602000000,USD,48735000000,86310000000,37575000000.0,37575000000.0,23697000000,5206000000.0,12113000000.0,25038000000,1041000000.0,1110000000.0,69000000.0,1563000000.0,24412000000,3725000000.0,20687000000.0,24481000000.0,26044000000,20687000000,0,0,0,0,0,1,0,0,1,1,1,0,0,0,0,0,0,0,0,0,0,0,0,0,0,0,0,0,0,0,0,0,0,0,0,0,0,0,0,0,0,0,0,0,0,0,138.64248657226562,2023-12-29,0.3739939824395002
837,837,IDXX,2023-12-31,USD,3259925000.0,1495254000,453932000.0,453932000.0,380282000.0,529528000.0,1764671000,2047000000.0,84500000.0,84500000.0,365961000.0,0.0,131512000.0,1775395000,951547000.0,110643000.0,344799000.0,823848000.0,119473000.0,622883000.0,1067353000.0,372357000.0,0.0,1484530000,4444571000.0,10751000.0,83933000,USD,526167000,901601000,375434000.0,375434000.0,245302000,87021000.0,51812000.0,280865000,-5634000.0,3631000.0,9265000.0,29737000.0,239668000,45147000.0,194521000.0,248933000.0,278670000,194521000,0,0,0,0,0,0,0,0,1,0,0,0,1,0,0,0,0,0,0,0,0,0,0,1,0,0,0,0,0,0,0,0,0,0,0,0,0,0,0,0,0,0,0,0,0,0,555.0499877929688,2023-12-29,-0.2563732833483928
8,8,INTC,2023-12-31,USD,191572000000.0,43269000000,7079000000.0,7079000000.0,11127000000.0,3402000000.0,148303000000,96647000000.0,4589000000.0,4589000000.0,27591000000.0,17955000000.0,3706000000.0,81607000000,28053000000.0,8578000000.0,2300000000.0,53554000000.0,0.0,46978000000.0,49278000000.0,16068000000.0,6576000000.0,105590000000,69156000000.0,36649000000.0,4260000000,USD,7047000000,15406000000,8359000000.0,8359000000.0,2585000000,667000000.0,3987000000.0,4462000000,117000000.0,356000000.0,267000000.0,2513000000.0,2788000000,128000000.0,2660000000.0,3055000000.0,5568000000,2669000000,0,0,0,0,0,0,0,0,0,0,0,0,0,0,0,0,0,0,0,1,0,0,0,0,0,0,0,0,0,0,0,0,0,0,0,0,0,0,0,0,0,0,0,0,0,0,49.58590316772461,2023-12-29,-0.6002896301438142
318,318,ISRG,2023-12-31,USD,15441500000.0,7888000000,2750100000.0,2750100000.0,1220600000.0,1267500000.0,7553500000,2047000000.0,636700000.0,636700000.0,348700000.0,2473100000.0,176700000.0,2044200000,1658700000.0,188700000.0,25300000.0,385500000.0,0.0,0.0,89800000.0,912500000.0,106100000.0,13307600000,4743000000.0,400000.0,358200000,USD,1277400000,1928300000,650900000.0,650900000.0,450200000,567100000.0,260100000.0,827200000,65700000.0,0.0,28700000.0,123200000.0,515900000,-94800000.0,610700000.0,450200000.0,573400000,606200000,0,0,0,0,0,0,0,0,1,0,0,0,0,0,0,0,0,0,0,1,1,0,0,0,0,0,0,0,0,0,0,0,0,0,0,0,0,1,0,0,0,0,0,0,0,0,337.3599853515625,2023-12-29,0.5620110411835351
341,341,JD,2023-12-31,CNY,628958000000.0,307810000000,79398000000.0,79398000000.0,70811000000.0,22416000000.0,321148000000,2047000000.0,46498000000.0,46498000000.0,19980000000.0,118254000000.0,27190000000.0,332578000000,265650000000.0,166167000000.0,12789000000.0,66928000000.0,21431000000.0,41966000000.0,68431000000.0,45659000000.0,1055000000.0,231858000000,44051000000.0,8000000.0,1583000000,CNY,43080000000,306077000000,262997000000.0,262997000000.0,6391000000,2377000000.0,4275000000.0,36689000000,8649000000.0,0.0,927000000.0,2177000000.0,3306000000,1394000000.0,1912000000.0,2056000000.0,4233000000,3389000000,0,0,0,0,0,0,0,0,1,0,0,0,0,0,0,0,0,0,0,0,0,0,0,0,0,0,1,0,0,0,0,0,0,0,0,0,0,1,0,0,0,0,0,0,0,0,27.28058815002441,2023-12-29,0.21987473156639403
365,365,KHC,2023-12-31,USD,90339000000.0,7929000000,1400000000.0,1400000000.0,3614000000.0,2112000000.0,82410000000,2047000000.0,42448000000.0,42448000000.0,30459000000.0,0.0,803000000.0,40617000000,8037000000.0,4627000000.0,638000000.0,32580000000.0,0.0,19394000000.0,20032000000.0,2772000000.0,1418000000.0,49526000000,1367000000.0,12000000.0,1232000000,USD,2317000000,6860000000,4543000000.0,4543000000.0,1300000000,93000000.0,147000000.0,1017000000,-217000000.0,12000000.0,229000000.0,251000000.0,950000000,193000000.0,757000000.0,1179000000.0,1430000000,757000000,0,0,0,0,0,0,0,0,1,0,0,0,1,0,0,0,0,0,0,1,0,0,0,0,0,0,0,0,0,0,0,0,0,0,0,0,0,0,0,0,0,0,0,0,0,0,33.29031753540039,2023-12-29,-0.13950812990289618
861,861,KLAC,2023-12-31,USD,14280501000.0,8748721000,1665054000.0,1665054000.0,3038628000.0,1998091000.0,5531780000,2047000000.0,786233000.0,786233000.0,2086204000.0,1677940000.0,369008000.0,11236790000,4570997000.0,376671000.0,785281000.0,6665793000.0,191479000.0,5142884000.0,6084205000.0,1306676000.0,140983000.0,3043711000,921466000.0,2154509000.0,136254000,USD,1509980000,2486726000,976746000.0,976746000.0,952318000,237244000.0,320418000.0,557662000,-74202000.0,0.0,74202000.0,99063000.0,691270000,108736000.0,582534000.0,765472000.0,864535000,582534000,0,0,0,0,0,0,0,0,1,0,0,0,0,0,0,0,0,0,0,0,0,0,0,0,0,0,0,0,0,0,0,0,0,0,0,0,0,1,0,0,0,0,0,0,0,0,570.552978515625,2023-12-29,0.09973074281606431
1200,1200,LCID,2023-12-31,USD,8512718000.0,4757155000,1369947000.0,1369947000.0,696236000.0,51822000.0,3755563000,2047000000.0,986000000.0,986000000.0,4290000000.0,2489798000.0,149352000.0,3661026000,1008410000.0,108724000.0,109166000.0,2652616000.0,358408000.0,1996960000.0,2427901000.0,782806000.0,280217000.0,4851692000,-10198752000.0,230000.0,229203250,USD,-252864000,157151000,410015000.0,410015000.0,-736867000,205726000.0,242977000.0,484003000,50903000.0,58680000.0,7777000.0,67498000.0,-653752000,14000.0,-653766000.0,-645975000.0,-578477000,-653766000,0,0,0,0,0,0,0,0,1,1,1,1,0,0,0,0,0,0,0,0,0,0,0,0,0,0,0,0,0,0,0,0,0,0,0,0,0,0,0,0,0,0,0,0,0,0,42.09999847412109,2023-12-29,-0.2517814455655365
1176,1176,META,2023-12-31,USD,229623000000.0,85365000000,41862000000.0,41862000000.0,1478040500.0,16169000000.0,144258000000,2047000000.0,788000000.0,788000000.0,20654000000.0,23541000000.0,3793000000.0,76455000000,31960000000.0,4849000000.0,1623000000.0,44495000000.0,18849000000.0,18385000000.0,37234000000.0,21833000000.0,1370000000.0,153168000000,82070000000.0,73253000000.0,2630000000,USD,32416000000,40111000000,7695000000.0,7695000000.0,16384000000,2289000000.0,10517000000.0,16032000000,484000000.0,588000000.0,424000000.0,3172000000.0,16808000000,2791000000.0,14017000000.0,16384000000.0,19556000000,14017000000,0,0,0,0,0,1,0,0,1,0,0,0,0,0,0,0,0,0,0,0,0,0,0,0,0,0,0,0,0,0,0,0,0,0,0,0,0,0,0,0,0,0,0,0,0,0,351.5046081542969,2023-12-29,0.6767387824192925
932,932,MRNA,2023-12-31,USD,18426000000.0,10325000000,2907000000.0,2907000000.0,202000000.0,1081000000.0,8101000000,2047000000.0,44000000.0,44000000.0,52000000.0,5697000000.0,438000000.0,4572000000,3015000000.0,520000000.0,25000000.0,1557000000.0,1243000000.0,0.0,1243000000.0,1839000000.0,256000000.0,13854000000,13606000000.0,8000000.0,395000000,USD,1884000000,2813000000,929000000.0,929000000.0,6000000,266000000.0,1406000000.0,1878000000,97000000.0,103000000.0,6000000.0,202000000.0,70000000,-147000000.0,217000000.0,76000000.0,278000000,217000000,0,0,0,0,0,0,0,0,1,0,0,0,0,0,0,0,0,0,0,0,1,0,0,0,0,0,1,0,0,0,0,0,0,0,0,0,0,0,0,0,0,0,0,0,0,0,99.4499969482422,2023-12-29,-0.6040220987778393
32,32,MSFT,2023-12-31,USD,470558000000.0,147393000000,17305000000.0,17305000000.0,1615000000.0,42831000000.0,323165000000,2047000000.0,29896000000.0,29896000000.0,118931000000.0,63677000000.0,21965000000.0,232290000000,121016000000.0,17695000000.0,33769000000.0,111274000000.0,14155000000.0,44928000000.0,111358000000.0,20697000000.0,20787000000.0,238268000000,145737000000.0,97480000000.0,7468000000,USD,42397000000,62020000000,19623000000.0,19623000000.0,27032000000,1977000000.0,7142000000.0,15365000000,-175000000.0,734000000.0,909000000.0,5959000000.0,26526000000,4656000000.0,21870000000.0,27435000000.0,33394000000,21870000000,0,0,0,0,0,0,0,0,1,0,0,0,0,0,0,0,0,0,0,0,0,0,0,0,0,0,0,0,0,0,0,0,0,0,0,0,0,0,0,0,0,0,0,0,0,0,369.6719665527344,2023-12-29,0.13819476611501091
908,908,MTCH,2023-12-31,USD,4507886000.0,1271311000,862440000.0,862440000.0,1.0,298648000.0,3236575000,2047000000.0,305746000.0,305746000.0,2342612000.0,6200000.0,104023000.0,4526959000,531768000.0,13187000.0,16389000.0,3995191000.0,0.0,3842242000.0,3842242000.0,273083000.0,101787000.0,-19548000,-7131029000.0,290000.0,288205000,USD,624926000,866228000,241302000.0,241302000.0,260252000,108205000.0,97571000.0,364674000,-13614000.0,0.0,40414000.0,33190000.0,224881000,-4799000.0,229680000.0,260252000.0,293442000,229658000,0,0,0,0,0,0,0,0,1,0,0,0,0,0,0,0,0,0,0,1,0,0,0,0,0,0,0,0,0,0,0,0,0,0,0,0,0,1,0,0,0,0,0,0,0,0,35.45271301269531,2023-12-29,-0.10136989337741764
412,412,NXPI,2023-12-31,USD,24353000000.0,7864000000,3648000000.0,3648000000.0,2134000000.0,894000000.0,16489000000,2047000000.0,922000000.0,922000000.0,9955000000.0,409000000.0,779000000.0,15393000000,4111000000.0,1164000000.0,1000000000.0,11282000000.0,0.0,10175000000.0,11175000000.0,1777000000.0,1063000000.0,8644000000,-2793000000.0,56000000.0,260298000,USD,1874000000,3422000000,1548000000.0,1548000000.0,907000000,311000000.0,651000000.0,962000000,-78000000.0,53000000.0,109000000.0,269000000.0,827000000,124000000.0,703000000.0,907000000.0,1176000000,697000000,0,0,0,0,0,0,0,0,1,0,0,0,0,0,0,0,0,0,0,1,0,0,0,0,0,0,0,0,0,0,0,0,0,0,0,0,0,0,0,0,0,0,0,0,0,0,221.68067932128903,2023-12-29,-0.08136458640569122
978,978,PDD,2023-12-31,CNY,377826127000.0,316469963000,55591888000.0,55591888000.0,59113029000.0,11742882000.0,61356164000,2047000000.0,21994000.0,21994000.0,4290000000.0,186539732000.0,62595461000.0,159120158000,151398009000.0,75863637000.0,1801443000.0,7722149000.0,4285808000.0,5231523000.0,9479671000.0,73732929000.0,0.0,218705969000,103116423000.0,178000.0,1181404200,CNY,54117373000,86812059000,32694686000.0,32694686000.0,25973653000,1823445000.0,2909620000.0,28143720000,4351229000.0,4359384000.0,8155000.0,196558750.0,33118008000,5067752000.0,23280309000.0,25973653000.0,26170211750,27997826000,0,0,0,0,0,0,0,0,1,0,0,1,0,0,0,0,0,0,0,0,0,0,0,1,0,0,0,0,0,0,0,0,0,0,0,0,0,0,0,0,0,0,0,0,0,0,146.30999755859375,2023-12-29,-0.3548629556100742
436,436,PYPL,2023-12-31,USD,82166000000.0,62569000000,9081000000.0,9081000000.0,3000000.0,46000000000.0,19597000000,2047000000.0,537000000.0,537000000.0,11026000000.0,4976000000.0,2512000000.0,61115000000,48466000000.0,42074000000.0,1393000000.0,12649000000.0,0.0,9676000000.0,9676000000.0,6392000000.0,2973000000.0,21051000000,23200000000.0,8000000.0,1084000000,USD,3672000000,8026000000,4354000000.0,4354000000.0,1728000000,554000000.0,770000000.0,1944000000,45000000.0,132000000.0,87000000.0,263000000.0,1793000000,391000000.0,1402000000.0,1880000000.0,2143000000,1402000000,0,0,0,0,0,0,0,0,1,0,0,0,0,0,0,0,0,0,0,1,0,0,0,0,0,0,1,0,0,0,0,0,0,0,0,0,0,0,0,0,0,0,0,0,0,0,61.08342361450195,2023-12-29,0.3911414929181316
460,460,QCOM,2023-12-31,USD,52135000000.0,23439000000,8133000000.0,8133000000.0,6247000000.0,3513000000.0,28696000000,2047000000.0,1387000000.0,1387000000.0,10722000000.0,3921000000.0,1625000000.0,29077000000,9169000000.0,2147000000.0,914000000.0,19908000000.0,0.0,14566000000.0,15480000000.0,4842000000.0,4150000000.0,23058000000,22565000000.0,8000000.0,1127000000,USD,5623000000,9935000000,4312000000.0,4312000000.0,2928000000,627000000.0,2096000000.0,2695000000,-29000000.0,149000000.0,178000000.0,437000000.0,2962000000,151000000.0,2811000000.0,2900000000.0,3337000000,2767000000,0,0,0,0,0,0,0,0,1,0,0,0,0,0,0,0,0,0,0,1,0,0,0,0,0,0,1,0,0,0,0,0,0,0,0,0,0,0,0,0,0,0,0,0,0,0,138.72763061523438,2023-12-29,0.08987319579033692
484,484,REGN,2023-12-31,USD,33080200000.0,19479200000,2730000000.0,2730000000.0,2580500000.0,5667300000.0,13601000000,2047000000.0,1038600000.0,1038600000.0,4290000000.0,8114800000.0,386600000.0,7107100000,3423400000.0,606600000.0,0.0,3683700000.0,720000000.0,1982900000.0,2702900000.0,2357900000.0,854100000.0,25973100000,27260300000.0,100000.0,113800000,USD,2805200000,3434300000,629100000.0,629100000.0,1050700000,737700000.0,1050599999.0,1754500000,130400000.0,148700000.0,18300000.0,113000000.0,1147600000,-12000000.0,1159600000.0,1165900000.0,1278900000,1159600000,0,0,0,0,0,0,0,0,1,0,0,1,0,0,0,0,0,1,0,0,0,0,0,0,0,0,0,0,0,0,0,0,0,0,0,0,0,0,0,0,0,0,0,0,0,0,872.3963012695312,2023-12-29,-0.20004777049676492
579,579,SBUX,2023-12-31,USD,29179700000.0,6569500000,3000400000.0,3000400000.0,1646300000.0,1165100000.0,22610200000,2047000000.0,115800000.0,115800000.0,3302800000.0,383000000.0,374700000.0,37788600000,9395600000.0,1460700000.0,2759700000.0,28393000000.0,9448400000.0,13564800000.0,24463500000.0,2375300000.0,560200000.0,-8616000000,-8097500000.0,1100000.0,1140600000,USD,2593200000,9425300000,6832100000.0,6832100000.0,1485400000,648000000.0,0.0,1107800000,-106300000.0,33800000.0,140100000.0,384400000.0,1379100000,354700000.0,1024400000.0,1519200000.0,1903600000,1024400000,0,0,0,0,0,0,0,0,1,0,0,0,0,0,0,0,0,0,0,0,0,0,0,0,0,0,0,0,0,0,0,0,0,0,1,0,0,0,0,0,0,0,0,0,0,0,90.56543731689452,2023-12-29,-0.03194886725540991
531,531,SIRI,2023-12-31,USD,10374000000.0,1271000000,216000000.0,216000000.0,1478040500.0,709000000.0,9103000000,2047000000.0,2905000000.0,2905000000.0,3249000000.0,0.0,346000000.0,12939000000,3226000000.0,1306000000.0,551000000.0,9713000000.0,338000000.0,8690000000.0,9533000000.0,174000000.0,134000000.0,-2565000000,-2572000000.0,4000000.0,386000000,USD,1134000000,2288000000,1154000000.0,1154000000.0,491000000,129000000.0,88000000.0,643000000,-104000000.0,0.0,104000000.0,159000000.0,382000000,30000000.0,352000000.0,486000000.0,645000000,352000000,0,0,0,0,0,1,0,0,1,0,0,0,1,0,0,0,0,0,0,0,0,0,0,0,0,0,0,0,0,0,0,0,0,0,0,0,0,1,0,0,0,0,0,0,0,0,49.78716659545898,2023-12-29,-0.5691134679962091
555,555,SWKS,2023-12-31,USD,8229100000.0,3086600000,1029700000.0,1029700000.0,926800000.0,659400000.0,5142500000,2047000000.0,1162400000.0,1162400000.0,2176700000.0,15900000.0,454800000.0,2001900000,615100000.0,135700000.0,27000000.0,1386800000.0,218400000.0,993200000.0,1211600000.0,384200000.0,40700000.0,6227200000,5998400000.0,40100000.0,161000000,USD,506400000,1201500000,695100000.0,695100000.0,274500000,77200000.0,153100000.0,231900000,-10000000.0,0.0,10000000.0,112800000.0,251700000,20400000.0,231300000.0,261700000.0,374500000,231300000,0,0,0,0,0,0,0,0,1,0,0,0,0,0,0,0,0,0,0,0,0,0,0,0,0,0,0,0,0,0,0,0,0,0,0,0,0,1,0,0,0,0,0,0,0,0,103.6369400024414,2023-12-29,-0.19099498737512888
152,152,ADI,2024-01-31,USD,48388464000.0,4415877000,1303560000.0,1303560000.0,1553221000.0,1196721000.0,43972587000,2047000000.0,10871054000.0,10871054000.0,26913134000.0,0.0,362375000.0,12840391000,2923366000.0,398107000.0,1043766000.0,9917025000.0,0.0,5946673000.0,6990439000.0,1071480000.0,579002000.0,35548073000,10393449000.0,82653000.0,498741000,USD,1473941000,2512704000,1038762999.0,1038762999.0,585964000,290078000.0,391427000.0,887977000,-67972000.0,9169000.0,77141000.0,525251000.0,513418000,50691000.0,462727000.0,590559000.0,1115810000,462727000,0,0,0,0,0,0,0,0,1,0,0,0,1,0,0,0,0,0,0,1,0,0,0,0,0,0,0,0,0,0,0,0,0,0,0,0,0,0,0,0,0,0,0,0,0,0,185.50173950195312,2024-01-31,0.12021419355135898
199,199,ADSK,2024-01-31,USD,9912000000.0,3579000000,1892000000.0,1892000000.0,1478040500.0,876000000.0,6333000000,2047000000.0,406000000.0,406000000.0,3653000000.0,354000000.0,457000000.0,8057000000,4351000000.0,100000000.0,67000000.0,3706000000.0,342000000.0,2284000000.0,2626000000.0,684000000.0,190000000.0,1855000000,-1713000000.0,3802000000.0,216000000,USD,1353000000,1469000000,116000000.0,116000000.0,315000000,182000000.0,352000000.0,1038000000,16000000.0,0.0,22000000.0,51000000.0,337000000,55000000.0,282000000.0,301000000.0,352000000,282000000,0,0,0,0,0,1,0,0,1,0,0,0,0,0,0,0,0,0,0,0,0,0,0,0,0,0,0,0,0,0,0,0,0,0,0,0,0,1,0,0,0,0,0,0,0,0,253.80999755859372,2024-01-31,0.22666561338276559
176,176,AMAT,2024-01-31,USD,31540000000.0,19182000000,6854000000.0,6854000000.0,5646000000.0,5011000000.0,12358000000,2047000000.0,283000000.0,283000000.0,3732000000.0,638000000.0,1033000000.0,14111000000,7076000000.0,1416000000.0,287000000.0,7035000000.0,427000000.0,5462000000.0,5989000000.0,1807000000.0,353000000.0,17429000000,45480000000.0,8000000.0,837000000,USD,3204000000,6707000000,3503000000.0,3503000000.0,1967000000,276000000.0,754000000.0,1237000000,336000000.0,395000000.0,59000000.0,91000000.0,2303000000,284000000.0,2019000000.0,2362000000.0,2453000000,2019000000,0,0,0,0,0,0,0,0,1,0,0,0,0,0,0,0,0,0,0,0,0,0,0,0,0,0,0,0,0,0,0,0,0,0,0,0,0,0,0,0,0,0,0,0,0,0,161.21017456054688,2024-01-31,0.10625873751901316
695,695,AVGO,2024-01-31,USD,177870000000.0,27192000000,11864000000.0,11864000000.0,1920000000.0,4969000000.0,150678000000,2047000000.0,47185000000.0,47185000000.0,97586000000.0,0.0,8439000000.0,107586000000,20369000000.0,1496000000.0,2433000000.0,87217000000.0,98000000.0,73429000000.0,75901000000.0,6847000000.0,1911000000.0,70284000000,0.0,8000000.0,4670000000,USD,7375000000,11961000000,4586000000.0,4586000000.0,2083000000,1572000000.0,2308000000.0,5292000000,-926000000.0,0.0,926000000.0,2345000000.0,1342000000,68000000.0,1274000000.0,2268000000.0,4613000000,1325000000,0,0,0,0,0,0,0,0,1,0,0,0,1,0,0,0,0,0,0,0,0,0,0,0,0,0,1,0,0,0,0,0,0,0,0,0,0,1,0,0,0,0,0,0,0,0,115.38905334472656,2024-01-31,0.9004266915555748
789,789,CPRT,2024-01-31,USD,7598520000.0,3748486000,1256948000.0,1256948000.0,42812000.0,863387000.0,3850034000,2047000000.0,84049000.0,84049000.0,510563000.0,1411122000.0,174217000.0,785806000,526023000.0,473856000.0,21223000.0,259783000.0,115099000.0,453000.0,115552000.0,-21223000.0,0.0,6787600000,5845438000.0,96000.0,974589000,USD,460098000,1020149000,560051000.0,560051000.0,379900000,84252000.0,0.0,80198000,33956000.0,33956000.0,58000000.0,45262000.0,410753000,85226000.0,325527000.0,379773000.0,425035000,325635000,0,0,0,0,0,0,0,0,1,0,0,0,0,0,0,0,0,0,0,0,0,0,0,1,0,0,0,0,0,0,0,0,0,0,1,0,0,0,1,0,0,0,0,0,0,0,48.040000915527344,2024-01-31,0.20587009161466985
1080,1080,CRWD,2024-01-31,USD,6646520000.0,4510937000,3375069000.0,3375069000.0,1.0,853105000.0,2135583000,2047000000.0,114518000.0,114518000.0,638041000.0,99591000.0,183172000.0,4309431000,2697279000.0,28180000.0,14150000.0,1612151999.0,50380000.0,742494000.0,792874000.0,384192000.0,50086000.0,2303950000,-1058836000.0,121000.0,247936000,USD,636763000,845335000,208572000.0,208572000.0,29671000,102737000.0,213998000.0,607092000,35263000.0,41685000.0,6422000.0,42369000.0,68550000,13609000.0,54941000.0,74972000.0,117341000,53699000,0,0,0,0,0,0,0,0,1,0,0,0,0,0,0,0,0,0,0,0,0,0,0,0,0,0,0,0,0,0,0,0,0,0,0,0,0,0,0,0,0,0,0,0,0,0,292.5,2024-01-31,0.36092310196314115
1272,1272,CSCO,2024-01-31,USD,101174000000.0,42127000000,13715000000.0,13715000000.0,3209000000.0,8360000000.0,59047000000,2047000000.0,1678000000.0,1678000000.0,39087000000.0,11956000000.0,4887000000.0,54923000000,30851000000.0,1848000000.0,4936000000.0,24072000000.0,0.0,6669000000.0,11605000000.0,8180000000.0,2253000000.0,46251000000,2761000000.0,45002000000.0,4073000000,USD,8217000000,12791000000,4574000000.0,4574000000.0,3096000000,642000000.0,1943000000.0,5121000000,204000000.0,324000000.0,120000000.0,422000000.0,3161000000,527000000.0,2634000000.0,3281000000.0,3703000000,2634000000,0,0,0,0,0,0,0,0,1,0,0,0,0,0,0,0,0,0,0,1,0,0,0,0,0,0,0,0,0,0,0,0,0,0,0,0,0,0,0,0,0,0,0,0,0,0,47.49089431762695,2024-01-31,0.24576549668487435
294,294,INTU,2024-01-31,USD,29688000000.0,7300000000,1474000000.0,1474000000.0,3390000000.0,2055000000.0,22388000000,2047000000.0,6104000000.0,6104000000.0,13779000000.0,15000000.0,3756000000.0,12780000000,6216000000.0,789000000.0,81000000.0,6564000000.0,554000000.0,5950000000.0,6504000000.0,1011000000.0,31000000.0,16908000000,15140000000.0,19739000000.0,284000000,USD,2531000000,3386000000,855000000.0,855000000.0,369000000,344000000.0,678000000.0,2162000000,-15000000.0,22000000.0,57000000.0,192000000.0,354000000,1000000.0,353000000.0,411000000.0,603000000,353000000,0,0,0,0,0,0,0,0,1,0,0,0,0,0,0,0,0,0,0,0,0,0,0,0,0,0,0,0,0,0,0,0,0,0,0,0,0,0,0,0,0,0,0,0,0,0,623.25,2024-01-31,-0.04138707521685725
884,884,MRVL,2024-01-31,USD,21228500000.0,3062700000,950800000.0,950800000.0,864400000.0,1121600000.0,18165800000,2047000000.0,4354700000.0,4354700000.0,11586900000.0,2600000.0,125900000.0,6397100000,1814200000.0,411300000.0,146700000.0,4582900000.0,235400000.0,4058600000.0,4401300000.0,1195200000.0,213000000.0,14831400000,-16700000.0,1700000.0,864700000,USD,664100000,1426500000,762400000.0,762400000.0,-33300000,212000000.0,459600000.0,697400000,-49600000.0,3000000.0,52600000.0,360100000.0,-87300000,305400000.0,-392700000.0,-34700000.0,325400000,-392700000,0,0,0,0,0,0,0,0,1,0,0,0,0,0,0,0,0,0,0,0,0,0,0,0,0,0,0,0,0,0,0,0,0,0,0,0,0,0,0,0,0,0,0,0,0,0,67.27200317382812,2024-01-31,0.672081216892453
388,388,NVDA,2024-01-31,USD,65728000000.0,44345000000,7280000000.0,7280000000.0,5282000000.0,9999000000.0,21383000000,2047000000.0,1112000000.0,1112000000.0,4430000000.0,18704000000.0,3080000000.0,22750000000,10631000000.0,2699000000.0,1478000000.0,12119000000.0,1347000000.0,8459000000.0,11056000000.0,5690000000.0,65000000.0,42978000000,29817000000.0,2000000.0,24900000000,USD,16791000000,22103000000,5312000000.0,5312000000.0,13614000000,712000000.0,2465000000.0,3177000000,231000000.0,294000000.0,63000000.0,387000000.0,14106000000,1821000000.0,12285000000.0,14169000000.0,14556000000,12285000000,0,0,0,0,0,0,0,0,1,0,0,0,0,0,0,0,0,0,0,0,0,0,0,0,0,0,0,0,0,0,0,0,0,0,0,0,0,0,0,0,0,0,0,0,0,0,61.49273681640625,2024-01-31,0.9520544478048072
955,955,OKTA,2024-01-31,USD,8989000000.0,2980000000,334000000.0,334000000.0,1478040500.0,559000000.0,6009000000,2047000000.0,182000000.0,182000000.0,5406000000.0,1868000000.0,219000000.0,3101000000,1782000000.0,12000000.0,31000000.0,1319000000.0,143000000.0,1154000000.0,1297000000.0,247000000.0,14000000.0,5888000000,-2830000000.0,8000000.0,166002000,USD,460000000,605000000,145000000.0,145000000.0,-83000000,110000000.0,156000000.0,543000000,24000000.0,25000000.0,1000000.0,20000000.0,-44000000,1000000.0,-44000000.0,-43000000.0,-23000000,-44000000,0,0,0,0,0,1,0,0,1,0,0,0,0,0,0,0,0,0,0,0,0,0,0,0,0,0,1,0,0,0,0,0,0,0,0,0,0,0,0,0,0,0,0,0,0,0,82.6500015258789,2024-01-31,0.13998789450961446
1128,1128,PANW,2024-01-31,USD,18292000000.0,6118700000,1782500000.0,1782500000.0,1.0,2341800000.0,12173300000,2047000000.0,440100000.0,440100000.0,3372700000.0,1588500000.0,733900000.0,13934800000,7765500000.0,178800000.0,1821800000.0,6169299999.0,362700000.0,0.0,2184500000.0,846800000.0,317800000.0,4357200000,713700000.0,3650000000.0,715000000,USD,1476000000,1975100000,499100000.0,499100000.0,53600000,301500000.0,447900000.0,1422400000,82500000.0,85300000.0,2800000.0,68600000.0,135500000,-1611400000.0,1746900000.0,137200000.0,205800000,1746900000,0,0,0,0,0,0,0,0,1,0,0,0,0,0,0,0,0,0,0,0,1,0,0,0,0,0,0,0,0,0,0,0,0,0,0,0,0,0,0,0,0,0,0,0,0,0,169.2550048828125,2024-01-31,0.08959849250326535
507,507,ROST,2024-01-31,USD,14300109000.0,7398138000,4872446000.0,4872446000.0,2192220000.0,130766000.0,6901971000,2047000000.0,986000000.0,986000000.0,4290000000.0,0.0,202706000.0,9428783000,4185796000.0,1955850000.0,933338000.0,5242987000.0,3286974000.0,2211017000.0,5747704000.0,1220238000.0,10756000.0,4871326000,3548667000.0,3352000.0,335018000,USD,1647141000,6022501000,4375360000.0,4375360000.0,744054000,903087000.0,0.0,903087000,52188000.0,69918000.0,17730000.0,119066000.0,796242000,186559000.0,609683000.0,813972000.0,933038000,609683000,0,0,0,0,0,0,0,0,1,1,1,1,1,0,0,0,0,0,0,0,0,0,0,0,0,0,0,0,0,0,0,0,0,0,1,0,0,0,0,0,0,0,0,0,0,0,137.38035583496094,2024-01-31,0.08390801699676764
1009,1009,SPLK,2024-01-31,USD,6687356000.0,4006953000,1643141000.0,1643141000.0,1478040500.0,1840928000.0,2680403000,2047000000.0,66963000.0,66963000.0,1416920000.0,360412000.0,162472000.0,5946747000,2557894000.0,34715000.0,1.0,3388853000.0,0.0,0.0,3261572000.0,542562999.0,0.0,740609000,-3523001000.0,177000.0,169092000,USD,1261114000,1486147000,225033000.0,225033000.0,485087000,156062000.0,226883000.0,776027000,0.0,0.0,9860000.0,19665000.0,442183000,15634000.0,471000000.0,485087000.0,504752000,426549000,0,0,0,0,0,1,0,0,1,0,0,0,0,0,0,0,0,0,0,1,1,0,0,1,0,0,0,0,0,0,0,0,0,0,0,0,1,1,0,0,0,0,1,0,0,0,,,
1033,1033,WDAY,2024-01-31,USD,16452000000.0,9707000000,2012000000.0,2012000000.0,1478040500.0,1639000000.0,6745000000,2047000000.0,259000000.0,259000000.0,2846000000.0,5801000000.0,243000000.0,8370000000,5055000000.0,78000000.0,89000000.0,3315000000.0,316000000.0,2980000000.0,3296000000.0,831000000.0,38000000.0,8082000000,-1731000000.0,8000000.0,268843000,USD,1462031000,1922247000,460216000.0,460216000.0,78688000,189852000.0,635130000.0,1383343000,58349000.0,86732000.0,28383000.0,71530000.0,138036000,-1050459000.0,1188495000.0,166419000.0,237949000,1188495000,0,0,0,0,0,1,0,0,1,0,0,0,0,0,0,0,0,0,0,0,0,0,0,0,0,0,1,0,0,0,0,0,0,0,0,0,0,0,0,0,0,0,0,0,0,0,291.07000732421875,2024-01-31,-0.09966677787351419
1057,1057,ZM,2024-01-31,USD,9929793000.0,7926219000,1558252000.0,1558252000.0,403607000.0,536078000.0,2003574000,2047000000.0,72174000.0,72174000.0,307295000.0,5404233000.0,427656000.0,1910387000,1762187000.0,10175000.0,24645000.0,148200000.0,72953000.0,0.0,72953000.0,378037000.0,5260000.0,8019406000,2789280000.0,307000.0,313467303,USD,870150000,1146457000,276307000.0,276307000.0,168530000,125286000.0,205282000.0,701620000,0.0,0.0,33488000.0,27272000.0,352883000,54051000.0,298832000.0,168530000.0,195802000,298832000,0,0,0,0,0,0,0,0,1,0,0,0,0,0,0,0,0,0,0,0,1,0,0,0,0,0,0,0,0,0,0,0,0,0,0,0,1,1,0,0,0,0,0,0,0,0,64.61000061035156,2024-01-31,0.34561215941974566
1152,1152,ZS,2024-01-31,USD,3934226000.0,3142708000,1438586000.0,1438586000.0,1478040500.0,479611000.0,791518000,2047000000.0,22540000.0,22540000.0,92415000.0,1021218000.0,203293000.0,2975370000,1583905000.0,17137000.0,44773000.0,1391465000.0,92679000.0,1141011000.0,1233690000.0,205579000.0,16789000.0,958856000,-1152326000.0,150000.0,148951000,USD,407113000,524999000,117886000.0,117886000.0,-47068000,54595000.0,122164000.0,454181000,24780000.0,28385000.0,3829000.0,18482000.0,-20505000,7964000.0,-28469000.0,-16676000.0,1806000,-28469000,0,0,0,0,0,1,0,0,1,0,0,0,0,0,0,0,0,0,0,0,0,0,0,0,0,0,0,0,0,0,0,0,0,0,0,0,0,0,0,0,0,0,0,0,0,0,235.6699981689453,2024-01-31,-0.14036577454946353
55,55,ADBE,2024-02-29,USD,28751000000.0,10008000000,6254000000.0,6254000000.0,1478040500.0,2057000000.0,18743000000,2047000000.0,1011000000.0,1011000000.0,12803000000.0,566000000.0,1131000000.0,13291000000,9537000000.0,300000000.0,1570000000.0,3754000000.0,451000000.0,2138000000.0,4086000000.0,1569000000.0,435000000.0,15460000000,33809000000.0,8000000.0,456000000,USD,4592000000,5182000000,590000000.0,590000000.0,907000000,352000000.0,939000000.0,3685000000,-27000000.0,0.0,27000000.0,212000000.0,968000000,348000000.0,620000000.0,995000000.0,1207000000,620000000,0,0,0,0,0,1,0,0,1,0,0,0,0,0,0,0,0,0,0,0,0,0,0,0,0,0,1,0,0,0,0,0,0,0,0,0,0,1,0,0,0,0,0,0,0,0,560.280029296875,2024-02-29,-0.21724856388515956
742,742,CTAS,2024-02-29,USD,8978875000.0,1911099000,128483000.0,128483000.0,451215000.0,1262077000.0,7067776000,2047000000.0,488037000.0,488037000.0,3212432000.0,0.0,69324000.0,4744792000,1273895000.0,307941000.0,44430000.0,3470897000.0,190490000.0,2474908000.0,2665398000.0,903214000.0,0.0,4234083000,10341248000.0,2246329000.0,412748000,USD,1147268000,2406173000,1258905000.0,1258905000.0,520800000,667048000.0,0.0,626468000,-24600000.0,930000.0,25530000.0,111414000.0,496200000,98621000.0,397579000.0,523767000.0,635181000,397579000,0,0,0,0,0,0,0,0,1,0,0,0,1,0,0,0,0,0,0,0,0,0,0,1,0,0,0,0,0,0,0,0,0,0,1,0,0,0,0,0,0,0,0,0,0,0,154.61936950683594,2024-02-29,0.3305767662228911
765,765,STZ,2024-02-29,USD,25691700000.0,3729500000,152400000.0,152400000.0,2078300000.0,1080500000.0,21962200000,2047000000.0,2731700000.0,2731700000.0,7980300000.0,0.0,418300000.0,15627100000,3141700000.0,1107100000.0,1287800000.0,12485400000.0,678300000.0,10681100000.0,12557600000.0,661200000.0,104800000.0,9743100000,13417200000.0,2100000.0,183561000,USD,1012900000,2139100000,1126200000.0,1126200000.0,630900000,419800000.0,0.0,382000000,-102400000.0,0.0,102400000.0,106400000.0,492600000,88200000.0,404400000.0,595000000.0,701400000,392400000,0,0,0,0,0,0,0,0,1,0,0,0,1,0,0,0,0,0,0,0,0,0,0,0,0,0,0,0,0,0,0,0,0,0,1,0,0,1,0,0,0,0,0,0,0,0,237.82765197753903,2024-02-29,-0.2807432540158894
1247,1247,AAPL,2024-03-31,USD,337411000000.0,128416000000,32695000000.0,32695000000.0,6232000000.0,41150000000.0,208995000000,43670000000.0,986000000.0,986000000.0,4290000000.0,34455000000.0,13884000000.0,263217000000,123822000000.0,45753000000.0,12759000000.0,139395000000.0,0.0,91831000000.0,104590000000.0,57298000000.0,47564000000.0,74194000000,4339000000.0,78815000000.0,15464709000,USD,42271000000,90753000000,48482000000.0,48482000000.0,27900000000,6468000000.0,7903000000.0,14213000000,0.0,0.0,58000000.0,2836000000.0,28058000000,4422000000.0,23636000000.0,27900000000.0,30736000000,23636000000,0,0,0,0,0,0,0,0,0,1,1,1,0,0,0,0,0,0,0,1,0,0,0,0,0,0,0,0,0,0,0,0,0,0,0,0,1,1,1,0,0,0,0,0,0,0,168.49652099609375,2024-04-01,0.3125853287290987
222,222,ADP,2024-03-31,USD,64181600000.0,55639600000,3291700000.0,3291700000.0,47929500000.0,3460700000.0,8542000000,2047000000.0,1295300000.0,1295300000.0,2355400000.0,0.0,48887200000.0,59554900000,54901900000.0,84600000.0,95300000.0,4653000000.0,309100000.0,2990700000.0,3395100000.0,54422500000.0,935500000.0,4626700000,23366100000.0,63900000.0,412100000,USD,2702700000,5253800000,2551100000.0,2551100000.0,1544700000,932500000.0,242700000.0,1158000000,-6800000.0,55900000.0,61600000.0,144600000.0,1546300000,361400000.0,1184900000.0,1607900000.0,1752500000,1184900000,0,0,0,0,0,0,0,0,1,0,0,0,1,0,0,0,0,0,0,0,0,0,0,0,0,0,0,0,0,0,0,0,0,0,0,0,0,0,0,0,0,0,0,0,0,0,236.1914825439453,2024-04-01,0.2722628560095277
650,650,AEP,2024-03-31,USD,97744600000.0,5849600000,230700000.0,230700000.0,1770300000.0,2415300000.0,91895000000,2047000000.0,986000000.0,986000000.0,52500000.0,217000000.0,1216300000.0,71900900000,10906600000.0,1990900000.0,5043300000.0,60994300000.0,616400000.0,38637300000.0,44189900000.0,1760600000.0,561400000.0,25803300000,13338000000.0,3433300000.0,527596395,USD,1652500000,5096100000,3443600000.0,3443600000.0,1242100000,368000000.0,0.0,410400000,-435600000.0,0.0,436800000.0,787100000.0,863800000,-141900000.0,1005700000.0,1276100000.0,2063200000,1003100000,0,0,0,0,0,0,0,0,1,1,1,0,0,0,0,0,0,0,0,0,0,0,0,0,0,0,0,0,0,0,0,0,0,1,1,0,0,1,0,0,0,0,0,0,0,0,78.79495239257812,2024-04-01,0.34198734446366785
626,626,ALGN,2024-03-31,USD,6155754000.0,2479314000,865805000.0,865805000.0,280076000.0,1157653000.0,3676440000,2047000000.0,121424000.0,121424000.0,458235000.0,33101000.0,142679000.0,2395894000,2023041000.0,117238000.0,31324000.0,372853000.0,126416000.0,0.0,126416000.0,426335000.0,156447000.0,3759860000,2502675000.0,7000.0,75322000,USD,697816000,997431000,299615000.0,299615000.0,154135000,451822000.0,91859000.0,543681000,4392000.0,4392000.0,4251000.0,32946000.0,158386000,53358000.0,105028000.0,154135000.0,187081000,105028000,0,0,0,0,0,0,0,0,1,0,0,0,0,0,0,0,0,0,0,0,1,0,0,0,0,0,0,0,0,0,0,0,0,0,0,0,0,0,0,0,0,0,0,0,0,0,319.6499938964844,2024-04-01,-0.5030189155523749
602,602,AMD,2024-03-31,USD,67895000000.0,17084000000,4190000000.0,4190000000.0,4652000000.0,5069000000.0,50811000000,2047000000.0,20741000000.0,20741000000.0,24262000000.0,1845000000.0,1328000000.0,11697000000,6474000000.0,1418000000.0,750000000.0,5223000000.0,530000000.0,1718000000.0,2998000000.0,4306000000.0,1776000000.0,56198000000,846000000.0,17000000.0,1639000000,USD,2560000000,5473000000,2913000000.0,2913000000.0,36000000,620000000.0,1525000000.0,2524000000,-25000000.0,0.0,25000000.0,784000000.0,71000000,-52000000.0,123000000.0,89000000.0,873000000,123000000,0,0,0,0,0,0,0,0,1,0,0,0,0,0,0,0,0,0,0,0,0,0,0,0,0,0,0,0,0,0,0,0,0,0,0,0,0,1,0,0,0,0,0,0,0,0,183.33999633789065,2024-04-01,-0.4396203778993074
127,127,AMGN,2024-03-31,USD,92980000000.0,28029000000,9708000000.0,9708000000.0,8724000000.0,6776000000.0,64951000000,2047000000.0,31372000000.0,31372000000.0,18570000000.0,0.0,2821000000.0,87958000000,19714000000.0,1628000000.0,3959000000.0,68244000000.0,0.0,60061000000.0,64020000000.0,14127000000.0,2357000000.0,5022000000,-27870000000.0,33082000000.0,536000000,USD,4247000000,7447000000,3200000000.0,3200000000.0,991000000,1808000000.0,1343000000.0,3256000000,-824000000.0,0.0,824000000.0,1399000000.0,-68000000,45000000.0,-113000000.0,756000000.0,2155000000,-113000000,0,0,0,0,0,0,0,0,1,0,0,0,1,0,0,0,0,0,0,1,0,0,0,0,0,0,0,0,0,0,0,0,0,0,0,0,0,1,0,0,0,0,0,0,0,0,266.3123474121094,2024-04-01,0.13428166063390878
103,103,AMZN,2024-03-31,USD,530969000000.0,163989000000,72852000000.0,72852000000.0,31147000000.0,47768000000.0,366980000000,2047000000.0,986000000.0,986000000.0,22770000000.0,12222000000.0,5568000000.0,314308000000,152965000000.0,73068000000.0,19055000000.0,161343000000.0,77052000000.0,57634000000.0,134686000000.0,63970000000.0,26657000000.0,216661000000,124049000000.0,109000000.0,10670000000,USD,70680000000,143313000000,72633000000.0,72633000000.0,15307000000,2742000000.0,16960000000.0,55145000000,349000000.0,993000000.0,644000000.0,11684000000.0,12898000000,2467000000.0,10431000000.0,15307000000.0,26991000000,10431000000,0,0,0,0,0,0,0,0,1,1,1,0,0,0,0,0,0,0,0,0,0,0,0,0,0,0,0,0,0,0,0,0,0,0,0,0,0,0,0,0,0,0,0,0,0,0,180.97000122070312,2024-04-01,0.05133443788179659
671,671,ANSS,2024-03-31,USD,7150414000.0,1981171000,1050509000.0,1050509000.0,1.0,836309000.0,5169243000,2047000000.0,806375000.0,806375000.0,3797859000.0,20100000.0,74253000.0,1740771000,706574000.0,27899000.0,15885000.0,1034197000.0,95320000.0,753970000.0,849290000.0,229623000.0,111815000.0,5409643000,5318120000.0,953000.0,87780000,USD,397938000,466605000,68667000.0,68667000.0,43339000,219643000.0,128811000.0,354599000,-1374000.0,10995000.0,12369000.0,35536000.0,40958000,6180000.0,34778000.0,53327000.0,88863000,34778000,0,0,0,0,0,0,0,0,1,0,0,0,0,0,0,0,0,0,0,0,0,0,0,0,0,0,0,0,0,0,0,0,0,0,0,0,0,0,0,0,0,0,0,0,0,0,,,
1223,1223,AZN,2024-03-31,USD,102293000000.0,25594000000,7841000000.0,7841000000.0,5337000000.0,11072000000.0,76699000000,2047000000.0,38834000000.0,38834000000.0,19978000000.0,180000000.0,1164000000.0,64792000000,28901000000.0,19699000000.0,6331000000.0,35891000000.0,0.0,0.0,34551000000.0,1240000000.0,0.0,37445000000,-212000000.0,388000000.0,3120000000,USD,10461000000,12679000000,2218000000.0,2218000000.0,3115000000,4495000000.0,2783000000.0,7346000000,0.0,0.0,413000000.0,1255000000.0,2800000000,620000000.0,471000000.0,3213000000.0,4468000000,2179000000,0,0,0,0,0,0,0,0,1,0,0,0,0,0,0,0,0,0,0,1,1,0,0,1,0,0,0,0,0,0,0,0,0,0,0,0,1,1,0,0,0,0,1,0,0,0,129.53517150878906,2024-04-01,0.11536140494464919
1295,1295,BIDU,2024-03-31,CNY,414697000000.0,217478000000,30418000000.0,30418000000.0,11591000000.0,12108000000.0,197219000000,2047000000.0,21406000000.0,21406000000.0,22586000000.0,149781000000.0,13580000000.0,146934000000,77931000000.0,36739000000.0,25844000000.0,69003000000.0,8000000000.0,58667000000.0,89397000000.0,15348000000.0,1853000000.0,248007000000,3807700000.0,248007000000.0,352000000,CNY,16222000000,31513000000,15291000000.0,15291000000.0,5484000000,417000000.0,5363000000.0,10738000000,1290000000.0,2064000000.0,766000000.0,1617000000.0,6730000000,883000000.0,2961000000.0,7496000000.0,9113000000,5448000000,0,0,0,0,0,0,0,0,1,0,0,0,0,0,0,0,0,0,0,0,0,0,0,0,0,1,0,0,0,0,0,0,0,0,0,0,0,0,0,0,0,0,0,0,0,0,108.44000244140624,2024-04-01,-0.15132795363939833
1319,1319,BIIB,2024-03-31,USD,26567600000.0,6756200000,1074400000.0,1074400000.0,2516800000.0,1999700000.0,19811400000,2047000000.0,8284700000.0,8284700000.0,6227400000.0,0.0,1165300000.0,11354600000,3222800000.0,387000000.0,250000000.0,8131800000.0,406500000.0,6290100000.0,6946600000.0,2354600000.0,366100000.0,15213000000,18021000000.0,100000.0,145900000,USD,1792400000,2290500000,498100000.0,498100000.0,690400000,581500000.0,523700000.0,1102000000,-51800000.0,17400000.0,69200000.0,147500000.0,464800000,71400000.0,393400000.0,632400000.0,779900000,393400000,0,0,0,0,0,0,0,0,1,0,0,0,1,0,0,0,0,0,0,0,0,0,0,0,0,0,0,0,0,0,0,0,0,0,0,0,0,0,0,0,0,0,0,0,0,0,214.8300018310547,2024-04-01,-0.3630312564745798
718,718,CDNS,2024-03-31,USD,5722130000.0,1929932000,1012418000.0,1012418000.0,185784000.0,389865000.0,3792198000,2047000000.0,334644000.0,334644000.0,1575107000.0,144599000.0,341865000.0,2154534000,1465743000.0,456608000.0,349507000.0,688791000.0,0.0,299805000.0,649312000.0,456608000.0,301983000.0,3567596000,5184027000.0,3331547000.0,273544000,USD,883906000,1009103000,125197000.0,125197000.0,249956000,68716000.0,378958000.0,633950000,820000.0,9512000.0,8692000.0,38639000.0,310043000,62400000.0,247643000.0,318735000.0,357374000,247643000,0,0,0,0,0,0,0,0,1,0,0,0,0,0,0,0,0,0,0,1,0,0,0,0,0,0,0,0,0,0,0,0,0,0,0,0,0,0,0,0,0,0,0,0,0,0,312.1300048828125,2024-04-01,-0.18517925911499122
1343,1343,CHTR,2024-03-31,USD,148044000000.0,4396000000,661000000.0,661000000.0,1478040500.0,3004000000.0,143648000000,2047000000.0,68905000000.0,68905000000.0,29668000000.0,0.0,731000000.0,132438000000,10926000000.0,850000000.0,0.0,121512000000.0,0.0,97965000000.0,97965000000.0,8591000000.0,4581000000.0,11874000000,-11154000000.0,8000000.0,146643000,USD,5367000000,13679000000,8312000000.0,8312000000.0,3093000000,214000000.0,0.0,2274000000,-1316000000.0,0.0,1316000000.0,2190000000.0,1726000000,446000000.0,1280000000.0,3042000000.0,5232000000,1106000000,0,0,0,0,0,1,0,0,1,0,0,0,1,0,0,0,0,1,0,1,0,0,0,0,0,0,1,0,0,0,0,0,0,0,1,0,0,1,0,0,0,0,0,0,0,0,284.1499938964844,2024-04-01,0.2969558567492072
1103,1103,DDOG,2024-03-31,USD,4141466000.0,3333663000,282218000.0,282218000.0,1478040500.0,451057000.0,807803000,2047000000.0,7312000.0,7312000.0,351437000.0,2499151000.0,101237000.0,1939111000,972793000.0,64316000.0,23591000.0,966318000.0,214482000.0,743085000.0,957567000.0,117412000.0,6151000.0,2202355000,-111067000.0,3000.0,355979000,USD,500950000,611253000,110303000.0,110303000.0,11996000,45290000.0,269988000.0,488954000,34061000.0,35435000.0,1374000.0,12900000.0,46185000,3554000.0,42631000.0,46709000.0,59609000,42631000,0,0,0,0,0,1,0,0,1,0,0,0,0,0,0,0,0,0,0,0,0,0,0,0,0,0,0,0,0,0,0,0,0,0,0,0,0,0,0,0,0,0,0,0,0,0,123.1500015258789,2024-04-01,-0.1943970941516835
246,246,FISV,2024-03-31,USD,92698000000.0,37094000000,596000000.0,596000000.0,1478040500.0,3574000000.0,55604000000,2047000000.0,10926000000.0,10926000000.0,37038000000.0,0.0,32924000000.0,63115000000,35118000000.0,540000000.0,785000000.0,27997000000.0,0.0,0.0,24539000000.0,31859000000.0,0.0,28801000000,21179000000.0,8000000.0,594800000,USD,2878000000,4883000000,2005000000.0,2005000000.0,1181000000,368000000.0,0.0,1697000000,0.0,0.0,271000000.0,774000000.0,905000000,153000000.0,471000000.0,1184000000.0,1958000000,735000000,0,0,0,0,0,1,0,0,1,0,0,0,1,0,0,0,0,0,0,1,1,0,0,1,0,0,0,0,0,0,0,0,0,1,1,0,1,1,0,0,0,0,1,0,0,0,158.57000732421875,2024-04-01,0.3926341150980499
812,812,FTNT,2024-03-31,USD,7662100000.0,4559700000,1926300000.0,1926300000.0,439500000.0,996200000.0,3102400000,2047000000.0,34100000.0,34100000.0,129000000.0,1096800000.0,100900000.0,7799600000,3800400000.0,135200000.0,1.0,3999200000.0,0.0,992800000.0,992800000.0,753200000.0,128500000.0,-137500000,-1562400000.0,800000.0,770500000,USD,1048600000,1353300000,304700000.0,304700000.0,321200000,54400000.0,173000000.0,727400000,27100000.0,32200000.0,5100000.0,28600000.0,338800000,39500000.0,299300000.0,350500000.0,379100000,299300000,0,0,0,0,0,0,0,0,1,0,0,0,0,0,0,0,0,0,0,1,0,0,0,0,0,0,0,0,0,0,0,0,0,0,0,0,0,0,0,0,0,0,0,0,0,0,67.81999969482422,2024-04-01,0.4193453637478666
270,270,GILD,2024-03-31,USD,56292000000.0,14041000000,4718000000.0,4718000000.0,1853000000.0,4669000000.0,42251000000,2047000000.0,23428000000.0,23428000000.0,8314000000.0,1341000000.0,1460000000.0,38837000000,13016000000.0,622000000.0,3667000000.0,25821000000.0,0.0,21527000000.0,25194000000.0,7529000000.0,1394000000.0,17539000000,10656000000.0,1000000.0,1247000000,USD,5134000000,6686000000,1552000000.0,1552000000.0,-4322000000,632000000.0,1520000000.0,9456000000,-254000000.0,108000000.0,254000000.0,690000000.0,-4486000000,-315000000.0,-4171000000.0,-4232000000.0,-3542000000,-4170000000,0,0,0,0,0,0,0,0,1,0,0,0,0,0,0,0,0,0,0,1,0,0,0,0,0,0,0,0,0,0,0,0,0,0,0,0,0,0,0,0,0,0,0,0,0,0,68.81214904785156,2024-04-01,0.5951791848322485
79,79,GOOGL,2024-03-31,USD,407350000000.0,165471000000,24493000000.0,24493000000.0,1478040500.0,44552000000.0,241879000000,2047000000.0,986000000.0,986000000.0,29183000000.0,83597000000.0,12829000000.0,114506000000,76997000000.0,6198000000.0,2874000000.0,37509000000.0,16186000000.0,11873000000.0,28059000000.0,59026000000.0,1683000000.0,292844000000,219770000000.0,77913000000.0,12527000000,USD,46827000000,80539000000,33712000000.0,33712000000.0,25472000000,3026000000.0,11903000000.0,21355000000,967000000.0,1061000000.0,94000000.0,3413000000.0,28315000000,4653000000.0,23662000000.0,28409000000.0,31822000000,23662000000,0,0,0,0,0,1,0,0,1,1,1,0,0,0,0,0,0,0,0,0,0,0,0,0,0,0,0,0,0,0,0,0,0,0,0,0,0,0,0,0,0,0,0,0,0,0,154.32398986816406,2024-04-01,-0.000711900212947203
836,836,IDXX,2024-03-31,USD,3353515000.0,1501973000,397433000.0,397433000.0,390599000.0,578242000.0,1851542000,2047000000.0,115352000.0,115352000.0,408672000.0,0.0,135699000.0,1784609000,956902000.0,117462000.0,344285000.0,827707000.0,123166000.0,620778000.0,1068942000.0,322767000.0,0.0,1568906000,4680150000.0,10767000.0,83957000,USD,593070000,964095000,371025000.0,371025000.0,298958000,92024000.0,52635000.0,294112000,-3479000.0,4432000.0,7911000.0,29904000.0,295479000,59900000.0,235579000.0,304647000.0,334551000,235579000,0,0,0,0,0,0,0,0,1,0,0,0,1,0,0,0,0,0,0,0,0,0,0,1,0,0,0,0,0,0,0,0,0,0,0,0,0,0,0,0,0,0,0,0,0,0,532.4099731445312,2024-04-01,-0.21122812608728292
7,7,INTC,2024-03-31,USD,192733000000.0,42608000000,6923000000.0,6923000000.0,11494000000.0,3323000000.0,150125000000,99924000000.0,4675000000.0,4675000000.0,27440000000.0,14388000000.0,6480000000.0,81977000000,27213000000.0,8559000000.0,4581000000.0,54764000000.0,0.0,47869000000.0,52450000000.0,13727000000.0,6895000000.0,105973000000,68224000000.0,38291000000.0,4242000000,USD,5217000000,12724000000,7507000000.0,7507000000.0,-1069000000,1556000000.0,4382000000.0,6286000000,145000000.0,323000000.0,258000000.0,2551000000.0,-719000000,-282000000.0,-437000000.0,-461000000.0,2090000000,-381000000,0,0,0,0,0,0,0,0,0,0,0,0,0,0,0,0,0,0,0,1,0,0,0,0,0,0,0,0,0,0,0,0,0,0,0,0,0,0,0,0,0,0,0,0,0,0,44.06040191650391,2024-04-01,-0.48457122276122355
317,317,ISRG,2024-03-31,USD,15828000000.0,7632700000,2839500000.0,2839500000.0,1299300000.0,1260400000.0,8195299999,2047000000.0,33800000.0,33800000.0,348200000.0,1960600000.0,272900000.0,1781600000,1375100000.0,194400000.0,437500000.0,406500000.0,0.0,0.0,6120000000.0,1180700000.0,105800000.0,13962600000,5067900000.0,400000.0,360500000,USD,1245400000,1890600000,645200000.0,645200000.0,469400000,491500000.0,284500000.0,776000000,69100000.0,69100000.0,58000000.0,109300000.0,538500000,-8900000.0,547400000.0,469400000.0,578700000,544900000,0,0,0,0,0,0,0,0,1,0,0,0,0,0,0,0,0,0,0,1,1,1,0,0,0,0,0,0,0,0,0,0,0,0,0,0,0,0,1,0,0,0,0,0,0,0,394.8699951171875,2024-04-01,0.2542608836781539
340,340,JD,2024-03-31,CNY,601822000000.0,284072000000,81626000000.0,81626000000.0,67994000000.0,20483000000.0,317750000000,2047000000.0,45272000000.0,45272000000.0,19980000000.0,90371000000.0,23598000000.0,313859000000,246099000000.0,146831000000.0,13126000000.0,67760000000.0,22123000000.0,42589000000.0,69979000000.0,49127000000.0,979000000.0,222380000000,42916000000.0,8000000.0,1572014500,CNY,39350000000,260049000000,220699000000.0,220699000000.0,7700000000,2137000000.0,4034000000.0,31650000000,-601000000.0,2589000000.0,601000000.0,2217000000.0,9065000000,1700000000.0,7365000000.0,9666000000.0,11883000000,7130000000,0,0,0,0,0,0,0,0,1,0,0,0,0,0,0,0,0,0,0,0,0,0,0,0,0,0,1,0,0,0,0,0,0,0,0,0,0,0,0,0,0,0,0,0,0,0,26.21353912353516,2024-04-01,0.5237336434739355
364,364,KHC,2024-03-31,USD,90309000000.0,8233000000,1626000000.0,1626000000.0,3578000000.0,2216000000.0,82076000000,2047000000.0,42296000000.0,42296000000.0,30390000000.0,10301000000.0,813000000.0,40621000000,7571000000.0,4421000000.0,622000000.0,33050000000.0,0.0,19923000000.0,20545000000.0,2528000000.0,1353000000.0,49522000000,1680000000.0,12000000.0,1223000000,USD,2243000000,6411000000,4168000000.0,4168000000.0,1302000000,908000000.0,0.0,941000000,-210000000.0,16000000.0,226000000.0,230000000.0,1029000000,225000000.0,804000000.0,1255000000.0,1485000000,801000000,0,0,0,0,0,0,0,0,1,0,0,0,0,0,0,0,0,0,0,1,0,0,0,0,0,0,0,0,0,0,0,0,0,0,1,0,0,0,0,0,0,0,0,0,0,0,33.74416732788086,2024-04-01,-0.1381025140543608
860,860,KLAC,2024-03-31,USD,14957289000.0,9528082000,1848167000.0,1848167000.0,3007053000.0,1789778000.0,5429207000,2047000000.0,727601000.0,727601000.0,2015727000.0,2446135000.0,436949000.0,11862404000,4458538000.0,354720000.0,786285000.0,7403866000.0,194772000.0,5879025000.0,6823686000.0,1234073000.0,145155000.0,3094885000,958904000.0,2177501000.0,135856000,USD,1392222000,2355391000,963169000.0,963169000.0,848334000,237514000.0,321590000.0,543888000,-79981000.0,0.0,79981000.0,99263000.0,702008000,100467000.0,601541000.0,781989000.0,881252000,601541000,0,0,0,0,0,0,0,0,1,0,0,0,0,0,0,0,0,0,0,0,0,0,0,0,0,0,0,0,0,0,0,0,0,0,0,0,0,1,0,0,0,0,0,0,0,0,699.2882080078125,2024-04-01,-0.035183917659017516
1199,1199,LCID,2024-03-31,USD,8897041000.0,4833997000,2169489000.0,2169489000.0,565653000.0,126930000.0,4063044000,2047000000.0,986000000.0,986000000.0,4290000000.0,1824900000.0,147025000.0,4664851000,1036719000.0,101489000.0,110330000.0,3628132000.0,352694000.0,1998251000.0,2423469000.0,824900000.0,286833000.0,4232190000,-10879611000.0,231000.0,230187064,USD,-232056000,172740000,404796000.0,404796000.0,-729915000,213232000.0,284627000.0,497859000,43130000.0,50631000.0,7501000.0,68838000.0,-680671000,188000.0,-680859000.0,-673170000.0,-604332000,-680859000,0,0,0,0,0,0,0,0,1,1,1,1,0,0,0,0,0,0,0,0,0,0,0,0,0,0,0,0,0,0,0,0,0,0,0,0,0,0,0,0,0,0,0,0,0,0,28.600000381469727,2024-04-01,-0.153846138456036
1175,1175,META,2024-03-31,USD,222844000000.0,75330000000,32307000000.0,32307000000.0,1478040500.0,13430000000.0,147514000000,2047000000.0,829000000.0,829000000.0,20654000000.0,25813000000.0,3780000000.0,73315000000,28101000000.0,3785000000.0,1676000000.0,45214000000.0,19246000000.0,18387000000.0,37633000000.0,17777000000.0,1462000000.0,149529000000,76793000000.0,75391000000.0,2625000000,USD,29815000000,36455000000,6640000000.0,6640000000.0,13818000000,3455000000.0,9978000000.0,15997000000,513000000.0,585000000.0,127000000.0,3374000000.0,14183000000,1814000000.0,12369000000.0,14310000000.0,17684000000,12369000000,0,0,0,0,0,1,0,0,1,0,0,0,0,0,0,0,0,0,0,0,0,0,0,0,0,0,0,0,0,0,0,0,0,0,0,0,0,0,0,0,0,0,0,0,0,0,488.4592590332031,2024-04-01,0.17729255328354365
931,931,MRNA,2024-03-31,USD,16729000000.0,9600000000,2051000000.0,2051000000.0,295000000.0,387000000.0,7129000000,2047000000.0,43000000.0,43000000.0,52000000.0,6472000000.0,395000000.0,3912000000,2380000000.0,183000000.0,25000000.0,1532000000.0,1237000000.0,0.0,1237000000.0,1561000000.0,262000000.0,12817000000,12431000000.0,8000000.0,382000000,USD,71000000,167000000,96000000.0,96000000.0,-1266000000,274000000.0,1027000000.0,1337000000,114000000.0,120000000.0,6000000.0,36000000.0,-1165000000,10000000.0,-1175000000.0,-1159000000.0,-1123000000,-1175000000,0,0,0,0,0,0,0,0,1,0,0,0,0,0,0,0,0,0,0,0,1,0,0,0,0,0,1,0,0,0,0,0,0,0,0,0,0,0,0,0,0,0,0,0,0,0,105.5999984741211,2024-04-01,-0.7315340834174602
31,31,MSFT,2024-03-31,USD,484275000000.0,147180000000,19634000000.0,19634000000.0,1304000000.0,44029000000.0,337095000000,2047000000.0,28828000000.0,28828000000.0,119163000000.0,60379000000.0,21834000000.0,231123000000,118525000000.0,18087000000.0,35377000000.0,112598000000.0,14469000000.0,42658000000.0,106229000000.0,28455000000.0,23271000000.0,253152000000,159394000000.0,99193000000.0,7472000000,USD,43353000000,61858000000,18505000000.0,18505000000.0,27581000000,1912000000.0,7653000000.0,15772000000,-181000000.0,619000000.0,800000000.0,6027000000.0,26727000000,4788000000.0,21939000000.0,27527000000.0,33554000000,21939000000,0,0,0,0,0,0,0,0,1,0,0,0,0,0,0,0,0,0,0,0,0,0,0,0,0,0,0,0,0,0,0,0,0,0,0,0,0,0,0,0,0,0,0,0,0,0,418.1519165039063,2024-04-01,-0.10908457026936658
907,907,MTCH,2024-03-31,USD,4403453000.0,1249875000,914929000.0,914929000.0,1478040500.0,225129000.0,3153578000,2047000000.0,287527000.0,287527000.0,2286283000.0,5938000.0,103879000.0,4511125000,518890000.0,21193000.0,24658000.0,3992235000.0,0.0,3843901000.0,3843901000.0,299154000.0,101604000.0,-107810000,-7007831000.0,292000.0,286211000,USD,602905000,859647000,256742000.0,256742000.0,184738000,106241000.0,115737000.0,418167000,-40353000.0,9960000.0,40353000.0,30888000.0,153859000,30625000.0,123234000.0,194212000.0,225100000,123198000,0,0,0,0,0,1,0,0,1,0,0,0,0,0,0,0,0,0,0,1,0,0,0,0,0,0,0,0,0,0,0,0,0,0,0,0,0,0,0,0,0,0,0,0,0,0,34.879642486572266,2024-04-01,-0.12608031791802887
411,411,NXPI,2024-03-31,USD,23320000000.0,6894000000,2686000000.0,2686000000.0,2102000000.0,881000000.0,16426000000,2047000000.0,839000000.0,839000000.0,9945000000.0,400000000.0,825000000.0,14170000000,2928000000.0,954000000.0,0.0,11242000000.0,0.0,10178000000.0,10178000000.0,1806000000.0,1018000000.0,8829000000,-2421000000.0,56000000.0,258954000,USD,1783000000,3126000000,1343000000.0,1343000000.0,856000000,306000000.0,564000000.0,927000000,-70000000.0,50000000.0,120000000.0,235000000.0,786000000,142000000.0,644000000.0,891000000.0,1126000000,639000000,0,0,0,0,0,0,0,0,1,0,0,0,0,0,0,0,0,1,0,1,0,0,0,0,0,0,0,0,0,0,0,0,0,0,0,0,0,0,0,0,0,0,0,0,0,0,238.72659301757807,2024-04-01,-0.21469703204551205
977,977,PDD,2024-03-31,CNY,348078120000.0,294750472000,59794469000.0,59794469000.0,1.0,7430337000.0,53327648000,2047000000.0,21148000.0,21148000.0,4290000000.0,157415365000.0,70110301000.0,160836513000,152900901000.0,91902691000.0,2290118000.0,7935612000.0,4165112000.0,5240608000.0,10165901000.0,41779489000.0,0.0,187241607000,75118597000.0,177000.0,1176596000,CNY,54117373000,86812059000,32694686000.0,32694686000.0,25973653000,1823445000.0,2909620000.0,28143720000,5048589000.0,5048589000.0,8155000.0,196559000.0,33065578000,5067752000.0,27997826000.0,25973653000.0,26170212000,27997826000,0,0,0,0,0,0,0,0,1,0,0,1,0,0,0,0,0,0,0,0,0,0,0,1,0,0,0,0,0,0,0,0,0,0,0,0,0,0,0,0,0,0,0,0,0,0,119.16000366210938,2024-04-01,-0.006797626410663171
435,435,PYPL,2024-03-31,USD,83347000000.0,63706000000,9693000000.0,9693000000.0,-4418000000.0,44970000000.0,19641000000,2047000000.0,465000000.0,465000000.0,10916000000.0,4622000000.0,4421000000.0,62645000000,49846000000.0,41461000000.0,1291000000.0,12799000000.0,0.0,9683000000.0,9683000000.0,8385000000.0,3116000000.0,20702000000,24088000000.0,8000000.0,1072000000,USD,3461000000,7699000000,4238000000.0,4238000000.0,1168000000,464000000.0,742000000.0,2293000000,80000000.0,166000000.0,86000000.0,265000000.0,1209000000,321000000.0,888000000.0,1295000000.0,1560000000,888000000,0,0,0,0,0,0,0,0,1,0,0,0,0,0,0,0,0,0,0,1,0,0,0,0,0,0,1,0,0,0,0,0,0,0,0,0,0,0,0,0,0,0,0,0,0,0,64.68416595458984,2024-04-01,0.003383114246127361
459,459,QCOM,2024-03-31,USD,53167000000.0,24232000000,9219000000.0,9219000000.0,6087000000.0,3054000000.0,28935000000,2047000000.0,1331000000.0,1331000000.0,10760000000.0,4632000000.0,1240000000.0,28698000000,9143000000.0,2314000000.0,914000000.0,19555000000.0,0.0,14543000000.0,15457000000.0,4569000000.0,4351000000.0,24469000000,23965000000.0,66000000.0,1130000000,USD,5283000000,9389000000,4106000000.0,4106000000.0,2340000000,707000000.0,2236000000.0,2943000000,-12000000.0,160000000.0,172000000.0,411000000.0,2498000000,223000000.0,2275000000.0,2340000000.0,2751000000,2326000000,0,0,0,0,0,0,0,0,1,0,0,0,0,0,0,0,0,0,0,1,0,0,0,0,0,0,0,0,0,0,0,0,0,0,0,0,0,0,0,0,0,0,0,0,0,0,165.5487060546875,2024-04-01,-0.08753811270669343
483,483,REGN,2024-03-31,USD,34369600000.0,18871500000,2602000000.0,2602000000.0,2714900000.0,5222200000.0,15498100000,2047000000.0,1058700000.0,1058700000.0,4290000000.0,7917500000.0,414900000.0,7378500000,3580900000.0,671300000.0,1.0,3797600000.0,720000000.0,1983300000.0,2703300000.0,2392900000.0,908500000.0,26991100000,27982300000.0,100000.0,115100000,USD,2711200000,3145000000,433800000.0,433800000.0,751400000,689000000.0,1255500000.0,1959800000,145400000.0,161500000.0,16100000.0,114100000.0,700700000,-21300000.0,722000000.0,716800000.0,830900000,722000000,0,0,0,0,0,0,0,0,1,0,0,1,0,0,0,0,0,0,0,0,0,0,0,0,0,0,0,0,0,0,0,0,0,0,0,0,0,0,0,0,0,0,0,0,0,0,962.8056030273438,2024-04-01,-0.3448484643706179
578,578,SBUX,2024-03-31,USD,29363200000.0,6465000000,2764100000.0,2764100000.0,1744000000.0,1110300000.0,22898200000,2047000000.0,110700000.0,110700000.0,3229300000.0,362500000.0,484100000.0,37805400000,7528900000.0,1487400000.0,1448700000.0,30276500000.0,9586900000.0,15547500000.0,25176500000.0,2424000000.0,490300000.0,-8449400000,-7970700000.0,1100000.0,1135400000,USD,2190200000,8563000000,6372800000.0,6372800000.0,1098900000,654600000.0,0.0,1091300000,-106500000.0,34100000.0,140600000.0,399200000.0,992400000,219900000.0,772500000.0,1133000000.0,1532200000,772400000,0,0,0,0,0,0,0,0,1,0,0,0,0,0,0,0,0,0,0,0,0,0,0,0,0,0,0,0,0,0,0,0,0,0,1,0,0,0,0,0,0,0,0,0,0,0,86.85894012451172,2024-04-01,0.09897911904275669
530,530,SIRI,2024-03-31,USD,11174000000.0,1078000000,71000000.0,71000000.0,1478040500.0,614000000.0,10096000000,2047000000.0,2882000000.0,2882000000.0,3249000000.0,0.0,393000000.0,13544000000,3088000000.0,1170000000.0,551000000.0,10456000000.0,350000000.0,8722000000.0,9577000000.0,205000000.0,858000000.0,-2370000000,-2370000000.0,4000000.0,386500000,USD,1035000000,2162000000,1127000000.0,1127000000.0,409000000,115000000.0,86000000.0,626000000,-104000000.0,0.0,104000000.0,166000000.0,309000000,68000000.0,265000000.0,438000000.0,604000000,199000000,0,0,0,0,0,1,0,0,1,0,0,0,1,0,0,0,0,0,0,0,0,0,0,0,0,0,0,0,0,0,0,0,0,0,0,0,0,1,0,0,0,0,0,0,0,0,35.0467529296875,2024-04-01,-0.3882223344061191
554,554,SWKS,2024-03-31,USD,8309700000.0,3145500000,1205400000.0,1205400000.0,835500000.0,615300000.0,5164200000,2047000000.0,1119500000.0,1119500000.0,2176700000.0,12900000.0,476400000.0,1950500000,606400000.0,149800000.0,20000000.0,1344100000.0,216200000.0,993600000.0,1209800000.0,376800000.0,36600000.0,6359200000,6072600000.0,40100000.0,161400000,USD,420100000,1046000000,625900000.0,625900000.0,188900000,76800000.0,154400000.0,231200000,-7100000.0,0.0,7100000.0,110800000.0,192900000,9600000.0,183300000.0,200000000.0,310800000,183300000,0,0,0,0,0,0,0,0,1,0,0,0,0,0,0,0,0,0,0,0,0,0,0,0,0,0,0,0,0,0,0,0,0,0,0,0,0,1,0,0,0,0,0,0,0,0,99.3169937133789,2024-04-01,-0.3764478101584484
151,151,ADI,2024-04-30,USD,48861866000.0,5193621000,1939695000.0,1939695000.0,1479081000.0,1004628000.0,43668245000,2047000000.0,10434776000.0,10434776000.0,26909775000.0,424117000.0,346100000.0,13613077000,3297322000.0,422683000.0,1447011000.0,10315755000.0,0.0,6611681000.0,8058692000.0,1066677000.0,549497000.0,35245095000,10239549000.0,82704000.0,498533000,USD,1180035000,2159039000,979004000.0,979004000.0,386123000,244129000.0,354862000.0,793912000,-61834000.0,15269000.0,77103000.0,528297000.0,324603000,22361000.0,302242000.0,401706000.0,930003000,302242000,0,0,0,0,0,0,0,0,1,0,0,0,0,0,0,0,0,0,0,1,0,0,0,0,0,0,0,0,0,0,0,0,0,0,0,0,0,0,0,0,0,0,0,0,0,0,194.36917114257807,2024-04-30,-0.012236286853582579
198,198,ADSK,2024-04-30,USD,9830000000.0,2810000000,1681000000.0,1681000000.0,1478040500.0,353000000.0,7020000000,2047000000.0,572000000.0,572000000.0,4133000000.0,308000000.0,468000000.0,7669000000,4097000000.0,163000000.0,66000000.0,3572000000.0,329000000.0,2285000000.0,2614000000.0,447000000.0,204000000.0,2161000000,-1470000000.0,3894000000.0,217000000,USD,1264000000,1412000000,148000000.0,148000000.0,307000000,155000000.0,346000000.0,957000000,8000000.0,8000000.0,22000000.0,40000000.0,309000000,57000000.0,252000000.0,309000000.0,349000000,252000000,0,0,0,0,0,1,0,0,1,0,0,0,0,0,0,0,0,0,0,0,0,0,0,0,0,0,0,0,0,0,0,0,0,0,0,0,0,0,0,0,0,0,0,0,0,0,212.8500061035156,2024-04-30,0.2884660189609001
175,175,AMAT,2024-04-30,USD,31949000000.0,19265000000,7085000000.0,7085000000.0,5691000000.0,5001000000.0,12684000000,2047000000.0,273000000.0,273000000.0,3732000000.0,472000000.0,1016000000.0,13750000000,6884000000.0,1457000000.0,275000000.0,6866000000.0,436000000.0,5463000000.0,5998000000.0,2106000000.0,365000000.0,18199000000,46871000000.0,8000000.0,836000000,USD,3153000000,6646000000,3493000000.0,3493000000.0,1912000000,247000000.0,785000000.0,1241000000,82000000.0,141000000.0,59000000.0,96000000.0,1994000000,272000000.0,1722000000.0,2050000000.0,2146000000,1722000000,0,0,0,0,0,0,0,0,1,0,0,0,0,0,0,0,0,0,0,0,0,0,0,0,0,0,0,0,0,0,0,0,0,0,0,0,0,0,0,0,0,0,0,0,0,0,195.24447631835935,2024-04-30,-0.23494002833174232
694,694,AVGO,2024-04-30,USD,175211000000.0,25302000000,9809000000.0,9809000000.0,1842000000.0,5500000000.0,149909000000,2047000000.0,45407000000.0,45407000000.0,97873000000.0,0.0,8151000000.0,105250000000,20171000000.0,1441000000.0,2426000000.0,85079000000.0,73000000.0,71569000000.0,74016000000.0,5785000000.0,1878000000.0,69961000000,0.0,8000000.0,4800000000,USD,7776000000,12487000000,4711000000.0,4711000000.0,2965000000,1277000000.0,2415000000.0,4811000000,-1047000000.0,0.0,1047000000.0,2530000000.0,2005000000,-116000000.0,2121000000.0,3052000000.0,5582000000,2121000000,0,0,0,0,0,0,0,0,1,0,0,0,1,0,0,0,0,0,0,0,0,0,0,0,0,0,1,0,0,0,0,0,0,0,0,0,0,1,0,0,0,0,0,0,0,0,127.6914291381836,2024-04-30,0.4983272460380799
788,788,CPRT,2024-04-30,USD,8010632000.0,4149129000,1089995000.0,1089995000.0,46764000.0,846052000.0,3861503000,2047000000.0,76786000.0,76786000.0,511372000.0,2000334000.0,165984000.0,814446000,563419000.0,506795000.0,20475000.0,251027000.0,111606000.0,427000.0,112033000.0,-20475000.0,0.0,7171253000,6225280000.0,96000.0,976445000,USD,520573000,1127259000,606686000.0,606686000.0,437203000,88302000.0,0.0,83370000,36218000.0,36218000.0,58000000.0,50732000.0,472112000,90002000.0,382110000.0,437164000.0,487896000,382291000,0,0,0,0,0,0,0,0,1,0,0,0,0,0,0,0,0,0,0,0,0,0,0,1,0,0,0,0,0,0,0,0,0,0,1,0,0,0,1,0,0,0,0,0,0,0,54.310001373291016,2024-04-30,0.12373406805529341
1079,1079,CRWD,2024-04-30,USD,6841985000.0,4596971000,3702437000.0,3702437000.0,1478040500.0,702856000.0,2245014000,2047000000.0,122024000.0,122024000.0,721973000.0,0.0,191678000.0,4273203000,2683686000.0,21299000.0,16020000.0,1589517000.0,50110000.0,742866000.0,792976000.0,337038000.0,52511000.0,2535540000,-1016016000.0,122000.0,250164000,USD,696033000,921036000,225003000.0,225003000.0,6936000,103734000.0,235249000.0,689097000,39339000.0,45850000.0,6511000.0,48684000.0,53931000,7667000.0,46264000.0,60442000.0,109126000,42820000,0,0,0,0,0,1,0,0,1,0,0,0,0,0,0,0,0,0,0,0,0,0,0,0,0,0,0,0,0,0,0,0,0,0,0,0,0,0,0,0,0,0,0,0,0,0,292.5400085449219,2024-04-30,0.4660216811039406
1271,1271,CSCO,2024-04-30,USD,122998000000.0,35886000000,8913000000.0,8913000000.0,3118000000.0,8570000000.0,87112000000,2047000000.0,11819000000.0,11819000000.0,58633000000.0,9857000000.0,5428000000.0,77230000000,40108000000.0,2054000000.0,11891000000.0,37122000000.0,0.0,20102000000.0,31993000000.0,8545000000.0,2427000000.0,45768000000,2055000000.0,45343000000.0,4060000000,USD,8273000000,12702000000,4429000000.0,4429000000.0,2191000000,736000000.0,1948000000.0,6082000000,54000000.0,411000000.0,357000000.0,861000000.0,2235000000,349000000.0,1886000000.0,2592000000.0,3453000000,1886000000,0,0,0,0,0,0,0,0,1,0,0,0,0,0,0,0,0,0,0,1,0,0,0,0,0,0,0,0,0,0,0,0,0,0,0,0,0,0,0,0,0,0,0,0,0,0,44.82563400268555,2024-04-30,0.26572401079044106
293,293,INTU,2024-04-30,USD,31560000000.0,9236000000,4215000000.0,4215000000.0,1478040500.0,1499000000.0,22324000000,2047000000.0,5950000000.0,5950000000.0,13778000000.0,463000000.0,3059000000.0,12803000000,6163000000.0,886000000.0,78000000.0,6640000000.0,546000000.0,5952000000.0,6498000000.0,1197000000.0,29000000.0,18757000000,17270000000.0,20040000000.0,284000000,USD,5550000000,6737000000,1187000000.0,1187000000.0,3105000000,350000000.0,671000000.0,2445000000,-38000000.0,34000000.0,72000000.0,198000000.0,3072000000,683000000.0,2389000000.0,3132000000.0,3330000000,2389000000,0,0,0,0,0,1,0,0,1,0,0,0,0,0,0,0,0,0,0,0,0,0,0,0,0,0,0,0,0,0,0,0,0,0,0,0,0,0,0,0,0,0,0,0,0,0,618.4757690429688,2024-04-30,0.009464125859916406
883,883,MRVL,2024-04-30,USD,20491000000.0,2647700000,847700000.0,847700000.0,826400000.0,881900000.0,17843300000,2047000000.0,4064000000.0,4064000000.0,11586900000.0,62700000.0,91700000.0,6012300000,1467700000.0,320900000.0,156400000.0,4544600000.0,234700000.0,4027600000.0,4380600000.0,935600000.0,204300000.0,14478700000,-284100000.0,1700000.0,865000000,USD,527800000,1160900000,633100000.0,633100000.0,-152300000,199900000.0,476100000.0,680100000,-45500000.0,3300000.0,48800000.0,337500000.0,-197800000,17800000.0,-215600000.0,-149000000.0,188500000,-215600000,0,0,0,0,0,0,0,0,1,0,0,0,0,0,0,0,0,0,0,0,0,0,0,0,0,0,0,0,0,0,0,0,0,0,0,0,0,0,0,0,0,0,0,0,0,0,65.54839324951172,2024-04-30,-0.11146929212730772
387,387,NVDA,2024-04-30,USD,77072000000.0,53729000000,7587000000.0,7587000000.0,5864000000.0,12365000000.0,23343000000,2047000000.0,986000000.0,986000000.0,4453000000.0,23851000000.0,4062000000.0,27930000000,15223000000.0,2715000000.0,1250000000.0,12707000000.0,1527000000.0,8460000000.0,10991000000.0,10413000000.0,66000000.0,49142000000,36598000000.0,2000000.0,24890000000,USD,20406000000,26044000000,5638000000.0,5638000000.0,16909000000,777000000.0,2720000000.0,3497000000,295000000.0,359000000.0,64000000.0,410000000.0,17279000000,2398000000.0,14881000000.0,17343000000.0,17753000000,14881000000,0,0,0,0,0,0,0,0,1,0,0,0,0,0,0,0,0,0,0,0,0,0,0,0,0,0,0,0,0,0,0,0,0,0,0,0,0,0,0,0,0,0,0,0,0,0,86.35794830322266,2024-04-30,0.26103309014870346
954,954,OKTA,2024-04-30,USD,8955000000.0,2917000000,322000000.0,322000000.0,1478040500.0,307000000.0,6038000000,2047000000.0,184000000.0,184000000.0,5448000000.0,1998000000.0,290000000.0,3002000000,1686000000.0,12000000.0,0.0,1316000000.0,108000000.0,1155000000.0,1263000000.0,283000000.0,34000000.0,5953000000,-2870000000.0,8000000.0,167465000,USD,469000000,617000000,148000000.0,148000000.0,-47000000,117000000.0,163000000.0,516000000,25000000.0,27000000.0,2000000.0,25000000.0,-22000000,18000000.0,-40000000.0,-20000000.0,5000000,-40000000,0,0,0,0,0,1,0,0,1,0,0,0,0,0,0,0,0,1,0,0,0,0,0,0,0,0,1,0,0,0,0,0,0,0,0,0,0,0,0,0,0,0,0,0,0,0,92.9800033569336,2024-04-30,0.20628091646272795
1127,1127,PANW,2024-04-30,USD,17930800000.0,5581800000,1381900000.0,1381900000.0,1478040500.0,2287700000.0,12349000000,2047000000.0,407600000.0,407600000.0,3372700000.0,1516700000.0,740700000.0,13463000000,7084800000.0,108900000.0,1162500000.0,6378200000.0,369800000.0,0.0,1532300000.0,798500000.0,352700000.0,4467800000,992500000.0,3530700000.0,709200000,USD,1471200000,1984800000,513600000.0,513600000.0,176700000,118600000.0,457200000.0,1294500000,76000000.0,78300000.0,2300000.0,74300000.0,251200000,-27600000.0,278800000.0,252700000.0,327000000,278800000,0,0,0,0,0,1,0,0,1,0,0,0,0,0,0,0,0,0,0,0,1,0,0,0,0,0,0,0,0,0,0,0,0,0,0,0,0,0,0,0,0,0,0,0,0,0,145.44500732421875,2024-04-30,0.2852279780156788
506,506,ROST,2024-04-30,USD,14491782000.0,7507362000,4654316000.0,4654316000.0,2461699000.0,165436000.0,6984420000,2047000000.0,986000000.0,986000000.0,4290000000.0,0.0,225911000.0,9543830000,4885549000.0,2119114000.0,1628186000.0,4658281000.0,3372855000.0,1513200000.0,5834645000.0,925549000.0,245096000.0,4947952000,3658489000.0,3339000.0,333737000,USD,1367395000,4858067000,3490672000.0,3490672000.0,591113000,776282000.0,0.0,776282000,45950000.0,63218000.0,17268000.0,109186000.0,637063000,149073000.0,487990000.0,654331000.0,763517000,487990000,0,0,0,0,0,0,0,0,1,1,1,1,1,0,0,0,0,0,0,0,0,0,0,0,0,0,0,0,0,0,0,0,0,0,1,0,0,0,0,0,0,0,0,0,0,0,127.19035339355467,2024-04-30,0.08435487197180946
1032,1032,WDAY,2024-04-30,USD,15941000000.0,8642000000,1752000000.0,1752000000.0,1478040500.0,1133000000.0,7299000000,2047000000.0,376000000.0,376000000.0,3257000000.0,5430000000.0,308000000.0,7778000000,4428000000.0,76000000.0,95000000.0,3350000000.0,363000000.0,2981000000.0,3344000000.0,705000000.0,40000000.0,8163000000,-1624000000.0,8000000.0,270298000,USD,1501000000,1990000000,489000000.0,489000000.0,64000000,200000000.0,656000000.0,1437000000,64000000.0,93000000.0,29000000.0,75000000.0,123000000,16000000.0,107000000.0,152000000.0,227000000,107000000,0,0,0,0,0,1,0,0,1,0,0,0,0,0,0,0,0,0,0,0,0,0,0,0,0,0,1,0,0,0,0,0,0,0,0,0,0,0,0,0,0,0,0,0,0,0,244.72999572753903,2024-04-30,0.0011032741273022673
1056,1056,ZM,2024-04-30,USD,10296630000.0,8282045000,1885603000.0,1885603000.0,1.0,527515000.0,2014585000,2047000000.0,68848000.0,68848000.0,307295000.0,5488737000.0,380190000.0,1997806000,1855901000.0,18315000.0,27572000.0,141905000.0,67856000.0,0.0,67856000.0,325241000.0,5641000.0,8298824000,3005588000.0,309000.0,315360678,USD,867932000,1141234000,273302000.0,273302000.0,203022000,111344000.0,205558000.0,664910000,0.0,0.0,58000000.0,26667000.0,291964000,75656000.0,216308000.0,203022000.0,229689000,216308000,0,0,0,0,0,0,0,0,1,0,0,0,0,0,0,0,0,0,0,0,1,0,0,0,0,0,0,0,0,0,0,0,0,0,0,0,1,1,1,0,0,0,0,0,0,0,61.09999847412109,2024-04-30,0.2690671497867454
1151,1151,ZS,2024-04-30,USD,4198751000.0,2970014000,1259197000.0,1259197000.0,1478040500.0,506284000.0,1228737000,2047000000.0,68959000.0,68959000.0,417029000.0,980802000.0,223731000.0,3105612000,1701321000.0,28030000.0,50857000.0,1404291000.0,97754000.0,1137687000.0,1235441000.0,245758000.0,19369000.0,1093139000,-1133202000.0,151000.0,154081000,USD,434099000,553201000,119102000.0,119102000.0,-4423000,50478000.0,125015000.0,438522000,24806000.0,27570000.0,2384000.0,21053000.0,20866000,1742000.0,19124000.0,23250000.0,44303000,19124000,0,0,0,0,0,1,0,0,1,0,0,0,0,0,0,0,0,0,0,0,0,0,0,0,0,0,0,0,0,0,0,0,0,0,0,0,0,0,0,0,0,0,0,0,0,0,172.94000244140625,2024-04-30,0.30779458179766084
54,54,ADBE,2024-05-31,USD,30007000000.0,11023000000,7660000000.0,7660000000.0,1478040500.0,1612000000.0,18984000000,2047000000.0,933000000.0,933000000.0,12803000000.0,405000000.0,1346000000.0,15164000000,9474000000.0,357000000.0,1565000000.0,5690000000.0,465000000.0,4127000000.0,6090000000.0,1899000000.0,446000000.0,14843000000,35227000000.0,8000000.0,451000000,USD,4711000000,5309000000,598000000.0,598000000.0,1885000000,355000000.0,984000000.0,2826000000,-41000000.0,0.0,41000000.0,214000000.0,1930000000,357000000.0,1573000000.0,1971000000.0,2185000000,1573000000,0,0,0,0,0,1,0,0,1,0,0,0,0,0,0,0,0,0,0,0,0,0,0,0,0,0,1,0,0,0,0,0,0,0,0,0,0,1,0,0,0,0,0,0,0,0,444.760009765625,2024-05-31,-0.06671016452978673
741,741,CTAS,2024-05-31,USD,9481298000.0,2050463000,342015000.0,342015000.0,410201000.0,1244182000.0,7430835000,2047000000.0,484359000.0,484359000.0,3212424000.0,0.0,54065000.0,5164926000,1828519000.0,339166000.0,495322000.0,3336407000.0,192551000.0,2025934000.0,2668080000.0,975413000.0,0.0,4316372000,10617955000.0,2305301000.0,413328000,USD,1173746000,2470935000,1297189000.0,1297189000.0,547594000,667855000.0,26600000.0,626152000,-20455000.0,3621000.0,24076000.0,114932000.0,527139000,112824000.0,414315000.0,553249000.0,668181000,414315000,0,0,0,0,0,0,0,0,1,0,0,0,1,0,0,0,0,0,0,0,0,0,0,1,0,0,0,0,0,0,0,0,0,0,0,0,0,0,0,0,0,0,0,0,0,0,167.0873260498047,2024-05-31,0.3464862626235876
764,764,STZ,2024-05-31,USD,26060100000.0,3828400000,73800000.0,73800000.0,2127000000.0,893900000.0,22231700000,2047000000.0,2731500000.0,2731500000.0,7985400000.0,0.0,733700000.0,15488200000,3122200000.0,1139300000.0,1199400000.0,12366000000.0,0.0,10682900000.0,11882300000.0,783500000.0,1683100000.0,10251800000,14109500000.0,2100000.0,183461000,USD,1341500000,2661700000,1320200000.0,1320200000.0,880100000,462200000.0,0.0,461400000,-102800000.0,2000000.0,102600000.0,111900000.0,920800000,28000000.0,892800000.0,1023400000.0,1135300000,877000000,0,0,0,0,0,0,0,0,1,0,0,0,1,0,0,0,0,0,0,1,0,0,0,0,0,0,0,0,0,0,0,0,0,0,1,0,0,0,0,0,0,0,0,0,0,0,240.4202880859375,2024-05-31,-0.27319743156083987
1246,1246,AAPL,2024-06-30,USD,331612000000.0,125435000000,25565000000.0,25565000000.0,6165000000.0,43172000000.0,206177000000,43550000000.0,986000000.0,986000000.0,4290000000.0,36236000000.0,14297000000.0,264904000000,131624000000.0,47574000000.0,15108000000.0,133280000000.0,0.0,86196000000.0,101304000000.0,60889000000.0,47084000000.0,66708000000,-4726000000.0,79850000000.0,15348175000,USD,39678000000,85777000000,46099000000.0,46099000000.0,25352000000,6320000000.0,8006000000.0,14326000000,0.0,0.0,58000000.0,2850000000.0,25494000000,4046000000.0,21448000000.0,25352000000.0,28202000000,21448000000,0,0,0,0,0,0,0,0,0,1,1,1,0,0,0,0,0,0,0,1,0,0,0,0,0,0,0,0,0,0,0,0,0,0,0,0,1,1,1,0,0,0,0,0,0,0,215.0865173339844,2024-07-01,-0.048998823062860186
221,221,ADP,2024-06-30,USD,54362700000.0,45542500000,2913400000.0,2913400000.0,1478040500.0,3428200000.0,8820200000,2047000000.0,1336000000.0,1336000000.0,2353600000.0,384000000.0,38816900000.0,49815100000,45080000000.0,100600000.0,385400000.0,4735100000.0,328600000.0,2991300000.0,3705300000.0,44379100000.0,990800000.0,4547600000,23622200000.0,63900000.0,410600000,USD,2360200000,4768500000,2408300000.0,2408300000.0,1097600000,1026700000.0,247900000.0,1262600000,-20200000.0,82000000.0,103200000.0,135700000.0,1089400000,260100000.0,829300000.0,1192600000.0,1328300000,829300000,0,0,0,0,0,1,0,0,1,0,0,0,0,0,0,0,0,0,0,0,0,0,0,0,0,0,0,0,0,0,0,0,0,0,0,0,0,0,0,0,0,0,0,0,0,0,228.21780395507807,2024-07-01,0.3357237350334126
649,649,AEP,2024-06-30,USD,99622600000.0,6652800000,202500000.0,202500000.0,1763000000.0,2651800000.0,92969800000,2047000000.0,986000000.0,986000000.0,52500000.0,225700000.0,1809800000.0,73390000000,10162700000.0,2331500000.0,3852700000.0,63284200000.0,596000000.0,39990400000.0,44340000000.0,2023600000.0,646100000.0,26135200000,13211300000.0,3465400000.0,530140990,USD,1269900000,4627900000,3358000000.0,3358000000.0,876300000,368000000.0,0.0,393600000,-465600000.0,0.0,466700000.0,821900000.0,349200000,6700000.0,342500000.0,790700000.0,1612600000,340300000,0,0,0,0,0,0,0,0,1,1,1,0,0,0,0,0,0,0,0,0,0,0,0,0,0,0,0,0,0,0,0,0,0,1,1,0,0,1,0,0,0,0,0,0,0,0,82.12739562988281,2024-07-01,0.23351527534413252
625,625,ALGN,2024-06-30,USD,6158324000.0,2412372000,761429000.0,761429000.0,259492000.0,1208982000.0,3745952000,2047000000.0,115705000.0,115705000.0,454493000.0,20682000.0,161787000.0,2400416000,2040117000.0,105792000.0,30790000.0,360299000.0,129091000.0,0.0,129091000.0,488586000.0,158215000.0,3757908000,2456562000.0,7000.0,75223000,USD,722628000,1028490000,305862000.0,305862000.0,147046000,452262000.0,92193000.0,575582000,3301000.0,3301000.0,3180000.0,36166000.0,143866000,47302000.0,96564000.0,178173000.0,214339000,96564000,0,0,0,0,0,0,0,0,1,0,0,0,0,0,0,0,0,0,0,0,1,0,0,0,0,0,0,0,0,0,0,0,0,0,0,0,0,0,0,0,0,0,0,0,0,0,238.63999938964844,2024-07-01,-0.20662922261444105
601,601,AMD,2024-06-30,USD,67886000000.0,17465000000,4113000000.0,4113000000.0,4991000000.0,5773000000.0,50421000000,2047000000.0,20138000000.0,20138000000.0,24262000000.0,1227000000.0,1361000000.0,11348000000,6195000000.0,1699000000.0,0.0,5153000000.0,526000000.0,1719000000.0,2245000000.0,4496000000.0,1716000000.0,56538000000,1111000000.0,17000000.0,1637000000,USD,2864000000,5835000000,2971000000.0,2971000000.0,269000000,650000000.0,1583000000.0,2595000000,-25000000.0,0.0,25000000.0,769000000.0,306000000,41000000.0,265000000.0,324000000.0,1093000000,265000000,0,0,0,0,0,0,0,0,1,0,0,0,0,0,0,0,0,1,0,0,0,0,0,0,0,0,0,0,0,0,0,0,0,0,0,0,0,1,0,0,0,0,0,0,0,0,157.69000244140625,2024-07-01,-0.10013322531838409
126,126,AMGN,2024-06-30,USD,90907000000.0,27206000000,9301000000.0,9301000000.0,7995000000.0,6934000000.0,63701000000,2047000000.0,30172000000.0,30172000000.0,18616000000.0,0.0,2976000000.0,84982000000,21517000000.0,2267000000.0,5528000000.0,63465000000.0,0.0,57117000000.0,62645000000.0,13722000000.0,2363000000.0,5925000000,-27124000000.0,33204000000.0,541000000,USD,5152000000,8388000000,3236000000.0,3236000000.0,1909000000,1785000000.0,1447000000.0,3243000000,-808000000.0,0.0,808000000.0,1400000000.0,794000000,48000000.0,746000000.0,1602000000.0,3002000000,746000000,0,0,0,0,0,0,0,0,1,0,0,0,1,0,0,0,0,0,0,1,0,0,0,0,0,0,0,0,0,0,0,0,0,0,0,0,0,1,0,0,0,0,0,0,0,0,294.7077331542969,2024-07-01,-0.07328758888775111
102,102,AMZN,2024-06-30,USD,554818000000.0,173307000000,71178000000.0,71178000000.0,34109000000.0,50106000000.0,381511000000,2047000000.0,986000000.0,986000000.0,22879000000.0,17914000000.0,5906000000.0,318371000000,158172000000.0,81817000000.0,17604000000.0,160199000000.0,78084000000.0,54889000000.0,132973000000.0,60351000000.0,27226000000.0,236447000000,137534000000.0,110000000.0,10708000000,USD,74192000000,147977000000,73785000000.0,73785000000.0,14769000000,3041000000.0,22304000000.0,59423000000,0.0,0.0,589000000.0,12038000000.0,15245000000,1767000000.0,471000000.0,14769000000.0,26807000000,13485000000,0,0,0,0,0,0,0,0,1,1,1,0,0,0,0,0,0,0,0,0,0,0,0,0,0,0,0,0,0,0,0,0,0,0,0,0,1,1,0,0,0,0,1,0,0,0,197.1999969482422,2024-07-01,0.11252536909131039
670,670,ANSS,2024-06-30,USD,7319615000.0,2091824000,1098958000.0,1098958000.0,1478040500.0,907140000.0,5227791000,2047000000.0,776461000.0,776461000.0,3793510000.0,20314000.0,65412000.0,1733112000,708742000.0,24993000.0,24400000.0,1024370000.0,91703000.0,754049000.0,870152000.0,241464000.0,118866000.0,5586503000,5448154000.0,953000.0,87777000,USD,518663000,594138000,75475000.0,75475000.0,169825000,228623000.0,132624000.0,348838000,-30000.0,12208000.0,12238000.0,35997000.0,156532000,26498000.0,130034000.0,157416000.0,193413000,130034000,0,0,0,0,0,1,0,0,1,0,0,0,0,0,0,0,0,0,0,0,0,0,0,0,0,0,0,0,0,0,0,0,0,0,0,0,0,0,0,0,0,0,0,0,0,0,,,
1222,1222,AZN,2024-06-30,USD,104340000000.0,25393000000,6916000000.0,6916000000.0,5667000000.0,11047000000.0,78947000000,2047000000.0,39426000000.0,39426000000.0,21060000000.0,160000000.0,1603000000.0,64742000000,28566000000.0,20463000000.0,5359000000.0,36176000000.0,0.0,0.0,33533000000.0,1219000000.0,0.0,39512000000,1847000000.0,388000000.0,3120000000,USD,10755000000,12938000000,2183000000.0,2183000000.0,2746000000,4929000000.0,3008000000.0,8009000000,0.0,0.0,443000000.0,1279000000.0,2397000000,469000000.0,471000000.0,2840000000.0,4119000000,1927000000,0,0,0,0,0,0,0,0,1,0,0,0,0,0,0,0,0,0,0,1,1,0,0,1,0,0,0,0,0,0,0,0,0,0,0,0,1,1,0,0,0,0,1,0,0,0,150.12596130371094,2024-07-01,-0.0850169052578833
1294,1294,BIDU,2024-06-30,CNY,415527000000.0,187266000000,43534000000.0,43534000000.0,1478040500.0,12508000000.0,228261000000,2047000000.0,7726000000.0,7726000000.0,22586000000.0,106821000000.0,24403000000.0,142589000000,80765000000.0,37988000000.0,26617000000.0,61824000000.0,8252000000.0,51127000000.0,82800000000.0,16160000000.0,1827000000.0,252769000000,3807700000.0,252769000000.0,351250000,CNY,17533000000,33931000000,16398000000.0,16398000000.0,5944000000,5700000000.0,5889000000.0,11589000000,1251000000.0,1993000000.0,742000000.0,1691000000.0,6715000000,1131000000.0,5584000000.0,7457000000.0,9148000000,5488000000,0,0,0,0,0,1,0,0,1,0,0,0,0,0,0,0,0,0,0,0,0,0,0,0,0,1,0,0,0,0,0,0,0,0,0,0,0,0,0,0,0,0,0,0,0,0,86.20999908447266,2024-07-01,-0.0052197767430812725
1318,1318,BIIB,2024-06-30,USD,26804100000.0,7108500000,1908900000.0,1908900000.0,2506100000.0,2078200000.0,19695600000,2047000000.0,8232900000.0,8232900000.0,6227400000.0,0.0,615300000.0,10915000000,3108200000.0,354500000.0,193000000.0,7806800000.0,367500000.0,6292000000.0,6659500000.0,2472100000.0,365000000.0,15889100000,18604600000.0,100000.0,145900000,USD,1509100000,2464900000,955800000.0,955800000.0,366500000,553800000.0,592300000.0,1142600000,-41200000.0,20100000.0,61300000.0,158900000.0,698700000,115100000.0,583600000.0,809500000.0,968400000,583600000,0,0,0,0,0,0,0,0,1,0,0,0,1,0,0,0,0,0,0,0,0,0,0,0,0,0,0,0,0,0,0,0,0,0,0,0,0,0,0,0,0,0,0,0,0,0,231.7700042724609,2024-07-01,-0.4581266168064988
717,717,CDNS,2024-06-30,USD,7225741000.0,2196388000,1058955000.0,1058955000.0,171508000.0,564851000.0,5029353000,2047000000.0,664038000.0,664038000.0,2417747000.0,169728000.0,401074000.0,2964849000,1533722000.0,505392000.0,349732000.0,1431127000.0,0.0,998935000.0,1348667000.0,505392000.0,343369000.0,4260892000,5413547000.0,3928477000.0,273520000,USD,921411000,1060681000,139270000.0,139270000.0,293876000,63436000.0,370740000.0,627535000,-4020000.0,8885000.0,12905000.0,47153000.0,315710000,86190000.0,229520000.0,328615000.0,375768000,229520000,0,0,0,0,0,0,0,0,1,0,0,0,0,0,0,0,0,0,0,1,0,0,0,0,0,0,0,0,0,0,0,0,0,0,0,0,0,0,0,0,0,0,0,0,0,0,310.9200134277344,2024-07-01,-0.008909106559953917
1342,1342,CHTR,2024-06-30,USD,148611000000.0,4133000000,602000000.0,602000000.0,1478040500.0,3000000000.0,144478000000,2047000000.0,68763000000.0,68763000000.0,29668000000.0,0.0,531000000.0,131897000000,10726000000.0,832000000.0,0.0,121171000000.0,0.0,97565000000.0,97565000000.0,8518000000.0,4679000000.0,12879000000,-9923000000.0,8000000.0,144915000,USD,5524000000,13685000000,8161000000.0,8161000000.0,3342000000,153000000.0,0.0,2182000000,-1328000000.0,0.0,1328000000.0,2170000000.0,1850000000,427000000.0,1423000000.0,3178000000.0,5348000000,1231000000,0,0,0,0,0,1,0,0,1,0,0,0,1,0,0,0,0,1,0,1,0,0,0,0,0,0,1,0,0,0,0,0,0,0,1,0,0,1,0,0,0,0,0,0,0,0,296.0199890136719,2024-07-01,0.3810215956048584
1102,1102,DDOG,2024-06-30,USD,4412391000.0,3592090000,410963000.0,410963000.0,1.0,533292000.0,820301000,2047000000.0,136727000.0,136727000.0,350864000.0,2549143000.0,98692000.0,2005083000,1790879000.0,115991000.0,768535000.0,214204000.0,218400000.0,0.0,962370000.0,104791000.0,6320000.0,2407308000,-67243000.0,3000.0,356740000,USD,521575000,645279000,123704000.0,123704000.0,12618000,47558000.0,274599000.0,508957000,35764000.0,37241000.0,1477000.0,12435000.0,47793000,3969000.0,43824000.0,48360000.0,60795000,43824000,0,0,0,0,0,0,0,0,1,0,0,0,0,0,0,0,0,0,0,0,1,0,0,0,0,0,0,0,0,0,0,0,0,0,0,0,0,0,0,0,0,0,0,0,0,0,130.5,2024-07-01,0.02934867303490174
245,245,FISV,2024-06-30,USD,93417000000.0,38327000000,609000000.0,609000000.0,1478040500.0,3744000000.0,55090000000,2047000000.0,10552000000.0,10552000000.0,36867000000.0,0.0,33974000000.0,64639000000,36201000000.0,522000000.0,1218000000.0,28438000000.0,0.0,0.0,25619000000.0,32471000000.0,0.0,28154000000,22073000000.0,8000000.0,585400000,USD,3125000000,5107000000,1982000000.0,1982000000.0,1428000000,368000000.0,0.0,1697000000,0.0,0.0,294000000.0,785000000.0,1130000000,221000000.0,471000000.0,1432000000.0,2217000000,894000000,0,0,0,0,0,1,0,0,1,0,0,0,1,0,0,0,0,0,0,1,1,0,0,1,0,0,0,0,0,0,0,0,0,1,1,0,1,1,0,0,0,0,1,0,0,0,147.13999938964844,2024-07-01,0.17174122860733632
811,811,FTNT,2024-06-30,USD,8052900000.0,4919300000,2203200000.0,2203200000.0,383200000.0,1083400000.0,3133600000,2047000000.0,30200000.0,30200000.0,127900000.0,1136100000.0,113400000.0,7764700000,3725300000.0,132100000.0,1.0,4039400000.0,0.0,993300000.0,993300000.0,617900000.0,125200000.0,288200000,-1182600000.0,800000.0,769900000,USD,1159300000,1434300000,275000000.0,275000000.0,437200000,56600000.0,165400000.0,722100000,33300000.0,38300000.0,5000000.0,29200000.0,456300000,76500000.0,379800000.0,473300000.0,502500000,379800000,0,0,0,0,0,0,0,0,1,0,0,0,0,0,0,0,0,0,0,1,0,0,0,0,0,0,0,0,0,0,0,0,0,0,0,0,0,0,0,0,0,0,0,0,0,0,59.84999847412109,2024-07-01,0.7664161055311647
269,269,GILD,2024-06-30,USD,53579000000.0,12317000000,2772000000.0,2772000000.0,2026000000.0,4663000000.0,41262000000,2047000000.0,22832000000.0,22832000000.0,8314000000.0,1426000000.0,1430000000.0,35382000000,10780000000.0,537000000.0,1810000000.0,24602000000.0,0.0,21540000000.0,23350000000.0,7168000000.0,1417000000.0,18281000000,11165000000.0,1000000.0,1251000000,USD,5409000000,6953000000,1544000000.0,1544000000.0,2644000000,572000000.0,1351000000.0,2765000000,-237000000.0,35000000.0,237000000.0,694000000.0,2053000000,438000000.0,1615000000.0,2290000000.0,2984000000,1614000000,0,0,0,0,0,0,0,0,1,0,0,0,0,0,0,0,0,0,0,1,0,0,0,0,0,0,0,0,0,0,0,0,0,0,0,0,0,0,0,0,0,0,0,0,0,0,65.60356903076172,2024-07-01,0.6673320702875556
78,78,GOOGL,2024-06-30,USD,414770000000.0,161995000000,27225000000.0,27225000000.0,1478040500.0,47087000000.0,252775000000,2047000000.0,986000000.0,986000000.0,29185000000.0,73500000000.0,14183000000.0,114017000000,77913000000.0,6092000000.0,2855000000.0,36104000000.0,15925000000.0,11876000000.0,27801000000.0,61418000000.0,1753000000.0,300753000000,226033000000.0,79732000000.0,12495000000,USD,49235000000,84742000000,35507000000.0,35507000000.0,27425000000,3158000000.0,11860000000.0,21810000000,1023000000.0,1090000000.0,67000000.0,3708000000.0,27551000000,3932000000.0,23619000000.0,27618000000.0,31326000000,23619000000,0,0,0,0,0,1,0,0,1,1,1,0,0,0,0,0,0,0,0,0,0,0,0,0,0,0,0,0,0,0,0,0,0,0,0,0,0,0,0,0,0,0,0,0,0,0,181.82618713378903,2024-07-01,-0.03227683815282445
835,835,IDXX,2024-06-30,USD,3414867000.0,1528612000,401590000.0,401590000.0,379958000.0,608308000.0,1886255000,2047000000.0,110810000.0,110810000.0,408023000.0,0.0,138756000.0,1834614000,1116702000.0,117468000.0,440167000.0,717912000.0,123020000.0,524743000.0,1067875000.0,374696000.0,0.0,1580253000,4883448000.0,10769000.0,83393000,USD,620880000,1003578000,382698000.0,382698000.0,263801000,157243000.0,55450000.0,355358000,-4745000.0,3354000.0,8099000.0,32193000.0,259056000,55758000.0,203298000.0,268534000.0,300727000,203298000,0,0,0,0,0,0,0,0,1,0,0,0,1,0,0,0,0,0,0,0,0,0,0,1,0,0,0,0,0,0,0,0,0,0,0,0,0,0,0,0,0,0,0,0,0,0,476.3999938964844,2024-07-01,0.1258187105938724
6,6,INTC,2024-06-30,USD,206205000000.0,50829000000,11287000000.0,11287000000.0,11244000000.0,3131000000.0,155376000000,103398000000.0,4383000000.0,4383000000.0,27442000000.0,17986000000.0,7181000000.0,85771000000,32027000000.0,9618000000.0,4695000000.0,53744000000.0,0.0,48334000000.0,53029000000.0,15858000000.0,5410000000.0,115229000000,66162000000.0,49763000000.0,4267000000,USD,4547000000,12833000000,8286000000.0,8286000000.0,-1964000000,1329000000.0,4239000000.0,6511000000,80000000.0,320000000.0,294000000.0,2569000000.0,-2004000000,-350000000.0,-1654000000.0,-1710000000.0,859000000,-1610000000,0,0,0,0,0,0,0,0,0,0,0,0,0,0,0,0,0,0,0,1,0,0,0,0,0,0,0,0,0,0,0,0,0,0,0,0,0,0,0,0,0,0,0,0,0,0,30.645597457885746,2024-07-01,-0.269063047332879
316,316,ISRG,2024-06-30,USD,16649900000.0,7654300000,3036700000.0,3036700000.0,1383900000.0,1243200000.0,8995600000,2047000000.0,28700000.0,28700000.0,348000000.0,1720500000.0,270000000.0,1853400000,1487500000.0,194400000.0,85900000.0,365900000.0,0.0,0.0,6120000000.0,773300000.0,127000000.0,14708300000,5581700000.0,400000.0,361000000,USD,1372700000,2009900000,637200000.0,637200000.0,567300000,525300000.0,280100000.0,805400000,87200000.0,87200000.0,58000000.0,111800000.0,654500000,123000000.0,531500000.0,567300000.0,679100000,526900000,0,0,0,0,0,0,0,0,1,0,0,0,0,0,0,0,0,0,0,1,1,1,0,0,0,0,0,0,0,0,0,0,0,0,0,0,0,0,1,0,0,0,0,0,0,0,436.239990234375,2024-07-01,0.24566748878886124
339,339,JD,2024-06-30,CNY,651636000000.0,322201000000,84496000000.0,84496000000.0,70644000000.0,25138000000.0,329435000000,2047000000.0,45122000000.0,45122000000.0,21729000000.0,117406000000.0,24517000000.0,363686000000,280227000000.0,182247000000.0,13444000000.0,83459000000.0,23808000000.0,56781000000.0,86190000000.0,42478000000.0,904000000.0,220764000000,3807700000.0,220764000000.0,1542500000,CNY,45938000000,291397000000,245459000000.0,245459000000.0,10501000000,2132000000.0,4217000000.0,35437000000,-688000000.0,0.0,688000000.0,1573665000.0,15616000000,2022000000.0,13594000000.0,8535000000.0,16304000000,12644000000,0,0,0,0,0,0,0,0,1,0,0,0,0,0,0,0,0,0,0,0,0,0,0,0,0,1,0,0,0,0,0,0,0,0,0,0,0,1,0,0,0,0,0,0,0,0,25.051456451416016,2024-07-01,0.3029182336344154
363,363,KHC,2024-06-30,USD,88797000000.0,7530000000,900000000.0,900000000.0,3573000000.0,2160000000.0,81267000000,2047000000.0,42347000000.0,42347000000.0,29501000000.0,0.0,897000000.0,39766000000,7486000000.0,4448000000.0,669000000.0,32280000000.0,0.0,19265000000.0,19934000000.0,2369000000.0,1305000000.0,48895000000,1297000000.0,12000000.0,1216000000,USD,2294000000,6476000000,4182000000.0,4182000000.0,522000000,884000000.0,0.0,1772000000,-212000000.0,17000000.0,229000000.0,239000000.0,348000000,248000000.0,100000000.0,577000000.0,816000000,102000000,0,0,0,0,0,0,0,0,1,0,0,0,1,0,0,0,0,0,0,1,0,0,0,0,0,0,0,0,0,0,0,0,0,0,1,0,0,0,0,0,0,0,0,0,0,0,29.3480224609375,2024-07-01,-0.14649307563046177
859,859,KLAC,2024-06-30,USD,15433566000.0,10031144000,1977129000.0,1977129000.0,3034781000.0,2004698000.0,5402422000,2047000000.0,668764000.0,668764000.0,2015726000.0,2526866000.0,487670000.0,12065238000,4660774000.0,359487000.0,786327000.0,7404464000.0,189508000.0,5880199000.0,6819643000.0,1234545000.0,147320000.0,3368328000,1137270000.0,134000.0,135342000,USD,1592177000,2566232000,974055000.0,974055000.0,1052523999,255106000.0,323529000.0,539653000,77852000.0,0.0,82836000.0,101001000.0,945043000,108597000.0,836446000.0,1027879000.0,1128880000,836446000,0,0,0,0,0,0,0,0,1,0,0,0,0,0,0,0,0,0,0,0,0,0,0,0,0,0,0,0,0,0,0,0,0,0,0,0,0,1,0,0,0,0,0,0,0,0,815.9484252929688,2024-07-01,0.09215200599558715
1198,1198,LCID,2024-06-30,USD,8223268000.0,4001488000,1353581000.0,1353581000.0,509888000.0,101370000.0,4221780000,2047000000.0,986000000.0,986000000.0,4290000000.0,1862848000.0,173801000.0,4707371000,1010886000.0,113634000.0,105565000.0,3696485000.0,348218000.0,1999547000.0,2416003000.0,791687000.0,321387400.0,3515897000,-11523001000.0,232000.0,231036053,USD,-269774000,200581000,470355000.0,470355000.0,-787417000,210245000.0,287170000.0,517643000,47880000.0,54553000.0,6673000.0,66183000.0,-643455000,-65000.0,-643390000.0,-636782000.0,-570599000,-643390000,0,0,0,0,0,0,0,0,1,1,1,1,0,0,0,0,0,0,0,0,0,0,0,0,0,0,0,0,0,0,0,0,0,0,0,0,0,0,0,0,0,0,0,0,0,0,26.399999618530277,2024-07-01,-0.20075754975922266
1174,1174,META,2024-06-30,USD,230238000000.0,76431000000,32045000000.0,32045000000.0,1478040500.0,14505000000.0,153807000000,2047000000.0,984000000.0,984000000.0,20654000000.0,26035000000.0,3846000000.0,73475000000,27004000000.0,3173000000.0,1917000000.0,46471000000.0,19602000000.0,18389000000.0,37991000000.0,19670000000.0,2500000000.0,156763000000,81188000000.0,78270000000.0,2610000000,USD,31763000000,39071000000,7308000000.0,7308000000.0,14847000000,3658000000.0,10537000000.0,16916000000,427000000.0,540000000.0,128000000.0,3637000000.0,15106000000,1641000000.0,13465000000.0,15234000000.0,18871000000,13465000000,0,0,0,0,0,1,0,0,1,0,0,0,0,0,0,0,0,0,0,0,0,0,0,0,0,0,0,0,0,0,0,0,0,0,0,0,0,0,0,0,0,0,0,0,0,0,502.208984375,2024-07-01,0.46749893536757536
930,930,MRNA,2024-06-30,USD,15680000000.0,9661000000,2478000000.0,2478000000.0,399000000.0,423000000.0,6019000000,2047000000.0,42000000.0,42000000.0,52000000.0,6010000000.0,351000000.0,3968000000,2363000000.0,279000000.0,25000000.0,1605000000.0,1269000000.0,0.0,1269000000.0,1350000000.0,266000000.0,11712000000,11152000000.0,8000000.0,384000000,USD,106000000,221000000,115000000.0,115000000.0,-1363000000,268000000.0,1221000000.0,1469000000,105000000.0,111000000.0,6000000.0,41000000.0,-1279000000,85862500.0,-1279000000.0,-1273000000.0,-1232000000,-1279000000,0,0,0,0,0,0,0,0,1,0,0,0,0,0,0,0,0,0,0,0,1,0,0,0,0,0,1,0,0,0,0,0,0,0,0,0,0,0,0,0,0,1,0,0,0,0,115.9499969482422,2024-07-01,-0.7620526013044785
30,30,MSFT,2024-06-30,USD,512163000000.0,159734000000,18315000000.0,18315000000.0,1246000000.0,56924000000.0,352429000000,2047000000.0,27597000000.0,27597000000.0,119220000000.0,57216000000.0,26033000000.0,243686000000,125286000000.0,21996000000.0,19888000000.0,118400000000.0,15497000000.0,42688000000.0,97852000000.0,31749000000.0,27064000000.0,268477000000,173144000000.0,100923000000.0,7472000000,USD,45043000000,64727000000,19684000000.0,19684000000.0,27925000000,2246000000.0,8056000000.0,17118000000,-63000000.0,638000000.0,701000000.0,6380000000.0,27250000000,5214000000.0,22036000000.0,27951000000.0,34331000000,22036000000,0,0,0,0,0,0,0,0,1,0,0,0,0,0,0,0,0,0,0,0,0,0,0,0,0,0,0,0,0,0,0,0,0,0,0,0,0,0,0,0,0,0,0,0,0,0,450.6371154785156,2024-07-01,0.09741782010698974
906,906,MTCH,2024-06-30,USD,4368929000.0,1285922000,837792000.0,837792000.0,1.0,324269000.0,3083007000,2047000000.0,275721000.0,275721000.0,2255302000.0,5812000.0,118049000.0,4499041000,512335000.0,17223000.0,26696000.0,3986706000.0,0.0,3845571000.0,3845571000.0,308036000.0,96962000.0,-130240000,-6874517000.0,293000.0,264397000,USD,619078000,864066000,244988000.0,244988000.0,204526000,114304000.0,113576000.0,414552000,-40038000.0,10434000.0,40038000.0,32044000.0,175013000,41693000.0,133320000.0,215051000.0,247095000,133314000,0,0,0,0,0,0,0,0,1,0,0,0,0,0,0,0,0,0,0,1,0,0,0,0,0,0,0,0,0,0,0,0,0,0,0,0,0,0,0,0,0,0,0,0,0,0,28.49814987182617,2024-07-01,0.06541834083628162
410,410,NXPI,2024-06-30,USD,23196000000.0,6880000000,2618000000.0,2618000000.0,2148000000.0,927000000.0,16316000000,2047000000.0,796000000.0,796000000.0,9941000000.0,400000000.0,787000000.0,13851000000,3112000000.0,929000000.0,499000000.0,10739000000.0,0.0,9681000000.0,10180000000.0,1562000000.0,1010000000.0,9018000000,-2036000000.0,56000000.0,258732000,USD,1760000000,3127000000,1367000000.0,1367000000.0,896000000,270000000.0,598000000.0,866000000,-75000000.0,39000000.0,114000000.0,213000000.0,818000000,154000000.0,664000000.0,918000000.0,1131000000,658000000,0,0,0,0,0,0,0,0,1,0,0,0,0,0,0,0,0,0,0,1,0,0,0,0,0,0,0,0,0,0,0,0,0,0,0,0,0,0,0,0,0,0,0,0,0,0,258.4479675292969,2024-07-01,-0.1622280923807241
976,976,PDD,2024-06-30,CNY,432744342000.0,359726252000,56756329000.0,56756329000.0,1478040500.0,11480542000.0,73018090000,2047000000.0,21056000.0,21056000.0,4290000000.0,228170850000.0,63318531000.0,178766124000,170833104000.0,79859771000.0,1866127000.0,7933020000.0,4500740000.0,5264097000.0,9765086000.0,89107206000.0,0.0,253978218000,135231760000.0,179000.0,1185131800,CNY,63361433000,97059531000,33698098000.0,33698098000.0,32564536000,1838550000.0,2909210000.0,30796897000,4855592000.0,4855592000.0,0.0,196558750.0,37923968000,5914613000.0,32009355000.0,32564536000.0,32761094750,32009355000,0,0,0,0,0,1,0,0,1,0,0,1,0,0,0,0,0,0,0,0,0,0,0,1,0,0,0,0,0,0,0,0,0,0,0,0,0,0,0,0,0,0,0,0,0,0,132.97999572753906,2024-07-01,-0.21296430271703526
434,434,PYPL,2024-06-30,USD,84016000000.0,62972000000,7701000000.0,7701000000.0,1478040500.0,45402000000.0,21044000000,2047000000.0,403000000.0,403000000.0,10816000000.0,5912000000.0,3957000000.0,63394000000,50713000000.0,41860000000.0,2564000000.0,12681000000.0,0.0,9727000000.0,9727000000.0,8853000000.0,2954000000.0,20622000000,25216000000.0,8000000.0,1047000000,USD,3608000000,7885000000,4277000000.0,4277000000.0,1325000000,570000000.0,718000000.0,2283000000,72000000.0,165000000.0,93000000.0,263000000.0,1399000000,271000000.0,1128000000.0,1492000000.0,1755000000,1128000000,0,0,0,0,0,1,0,0,1,0,0,0,0,0,0,0,0,0,0,1,0,0,0,0,0,0,1,0,0,0,0,0,0,0,0,0,0,0,0,0,0,0,0,0,0,0,57.50257110595703,2024-07-01,0.28559062870962726
458,458,QCOM,2024-06-30,USD,52741000000.0,23332000000,7770000000.0,7770000000.0,6020000000.0,2948000000.0,29409000000,2047000000.0,1296000000.0,1296000000.0,10770000000.0,5262000000.0,1332000000.0,28071000000,9747000000.0,2586000000.0,1364000000.0,18324000000.0,0.0,13190000000.0,14554000000.0,4833000000.0,4500000000.0,24670000000,24273000000.0,8000000.0,1134000000,USD,5219000000,9393000000,4174000000.0,4174000000.0,2221000000,664000000.0,2259000000.0,2998000000,14000000.0,182000000.0,168000000.0,419000000.0,2279000000,171000000.0,2108000000.0,2296000000.0,2715000000,2129000000,0,0,0,0,0,0,0,0,1,0,0,0,0,0,0,0,0,0,0,1,0,0,0,0,0,0,1,0,0,0,0,0,0,0,0,0,0,0,0,0,0,0,0,0,0,0,193.6316070556641,2024-07-01,-0.18632211388621822
482,482,REGN,2024-06-30,USD,36086800000.0,19081600000,1920700000.0,1920700000.0,2873600000.0,5717100000.0,17005200000,2047000000.0,1102200000.0,1102200000.0,4290000000.0,7888300000.0,681900000.0,7881000000,3508600000.0,561700000.0,0.0,4372400000.0,720000000.0,1983600000.0,2703600000.0,2360900000.0,1463200000.0,28205800000,29414600000.0,100000.0,115400000,USD,3066900000,3547100000,480200000.0,480200000.0,1069600000,758800000.0,1223900000.0,1997300000,164600000.0,179400000.0,14800000.0,120700000.0,1628100000,195800000.0,1432300000.0,1642900000.0,1763600000,1432300000,0,0,0,0,0,0,0,0,1,0,0,1,0,0,0,0,0,1,0,0,0,0,0,0,0,0,0,0,0,0,0,0,0,0,0,0,0,0,0,0,0,0,0,0,0,0,1049.9271240234375,2024-07-01,-0.501947737955678
577,577,SBUX,2024-06-30,USD,30111800000.0,6807900000,3179100000.0,3179100000.0,1854700000.0,1146000000.0,23303900000,2047000000.0,105700000.0,105700000.0,3183600000.0,212300000.0,415800000.0,38049200000,7649500000.0,1586300000.0,1442300000.0,30399700000.0,9717300000.0,15551400000.0,25291800000.0,2455200000.0,539200000.0,-7945400000,-7561500000.0,1100000.0,1135800000,USD,2543900000,9113900000,6570000000.0,6570000000.0,1517500000,576000000.0,0.0,1026400000,-113200000.0,28100000.0,141300000.0,407400000.0,1404300000,348600000.0,1055700000.0,1545600000.0,1953000000,1054800000,0,0,0,0,0,0,0,0,1,0,0,0,0,0,0,0,0,0,0,0,0,0,0,0,0,0,0,0,0,0,0,0,0,0,1,0,0,0,0,0,0,0,0,0,0,0,73.74911499023438,2024-07-01,0.21760587450773006
529,529,SIRI,2024-06-30,USD,11185000000.0,1100000000,100000000.0,100000000.0,1478040500.0,644000000.0,10085000000,2047000000.0,2864000000.0,2864000000.0,3249000000.0,0.0,356000000.0,13298000000,2558000000.0,1118000000.0,50000000.0,10740000000.0,341000000.0,9044000000.0,9390000000.0,262000000.0,838000000.0,-2113000000,-2110000000.0,4000000.0,385500000,USD,1063000000,2178000000,1115000000.0,1115000000.0,471000000,108000000.0,71000000.0,592000000,-102000000.0,0.0,102000000.0,169000000.0,430000000,76000000.0,316000000.0,556000000.0,725000000,304000000,0,0,0,0,0,1,0,0,1,0,0,0,1,0,0,0,0,0,0,0,0,0,0,0,0,0,0,0,0,0,0,0,0,0,0,0,0,1,0,0,0,0,0,0,0,0,26.586759567260746,2024-07-01,-0.16819219349515568
553,553,SWKS,2024-06-30,USD,8236400000.0,3239100000,1263400000.0,1263400000.0,822800000.0,607400000.0,4997300000,2047000000.0,1075600000.0,1075600000.0,2176700000.0,5600000.0,539900000.0,1900000000,562900000.0,160900000.0,19700000.0,1337100000.0,206800000.0,994000000.0,1200800000.0,346000000.0,36100000.0,6336400000,6084400000.0,39900000.0,161400000,USD,363900000,905500000,541600000.0,541600000.0,132000000,71200000.0,160700000.0,231900000,-6600000.0,0.0,6600000.0,112300000.0,133400000,12500000.0,120900000.0,140000000.0,252300000,120900000,0,0,0,0,0,0,0,0,1,0,0,0,0,0,0,0,0,0,0,0,0,0,0,0,0,0,0,0,0,0,0,0,0,0,0,0,0,1,0,0,0,0,0,0,0,0,99.44548797607422,2024-07-01,-0.2746403607221717
150,150,ADI,2024-07-31,USD,48618374000.0,5442936000,2106032000.0,2106032000.0,1427936000.0,1127158000.0,43175438000,2047000000.0,9997707000.0,9997707000.0,26909775000.0,439667000.0,342143000.0,13428265000,3226629000.0,424735000.0,1446694000.0,10201636000.0,0.0,6655723000.0,8102417000.0,956853000.0,536748000.0,35190109000,10175296000.0,82750000.0,498794000,USD,1311239000,2312209000,1000970000.0,1000970000.0,491319000,257213000.0,362671000.0,819920000,-58747000.0,26432000.0,85179000.0,530307000.0,422991000,30759000.0,392232000.0,508170000.0,1038477000,392232000,0,0,0,0,0,0,0,0,1,0,0,0,0,0,0,0,0,0,0,1,0,0,0,0,0,0,0,0,0,0,0,0,0,0,0,0,0,0,0,0,0,0,0,0,0,0,225.0736846923828,2024-07-31,-0.012493534933797568
197,197,ADSK,2024-07-31,USD,9960000000.0,2758000000,1513000000.0,1513000000.0,1478040500.0,402000000.0,7202000000,2047000000.0,609000000.0,609000000.0,4253000000.0,365000000.0,478000000.0,7486000000,4337000000.0,174000000.0,367000000.0,3149000000.0,317000000.0,1986000000.0,2603000000.0,520000000.0,230000000.0,2474000000,-1286000000.0,4009000000.0,217000000,USD,1347000000,1500000000,153000000.0,153000000.0,353000000,161000000.0,367000000.0,994000000,11000000.0,11000000.0,9000000.0,46000000.0,352000000,70000000.0,282000000.0,352000000.0,398000000,282000000,0,0,0,0,0,1,0,0,1,0,0,0,0,0,0,0,0,0,0,0,0,0,0,0,0,0,0,0,0,0,0,0,0,0,0,0,0,0,0,0,0,0,0,0,0,0,247.5200042724609,2024-07-31,0.22458783176938768
174,174,AMAT,2024-07-31,USD,33647000000.0,20671000000,8288000000.0,8288000000.0,5568000000.0,5021000000.0,12976000000,2047000000.0,262000000.0,262000000.0,3732000000.0,815000000.0,979000000.0,14807000000,7228000000.0,1470000000.0,274000000.0,7579000000.0,414000000.0,6158000000.0,6671000000.0,2303000000.0,390000000.0,18840000000,48247000000.0,8000000.0,833000000,USD,3205000000,6778000000,3573000000.0,3573000000.0,1942000000,222000000.0,836000000.0,1263000000,18000000.0,81000000.0,63000000.0,95000000.0,1960000000,255000000.0,1705000000.0,2020000000.0,2115000000,1705000000,0,0,0,0,0,0,0,0,1,0,0,0,0,0,0,0,0,0,0,0,0,0,0,0,0,0,0,0,0,0,0,0,0,0,0,0,0,0,0,0,0,0,0,0,0,0,208.9424591064453,2024-07-31,-0.14344385515990976
693,693,AVGO,2024-07-31,USD,167966000000.0,19947000000,9952000000.0,9952000000.0,1894000000.0,4665000000.0,148019000000,2047000000.0,43034000000.0,43034000000.0,97873000000.0,0.0,3436000000.0,102315000000,19221000000.0,1757000000.0,3205000000.0,83094000000.0,61000000.0,66781000000.0,69959000000.0,3379000000.0,1587000000.0,65651000000,-1875000000.0,5000000.0,4663000000,USD,8356000000,13072000000,4716000000.0,4716000000.0,3788000000,1100000000.0,2353000000.0,4568000000,-1064000000.0,0.0,1064000000.0,2524000000.0,2806000000,4238000000.0,-1432000000.0,3870000000.0,6394000000,-1875000000,0,0,0,0,0,0,0,0,1,0,0,0,1,0,0,0,0,0,0,0,0,0,0,0,0,0,0,0,0,0,0,0,0,0,0,0,0,1,0,0,0,0,0,0,0,0,158.2948760986328,2024-07-31,0.8486872919862352
787,787,CPRT,2024-07-31,USD,8427764000.0,4418184000,1514111000.0,1514111000.0,43639000.0,785877000.0,4009580000,2047000000.0,74088000.0,74088000.0,513909000.0,1908047000.0,166510000.0,879209000,628567000.0,193333000.0,21304000.0,250642000.0,118733000.0,0.0,118733000.0,160684000.0,24544000.0,7524011000,6545902000.0,96000.0,976500000,USD,462562000,1068999000,606437000.0,606437000.0,359544000,94032000.0,0.0,103018000,43494000.0,0.0,43494000.0,50603000.0,408427000,86249000.0,322178000.0,360019000.0,410622000,322567000,0,0,0,0,0,0,0,0,1,0,0,0,0,0,0,0,0,0,0,0,1,0,0,0,0,0,0,0,0,0,0,0,0,0,1,0,0,1,0,0,0,0,0,0,0,0,52.33000183105469,2024-07-31,-0.13376647726096436
1078,1078,CRWD,2024-07-31,USD,7202474000.0,4930402000,4038536000.0,4038536000.0,1478040500.0,661045000.0,2272072000,2047000000.0,115686000.0,115686000.0,721996000.0,0.0,230821000.0,4311884000,2728319000.0,21067000.0,17031000.0,1583565000.0,48735000.0,743238000.0,791973000.0,341757000.0,63890000.0,2852915000,-969003000.0,123000.0,251265000,USD,726471000,963872000,237401000.0,237401000.0,13658000,106434000.0,250908000.0,712813000,44977000.0,51526000.0,6549000.0,52584000.0,57604000,10914000.0,46690000.0,64153000.0,116737000,47013000,0,0,0,0,0,1,0,0,1,0,0,0,0,0,0,0,0,0,0,0,0,0,0,0,0,0,0,0,0,0,0,0,0,0,0,0,0,0,0,0,0,0,0,0,0,0,231.9600067138672,2024-07-31,0.9596913009446097
1270,1270,CSCO,2024-07-31,USD,124413000000.0,36862000000,7508000000.0,7508000000.0,3373000000.0,10023000000.0,87551000000,2047000000.0,11219000000.0,11219000000.0,58660000000.0,10346000000.0,5612000000.0,78956000000,40584000000.0,2304000000.0,11341000000.0,38372000000.0,0.0,19621000000.0,30973000000.0,9251000000.0,2540000000.0,45457000000,1087000000.0,45800000000.0,4035000000,USD,8781000000,13642000000,4861000000.0,4861000000.0,2618000000,763000000.0,2179000000.0,6163000000,-148000000.0,270000000.0,418000000.0,823000000.0,2396000000,234000000.0,2162000000.0,2814000000.0,3637000000,2162000000,0,0,0,0,0,0,0,0,1,0,0,0,0,0,0,0,0,0,0,1,0,0,0,0,0,0,0,0,0,0,0,0,0,0,0,0,0,0,0,0,0,0,0,0,0,0,46.62426376342773,2024-07-31,0.44369454743721537
292,292,INTU,2024-07-31,USD,32132000000.0,9678000000,3609000000.0,3609000000.0,1478040500.0,1317000000.0,22454000000,2047000000.0,5820000000.0,5820000000.0,13844000000.0,465000000.0,4287000000.0,13696000000,7491000000.0,721000000.0,570000000.0,6205000000.0,529000000.0,5539000000.0,6567000000.0,1399000000.0,28000000.0,18436000000,16989000000.0,3000000.0,284000000,USD,2401000000,3184000000,783000000.0,783000000.0,-151000000,382000000.0,725000000.0,2552000000,-2000000.0,59000000.0,61000000.0,208000000.0,-140000000,-120000000.0,-20000000.0,-80000000.0,128000000,-20000000,0,0,0,0,0,1,0,0,1,0,0,0,0,0,0,0,0,0,0,0,0,0,0,0,0,0,0,0,0,0,0,0,0,0,0,0,0,0,0,0,0,0,0,0,0,0,640.8443603515625,2024-07-31,0.22066615147214264
882,882,MRVL,2024-07-31,USD,20293400000.0,2763900000,808700000.0,808700000.0,817800000.0,1060100000.0,17529500000,2047000000.0,3816100000.0,3816100000.0,11586900000.0,63200000.0,77300000.0,6088500000,1546500000.0,453400000.0,170200000.0,4542000000.0,248100000.0,3996500000.0,4373900000.0,819800000.0,230000000.0,14204900000,-529300000.0,1700000.0,865700000,USD,587600000,1272900000,685300000.0,685300000.0,-100400000,197300000.0,486700000.0,688000000,-45800000.0,2600000.0,48400000.0,352000000.0,-146200000,47100000.0,-193300000.0,-97800000.0,254200000,-193300000,0,0,0,0,0,0,0,0,1,0,0,0,0,0,0,0,0,0,0,0,0,0,0,0,0,0,0,0,0,0,0,0,0,0,0,0,0,0,0,0,0,0,0,0,0,0,66.66793823242188,2024-07-31,0.20386322282366143
386,386,NVDA,2024-07-31,USD,85227000000.0,59633000000,8563000000.0,8563000000.0,6675000000.0,14132000000.0,25594000000,2047000000.0,952000000.0,952000000.0,4622000000.0,26237000000.0,4026000000.0,27070000000,13969000000.0,3680000000.0,250000000.0,13101000000.0,1554000000.0,8461000000.0,10015000000.0,7918000000.0,196000000.0,58157000000,45961000000.0,25000000.0,24848000000,USD,22574000000,30040000000,7466000000.0,7466000000.0,18642000000,842000000.0,3090000000.0,3932000000,383000000.0,444000000.0,61000000.0,433000000.0,19214000000,2615000000.0,16599000000.0,19275000000.0,19708000000,16599000000,0,0,0,0,0,0,0,0,1,0,0,0,0,0,0,0,0,0,0,0,0,0,0,0,0,0,0,0,0,0,0,0,0,0,0,0,0,0,0,0,0,0,0,0,0,0,116.9699249267578,2024-07-31,0.5204768854048163
953,953,OKTA,2024-07-31,USD,9067000000.0,3038000000,515000000.0,515000000.0,1478040500.0,377000000.0,6029000000,2047000000.0,168000000.0,168000000.0,5448000000.0,1843000000.0,303000000.0,2934000000,1660000000.0,11000000.0,-1394000000.0,1274000000.0,107000000.0,1113000000.0,1220000000.0,255000000.0,33000000.0,6133000000,-2841000000.0,8000000.0,174443000,USD,491000000,646000000,155000000.0,155000000.0,-19000000,108000000.0,164000000.0,510000000,28000000.0,29000000.0,1000000.0,25000000.0,12000000,-17000000.0,29000000.0,13000000.0,38000000,29000000,0,0,0,0,0,1,0,0,1,0,0,0,0,0,0,0,0,0,0,0,0,0,0,0,0,0,1,0,0,0,0,0,0,0,0,0,0,0,0,0,0,0,0,0,0,0,93.94000244140624,2024-07-31,0.04109006291285966
1126,1126,PANW,2024-07-31,USD,19990900000.0,6849700000,1535200000.0,1535200000.0,1.0,3344500000.0,13141200000,2047000000.0,374900000.0,374900000.0,3350100000.0,1043599999.0,926400000.0,14821200000,7682700000.0,116300000.0,1029800000.0,7138500000.0,380500000.0,0.0,1410300000.0,1061400000.0,430900000.0,5169700000,1350200000.0,3821100000.0,707800000,USD,1615800000,2189500000,573700000.0,573700000.0,238400000,140300000.0,494800000.0,1377400000,82800000.0,83100000.0,300000.0,76100000.0,319000000,-38700000.0,357700000.0,315800000.0,391900000,357700000,0,0,0,0,0,0,0,0,1,0,0,0,0,0,0,0,0,0,0,0,1,0,0,0,0,0,0,0,0,0,0,0,0,0,0,0,0,0,0,0,0,0,0,0,0,0,162.36500549316406,2024-07-31,0.06919594882053937
505,505,ROST,2024-07-31,USD,14678021000.0,7594983000,4668137000.0,4668137000.0,2490558000.0,181918000.0,7083038000,2047000000.0,986000000.0,986000000.0,4290000000.0,0.0,254370000.0,9547489000,4874240000.0,2217227000.0,1640064000.0,4673249000.0,3401275000.0,1513826000.0,5864129000.0,993683000.0,254487000.0,5130532000,3807435000.0,3321000.0,331511000,USD,1495590000,5287519000,3791929000.0,3791929000.0,659233000,836357000.0,0.0,836357000,43350000.0,60282000.0,16932000.0,108595000.0,702583000,175435000.0,527148000.0,719515000.0,828110000,527148000,0,0,0,0,0,0,0,0,1,1,1,1,1,0,0,0,0,0,0,0,0,0,0,0,0,0,0,0,0,0,0,0,0,0,1,0,0,0,0,0,0,0,0,0,0,0,140.9795379638672,2024-07-31,-0.03627399887544802
1031,1031,WDAY,2024-07-31,USD,16234000000.0,8963000000,1635000000.0,1635000000.0,1478040500.0,1292000000.0,7271000000,2047000000.0,357000000.0,357000000.0,3257000000.0,5738000000.0,298000000.0,7889000000,4513000000.0,87000000.0,98000000.0,3376000000.0,382000000.0,2982000000.0,3364000000.0,779000000.0,48000000.0,8345000000,-1492000000.0,8000000.0,267949000,USD,1574000000,2085000000,511000000.0,511000000.0,111000000,202000000.0,649000000.0,1463000000,60000000.0,88000000.0,28000000.0,79000000.0,168000000,36000000.0,132000000.0,196000000.0,275000000,132000000,0,0,0,0,0,1,0,0,1,0,0,0,0,0,0,0,0,0,0,0,0,0,0,0,0,0,1,0,0,0,0,0,0,0,0,0,0,0,0,0,0,0,0,0,0,0,227.1199951171875,2024-07-31,0.009950730073144287
1055,1055,ZM,2024-07-31,USD,10507192000.0,8395145000,1539457000.0,1539457000.0,1.0,528237000.0,2112047000,2047000000.0,65448000.0,65448000.0,307295000.0,5980575000.0,346876000.0,1981945000,1841348000.0,10611000.0,27975000.0,140597000.0,64027000.0,0.0,64027000.0,312178000.0,4833000.0,8525247000,3224603000.0,308000.0,314027000,USD,877431000,1162520000,285089000.0,285089000.0,202370000,109535000.0,206756000.0,675061000,0.0,0.0,58000000.0,29084000.0,292889000,73874000.0,219015000.0,202370000.0,231454000,219015000,0,0,0,0,0,0,0,0,1,0,0,0,0,0,0,0,0,0,0,0,1,0,0,0,0,0,0,0,0,0,0,0,0,0,0,0,1,1,1,0,0,0,0,0,0,0,60.400001525878906,2024-07-31,0.22599339703709176
1150,1150,ZS,2024-07-31,USD,4704968000.0,3396617000,1423080000.0,1423080000.0,1478040500.0,736529000.0,1308351000,2047000000.0,63835000.0,63835000.0,417029000.0,986574000.0,250434000.0,3430866000,3112887000.0,23309000.0,1193141000.0,317979000.0,95690000.0,0.0,1237965000.0,252518000.0,22100000.0,1274102000,-1148080000.0,152000.0,151497000,USD,462086000,592868000,130782000.0,130782000.0,-25675000,56263000.0,139031000.0,487761000,23629000.0,27233000.0,3733000.0,24399000.0,-5104000,9774000.0,-14878000.0,-1371000.0,23028000,-14878000,0,0,0,0,0,1,0,0,1,0,0,0,0,0,0,0,0,0,0,0,1,0,0,0,0,0,0,0,0,0,0,0,0,0,0,0,0,0,0,0,0,0,0,0,0,0,179.35000610351562,2024-07-31,0.5921939662147362
53,53,ADBE,2024-08-31,USD,29830000000.0,10716000000,7193000000.0,7193000000.0,1478040500.0,1802000000.0,19114000000,2047000000.0,858000000.0,858000000.0,12814000000.0,322000000.0,1399000000.0,15285000000,9644000000.0,318000000.0,1569000000.0,5641000000.0,451000000.0,4128000000.0,6078000000.0,1737000000.0,420000000.0,14545000000,36911000000.0,8000000.0,448000000,USD,4854000000,5408000000,554000000.0,554000000.0,1992000000,366000000.0,1022000000.0,2862000000,-51000000.0,0.0,51000000.0,213000000.0,2042000000,358000000.0,1684000000.0,2093000000.0,2306000000,1684000000,0,0,0,0,0,1,0,0,1,0,0,0,0,0,0,0,0,0,0,0,0,0,0,0,0,0,1,0,0,0,0,0,0,0,0,0,0,1,0,0,0,0,0,0,0,0,574.4099731445312,2024-08-30,-0.37901493900893757
740,740,CTAS,2024-08-31,USD,9068707000.0,1887327000,101373000.0,101373000.0,399078000.0,1293791000.0,7181380000,2047000000.0,464645000.0,464645000.0,3223528000.0,0.0,93085000.0,5047284000,1984889000.0,395931000.0,662239000.0,3062394999.0,195882000.0,2026448000.0,2838032000.0,842097000.0,0.0,4021423000,10912033000.0,2415723000.0,410496000,USD,1252131000,2501587000,1249456000.0,1249456000.0,561031000,691100000.0,0.0,691100000,-24369000.0,1250000.0,25619000.0,115204000.0,536662000,84629000.0,452033000.0,564317000.0,679521000,452033000,0,0,0,0,0,0,0,0,1,0,0,0,1,0,0,0,0,0,0,0,0,0,0,1,0,0,0,0,0,0,0,0,0,0,1,0,0,0,0,0,0,0,0,0,0,0,198.8301696777344,2024-08-30,0.05138085668630277
763,763,STZ,2024-08-31,USD,23079100000.0,3646800000,64600000.0,64600000.0,2098600000.0,871300000.0,19432300000,2047000000.0,2763000000.0,2763000000.0,5715400000.0,0.0,612300000.0,14923200000,2913800000.0,1099400000.0,912800000.0,12009400000.0,568500000.0,10683600000.0,12164900000.0,901600000.0,148200000.0,7870800000,12727200000.0,2100000.0,181947000,USD,1497400000,2918700000,1421300000.0,1421300000.0,1087500000,491200000.0,0.0,409900000,-104000000.0,0.0,104000000.0,109600000.0,-1334600000,-152200000.0,-1182400000.0,-1230600000.0,-1121000000,-1199000000,0,0,0,0,0,0,0,0,1,0,0,0,0,0,0,0,0,0,0,0,0,0,0,0,0,0,0,0,0,0,0,0,0,0,1,0,0,1,0,0,0,0,0,0,0,0,232.25050354003903,2024-08-30,-0.3126391971391195
1245,1245,AAPL,2024-09-30,USD,364980000000.0,152987000000,29943000000.0,29943000000.0,7286000000.0,66243000000.0,211993000000,45680000000.0,986000000.0,986000000.0,4290000000.0,35228000000.0,14287000000.0,308030000000,176392000000.0,68960000000.0,22511000000.0,131638000000.0,0.0,85750000000.0,106629000000.0,50071000000.0,36634000000.0,56950000000,-19154000000.0,83276000000.0,15408095000,USD,43879000000,94930000000,51051000000.0,51051000000.0,29591000000,6523000000.0,7765000000.0,14288000000,0.0,0.0,58000000.0,2911000000.0,29610000000,14874000000.0,14736000000.0,29591000000.0,32502000000,14736000000,0,0,0,0,0,0,0,0,0,1,1,1,0,0,0,0,0,0,0,1,0,0,0,0,0,0,0,0,0,0,0,0,0,0,0,0,1,1,1,0,0,0,0,0,0,0,231.47943115234372,2024-09-30,0.09791871398704699
220,220,ADP,2024-09-30,USD,49511400000.0,39911200000,2104900000.0,2104900000.0,1478040500.0,3316700000.0,9600200000,2047000000.0,1330300000.0,1330300000.0,2369000000.0,5242200000.0,29247400000.0,44162800000,39372400000.0,145200000.0,5375700000.0,4790400000.0,316100000.0,2981400000.0,8673200000.0,33492500000.0,977000000.0,5348600000,24001200000.0,63900000.0,409500000,USD,2408300000,4832700000,2424400000.0,2424400000.0,1272000000,926700000.0,232600000.0,1136300000,207200000.0,345000000.0,136700000.0,138600000.0,1236200000,279900000.0,956300000.0,1372900000.0,1511500000,956300000,0,0,0,0,0,1,0,0,1,0,0,0,0,0,0,0,0,0,0,0,0,0,0,0,0,0,0,0,0,0,0,0,0,0,0,0,0,0,0,0,0,0,0,0,0,0,269.3338928222656,2024-09-30,0.08272656167055303
648,648,AEP,2024-09-30,USD,100119100000.0,6020800000,245800000.0,245800000.0,1685700000.0,2597100000.0,94098300000,2047000000.0,986000000.0,986000000.0,52500000.0,228600000.0,1263600000.0,73394500000,10647600000.0,2265600000.0,4583000000.0,62812700000.0,587200000.0,39147700000.0,44221200000.0,2151800000.0,677900000.0,26617400000,13700700000.0,3468700000.0,533600842,USD,1827100000,5488300000,3661200000.0,3661200000.0,1419900000,368000000.0,0.0,407200000,-498800000.0,0.0,490000000.0,852700000.0,999200000,37500000.0,961700000.0,1471900000.0,2324600000,959600000,0,0,0,0,0,0,0,0,1,1,1,0,0,0,0,0,0,0,0,0,0,0,0,0,0,0,0,0,0,0,0,0,0,1,1,0,0,1,0,0,0,0,0,0,0,0,97.41738891601562,2024-09-30,0.13680148287702454
624,624,ALGN,2024-09-30,USD,6365974000.0,2597387000,1041935000.0,1041935000.0,254119000.0,1159504000.0,3768587000,2047000000.0,115905000.0,115905000.0,471512000.0,0.0,141829000.0,2421620000,2063613000.0,109035000.0,31168000.0,358007000.0,127603000.0,0.0,127603000.0,506528000.0,150014000.0,3944354000,2572525000.0,7000.0,74757000,USD,681774000,977872000,296098000.0,296098000.0,162298000,434138000.0,85272000.0,519476000,4003000.0,4003000.0,1071000.0,37793000.0,165930000,49967000.0,115963000.0,162364000.0,200157000,115963000,0,0,0,0,0,0,0,0,1,0,0,0,0,0,0,0,0,0,0,0,1,0,0,0,0,0,0,0,0,0,0,0,0,0,0,0,0,0,0,0,0,0,0,0,0,0,254.32000732421875,2024-09-30,-0.5076281943438805
600,600,AMD,2024-09-30,USD,69636000000.0,18735000000,3897000000.0,3897000000.0,5374000000.0,7270000000.0,50901000000,2316000000.0,19572000000.0,19572000000.0,24839000000.0,647000000.0,1547000000.0,12651000000,7500000000.0,2530000000.0,0.0,5151000000.0,518000000.0,1720000000.0,2238000000.0,4970000000.0,1751000000.0,56985000000,1882000000.0,17000000.0,1636000000,USD,3419000000,6819000000,3400000000.0,3400000000.0,724000000,721000000.0,1636000000.0,2695000000,-23000000.0,23000000.0,23000000.0,838000000.0,744000000,-27000000.0,771000000.0,760000000.0,1598000000,771000000,0,0,0,0,0,0,0,0,0,0,0,0,0,0,0,0,0,0,0,0,0,0,0,0,0,0,0,0,0,0,0,0,0,0,0,0,0,0,0,0,0,0,0,0,0,0,164.0800018310547,2024-09-30,-0.01395665845542704
125,125,AMGN,2024-09-30,USD,90883000000.0,26766000000,9011000000.0,9011000000.0,7362000000.0,7317000000.0,64117000000,2047000000.0,28920000000.0,28920000000.0,18658000000.0,0.0,3076000000.0,83356000000,20312000000.0,2147000000.0,3544000000.0,63044000000.0,0.0,56854000000.0,60398000000.0,14621000000.0,2199000000.0,7527000000,-25530000000.0,33393000000.0,542000000,USD,5193000000,8503000000,3310000000.0,3310000000.0,2047000000,1625000000.0,1450000000.0,3146000000,-776000000.0,0.0,776000000.0,1396000000.0,3101000000,271000000.0,2830000000.0,3877000000.0,5273000000,2830000000,0,0,0,0,0,0,0,0,1,0,0,0,1,0,0,0,0,0,0,1,0,0,0,0,0,0,0,0,0,0,0,0,0,0,0,0,0,1,0,0,0,0,0,0,0,0,307.4465637207031,2024-09-30,-0.09488884161840161
101,101,AMZN,2024-09-30,USD,584626000000.0,175792000000,75091000000.0,75091000000.0,36103000000.0,51638000000.0,408834000000,314444000000.0,986000000.0,986000000.0,23081000000.0,12960000000.0,2938000000.0,325475000000,161477000000.0,84570000000.0,5649000000.0,163998000000.0,79802000000.0,54890000000.0,134692000000.0,60602000000.0,29306000000.0,259151000000,152862000000.0,110000000.0,10735000000,USD,77900000000,158877000000,80977000000.0,80977000000.0,17411000000,2713000000.0,22245000000.0,60489000000,653000000.0,1256000000.0,603000000.0,13442000000.0,18034000000,2706000000.0,15328000000.0,18640000000.0,32082000000,15328000000,0,0,0,0,0,0,0,0,0,1,1,0,0,0,0,0,0,0,0,0,0,0,0,0,0,0,0,0,0,0,0,0,0,0,0,0,0,0,0,0,0,0,0,0,0,0,186.3300018310547,2024-09-30,0.17839320112980395
669,669,ANSS,2024-09-30,USD,7608073000.0,2348078000,1246057000.0,1246057000.0,1478040500.0,988433000.0,5259995000,2047000000.0,756712000.0,756712000.0,3818560000.0,49212000.0,64376000.0,1779297000,754490000.0,16394000.0,26781000.0,1024807000.0,88830000.0,754128000.0,842958000.0,284127000.0,126145000.0,5828776000,5576346000.0,953000.0,87885000,USD,532783000,601892000,69109000.0,69109000.0,161538000,233065000.0,132320000.0,371245000,974000.0,13292000.0,12318000.0,35795000.0,161255000,33063000.0,128192000.0,179233000.0,215028000,128192000,0,0,0,0,0,1,0,0,1,0,0,0,0,0,0,0,0,0,0,0,0,0,0,0,0,0,0,0,0,0,0,0,0,0,0,0,0,0,0,0,0,0,0,0,0,0,,,
1221,1221,AZN,2024-09-30,USD,104922000000.0,24155000000,4797000000.0,4797000000.0,5662000000.0,11879000000.0,80767000000,2047000000.0,39394000000.0,39394000000.0,21139000000.0,133000000.0,1684000000.0,64117000000,25926000000.0,21684000000.0,1570000000.0,38191000000.0,1422000000.0,28887000000.0,31562000000.0,1204000000.0,0.0,40719000000,3138000000.0,388000000.0,3120000000,USD,10484000000,13565000000,3081000000.0,3081000000.0,2106000000,5143000000.0,3115000000.0,8378000000,-274000000.0,183000000.0,457000000.0,1817000000.0,1828000000,395000000.0,1433000000.0,2285000000.0,4102000000,1429000000,0,0,0,0,0,0,0,0,1,0,0,0,0,0,0,0,0,0,0,0,0,0,0,1,0,0,0,0,0,0,0,0,0,0,0,0,0,0,0,0,0,0,0,0,0,0,150.99053955078125,2024-09-30,0.005737462047700204
1293,1293,BIDU,2024-09-30,CNY,417316000000.0,172118000000,28682000000.0,28682000000.0,1478040500.0,11227000000.0,245198000000,2047000000.0,21924000000.0,21924000000.0,22586000000.0,104129000000.0,28080000000.0,138125000000,78429000000.0,39000000000.0,22860000000.0,59696000000.0,8034000000.0,49585000000.0,77356000000.0,1959000000.0,1457000000.0,259649000000,3807700000.0,259649000000.0,351250000,CNY,17158000000,33557000000,16399000000.0,16399000000.0,5925000000,5867000000.0,5366000000.0,11233000000,1204000000.0,1877000000.0,673000000.0,1761000000.0,8600000000,814000000.0,7786000000.0,9273000000.0,11034000000,7632000000,0,0,0,0,0,1,0,0,1,0,0,0,0,0,0,0,0,0,0,0,0,0,0,0,0,1,0,0,0,0,0,0,0,0,0,0,0,0,0,0,0,0,0,0,0,0,105.29000091552734,2024-09-30,0.25149589824942753
1317,1317,BIIB,2024-09-30,USD,28313200000.0,6830500000,1699200000.0,1699200000.0,2469200000.0,1988100000.0,21482700000,2047000000.0,9805500000.0,9805500000.0,6485800000.0,0.0,674000000.0,11954300000,5425000000.0,422700000.0,1748100000.0,6529300000.0,357000000.0,4545800000.0,6650900000.0,2755100000.0,582100000.0,16358900000,18993100000.0,100000.0,145900000,USD,1827100000,2465800000,638700000.0,638700000.0,577200000,588400000.0,673000000.0,1249900000,-48200000.0,11600000.0,59800000.0,182800000.0,451000000,62500000.0,388500000.0,531600000.0,714400000,388500000,0,0,0,0,0,0,0,0,1,0,0,0,1,0,0,0,0,0,0,0,0,0,0,0,0,0,0,0,0,0,0,0,0,0,0,0,0,0,0,0,0,0,0,0,0,0,193.83999633789065,2024-09-30,-0.2773421147466628
716,716,CDNS,2024-09-30,USD,9167031000.0,4099923000,2786040000.0,2786040000.0,293350000.0,560973000.0,5067108000,2047000000.0,662343000.0,662343000.0,2493467000.0,104700000.0,459560000.0,4603693000,1674994000.0,627200000.0,349958000.0,2928699000.0,0.0,2475232000.0,2825190000.0,627200000.0,351028000.0,4563338000,5651658000.0,4067586000.0,273958000,USD,1052455000,1215499000,163044000.0,163044000.0,350056000,71581000.0,407369000.0,702399000,-7562000.0,16933000.0,24495000.0,55360000.0,333414000,95303000.0,238111000.0,357909000.0,413269000,238111000,0,0,0,0,0,0,0,0,1,0,0,0,0,0,0,0,0,0,0,1,0,0,0,0,0,0,0,0,0,0,0,0,0,0,0,0,0,0,0,0,0,0,0,0,0,0,271.0299987792969,2024-09-30,0.29601893276640734
1341,1341,CHTR,2024-09-30,USD,149371000000.0,4492000000,721000000.0,721000000.0,1478040500.0,3067000000.0,144879000000,2047000000.0,68603000000.0,68603000000.0,29668000000.0,29000000.0,704000000.0,131317000000,13160000000.0,855000000.0,1798000000.0,118157000000.0,0.0,94515000000.0,96313000000.0,9301000000.0,4659000000.0,14099000000,-8643000000.0,8000000.0,145059000,USD,5580000000,13795000000,8215000000.0,8215000000.0,3356000000,5432000000.0,0.0,2224000000,-1311000000.0,0.0,1311000000.0,2145000000.0,1880000000,406000000.0,1474000000.0,3191000000.0,5336000000,1280000000,0,0,0,0,0,1,0,0,1,0,0,0,0,0,0,0,0,0,0,1,0,0,0,0,0,0,1,0,0,0,0,0,0,0,1,0,0,1,0,0,0,0,0,0,0,0,324.0799865722656,2024-09-30,-0.15110467554213947
1101,1101,DDOG,2024-09-30,USD,4631471000.0,3789434000,337418000.0,337418000.0,1478040500.0,487064000.0,842037000,2047000000.0,4424000.0,4424000.0,352870000.0,2861536000.0,103416000.0,2002326000,1780263000.0,92005000.0,772200000.0,222063000.0,224386000.0,0.0,969244000.0,120234000.0,6615000.0,2629145000,-15546000.0,3000.0,357635000,USD,552052000,690016000,137964000.0,137964000.0,20278000,52408000.0,291802000.0,531774000,38508000.0,40082000.0,1574000.0,13800000.0,56136000,4439000.0,51697000.0,57710000.0,71510000,51697000,0,0,0,0,0,1,0,0,1,0,0,0,0,0,0,0,0,0,0,0,1,0,0,0,0,0,0,0,0,0,0,0,0,0,0,0,0,0,0,0,0,0,0,0,0,0,115.05999755859376,2024-09-30,0.23761513052325456
244,244,FISV,2024-09-30,USD,79792000000.0,25125000000,617000000.0,617000000.0,1478040500.0,3827000000.0,54667000000,2047000000.0,10322000000.0,10322000000.0,37133000000.0,0.0,20681000000.0,51389000000,23565000000.0,483000000.0,1309000000.0,27824000000.0,1100000000.0,23426000000.0,25394000000.0,20399000000.0,958000000.0,27751000000,22637000000.0,8000000.0,576900000,USD,3208000000,5215000000,2007000000.0,2007000000.0,1602000000,1606000000.0,0.0,1606000000,-326000000.0,13000000.0,339000000.0,778000000.0,645000000,74000000.0,571000000.0,1610000000.0,2388000000,564000000,0,0,0,0,0,1,0,0,1,0,0,0,1,0,0,0,0,0,0,0,0,0,0,0,0,0,0,0,0,0,0,0,0,0,1,0,0,0,0,0,0,0,0,0,0,0,179.64999389648438,2024-09-30,-0.2823267628382351
810,810,FTNT,2024-09-30,USD,8852000000.0,5220600000,2489300000.0,2489300000.0,354300000.0,1044100000.0,3631400000,2047000000.0,111600000.0,111600000.0,212800000.0,1211400000.0,121500000.0,7943900000,3883900000.0,177900000.0,0.0,4060000000.0,0.0,993800000.0,993800000.0,624800000.0,135700000.0,908100000,-643300000.0,800000.0,771900000,USD,1244700000,1508100000,263400000.0,263400000.0,470900000,71700000.0,187300000.0,773800000,37400000.0,42400000.0,5000000.0,29800000.0,621100000,81200000.0,539900000.0,631400000.0,661200000,539900000,0,0,0,0,0,0,0,0,1,0,0,0,0,0,0,0,0,1,0,1,0,0,0,0,0,0,0,0,0,0,0,0,0,0,0,0,0,0,0,0,0,0,0,0,0,0,77.55000305175781,2024-09-30,0.08420372046843982
268,268,GILD,2024-09-30,USD,54525000000.0,14779000000,5037000000.0,5037000000.0,1869000000.0,4587000000.0,39744000000,2047000000.0,20545000000.0,20545000000.0,8314000000.0,1660000000.0,1626000000.0,36135000000,11724000000.0,903000000.0,1812000000.0,24411000000.0,0.0,21437000000.0,23249000000.0,7473000000.0,1398000000.0,18474000000,11073000000.0,1000000.0,1254000000,USD,5971000000,7545000000,1574000000.0,1574000000.0,888000000,442000000.0,1395000000.0,5083000000,-186000000.0,52000000.0,238000000.0,690000000.0,956000000,-297000000.0,1253000000.0,1194000000.0,1884000000,1253000000,0,0,0,0,0,0,0,0,1,0,0,0,0,0,0,0,0,0,0,1,0,0,0,0,0,0,0,0,0,0,0,0,0,0,0,0,0,0,0,0,0,0,0,0,0,0,80.88006591796875,2024-09-30,0.36339744358893666
77,77,GOOGL,2024-09-30,USD,430266000000.0,157541000000,19959000000.0,19959000000.0,1478040500.0,49104000000.0,272725000000,174831000000.0,986000000.0,986000000.0,31935000000.0,73271000000.0,15207000000.0,116147000000,80803000000.0,7049000000.0,2971000000.0,35344000000.0,16042000000.0,10880000000.0,26922000000.0,63248000000.0,1453000000.0,314119000000,235317000000.0,82030000000.0,12419000000,USD,51794000000,88268000000,36474000000.0,36474000000.0,28521000000,3599000000.0,12447000000.0,23273000000,1189000000.0,1243000000.0,54000000.0,3985000000.0,31706000000,5405000000.0,26301000000.0,31760000000.0,35745000000,26301000000,0,0,0,0,0,1,0,0,0,1,1,0,0,0,0,0,0,0,0,0,0,0,0,0,0,0,0,0,0,0,0,0,0,0,0,0,0,0,0,0,0,0,0,0,0,0,165.0138702392578,2024-09-30,0.4722465494686736
834,834,IDXX,2024-09-30,USD,3350766000.0,1433744000,308636000.0,308636000.0,389804000.0,587071000.0,1917022000,2047000000.0,106885000.0,106885000.0,412071000.0,-185873000.0,148233000.0,1732712000,1009224000.0,110603000.0,370102000.0,723488000.0,124382000.0,524758000.0,998280000.0,410012000.0,0.0,1618054000,5116289000.0,10770000.0,83056000,USD,596038000,975543000,379505000.0,379505000.0,303892000,91887000.0,53978000.0,292146000,-4983000.0,2714000.0,7697000.0,34133000.0,298909000,66068000.0,232841000.0,307866000.0,341999000,232841000,0,0,0,0,0,0,0,0,1,0,0,0,0,0,0,0,0,0,0,0,0,0,0,1,0,0,0,0,0,0,0,0,0,0,0,0,0,0,0,0,0,0,0,0,0,0,505.2200012207031,2024-09-30,0.26457783362646636
5,5,INTC,2024-09-30,USD,193542000000.0,46137000000,8785000000.0,8785000000.0,12062000000.0,3121000000.0,147405000000,104248000000.0,3975000000.0,3975000000.0,24680000000.0,15301000000.0,6868000000.0,88678000000,35159000000.0,11074000000.0,3765000000.0,53519000000.0,0.0,46471000000.0,50236000000.0,17880000000.0,7048000000.0,99532000000,49052000000.0,50665000000.0,4292000000,USD,1997000000,13284000000,11287000000.0,11287000000.0,-9057000000,1383000000.0,4049000000.0,11054000000,130000000.0,340000000.0,210000000.0,3612000000.0,-9086000000,7903000000.0,-16989000000.0,-8838000000.0,-5226000000,-16639000000,0,0,0,0,0,0,0,0,0,0,0,0,0,0,0,0,0,0,0,1,0,0,0,0,0,0,0,0,0,0,0,0,0,0,0,0,0,0,0,0,0,0,0,0,0,0,23.459999084472656,2024-09-30,0.4300937999296899
315,315,ISRG,2024-09-30,USD,17743400000.0,7215600000,2413300000.0,2413300000.0,1481700000.0,1290000000.0,10527800000,2047000000.0,25300000.0,25300000.0,348300000.0,1818400000.0,212200000.0,2065900000,1676800000.0,218700000.0,654600000.0,389100000.0,0.0,0.0,6120000000.0,867500000.0,126700000.0,15583300000,6129800000.0,400000.0,362700000,USD,1373900000,2038100000,664200000.0,664200000.0,577300000,510600000.0,286000000.0,796600000,93700000.0,93700000.0,58000000.0,116200000.0,671000000,100400000.0,570600000.0,577300000.0,693500000,565100000,0,0,0,0,0,0,0,0,1,0,0,0,0,0,0,0,0,0,0,1,1,1,0,0,0,0,0,0,0,0,0,0,0,0,0,0,0,0,1,0,0,0,0,0,0,0,491.2699890136719,2024-09-30,-0.08964516256277588
338,338,JD,2024-09-30,CNY,643559000000.0,311102000000,99092000000.0,99092000000.0,72883000000.0,22885000000.0,332457000000,2047000000.0,44691000000.0,44691000000.0,21729000000.0,91801000000.0,24441000000.0,346814000000,265553000000.0,162500000000.0,17359000000.0,81261000000.0,24467000000.0,53847000000.0,87998000000.0,42176000000.0,909000000.0,228611000000,3807700000.0,228611000000.0,1517500000,CNY,28765000000,260387000000,231622000000.0,231622000000.0,12044000000,2325000000.0,4396000000.0,16721000000,-681000000.0,0.0,681000000.0,1998000000.0,15243000000,2406000000.0,12837000000.0,4275000000.0,6273000000,11731000000,0,0,0,0,0,0,0,0,1,0,0,0,0,0,0,0,0,0,0,0,0,0,0,0,0,1,0,0,0,0,0,0,0,0,0,0,0,1,0,0,0,0,0,0,0,0,38.85452651977539,2024-09-30,-0.09971880562145274
362,362,KHC,2024-09-30,USD,88566000000.0,8202000000,1284000000.0,1284000000.0,3872000000.0,2178000000.0,80364000000,2047000000.0,41802000000.0,41802000000.0,28946000000.0,10121000000.0,868000000.0,40097000000,7728000000.0,4553000000.0,708000000.0,32369000000.0,0.0,19383000000.0,20091000000.0,2467000000.0,1437000000.0,48328000000,521000000.0,12000000.0,1210000000,USD,2186000000,6383000000,4197000000.0,4197000000.0,-101000000,819000000.0,0.0,2287000000,-214000000.0,16000000.0,230000000.0,245000000.0,-283000000,7000000.0,-290000000.0,-53000000.0,192000000,-290000000,0,0,0,0,0,0,0,0,1,0,0,0,0,0,0,0,0,0,0,1,0,0,0,0,0,0,0,0,0,0,0,0,0,0,1,0,0,0,0,0,0,0,0,0,0,0,32.7128791809082,2024-09-30,-0.21642099543057913
858,858,KLAC,2024-09-30,USD,15681737000.0,10228439000,1977202000.0,1977202000.0,3109837000.0,2082773000.0,5453298000,2047000000.0,612011000.0,612011000.0,2015721000.0,2652514000.0,406113000.0,12122023000,4798214000.0,376505000.0,790398000.0,7323809000.0,194739000.0,5881372000.0,6826095000.0,1283501000.0,151240000.0,3559714000,1328166000.0,2257052000.0,134858000,USD,1694110000,2841541000,1147431000.0,1147431000.0,1119923000,251042000.0,323145000.0,574187000,-82171000.0,0.0,82171000.0,95823000.0,1078687000,132836000.0,945851000.0,1160858000.0,1256681000,945851000,0,0,0,0,0,0,0,0,1,0,0,0,0,0,0,0,0,0,0,0,0,0,0,0,0,0,0,0,0,0,0,0,0,0,0,0,0,1,0,0,0,0,0,0,0,0,764.7288208007812,2024-09-30,0.40624488948599513
1197,1197,LCID,2024-09-30,USD,8489183000.0,4247011000,1893638000.0,1893638000.0,506842000.0,98243000.0,4242172000,2047000000.0,986000000.0,986000000.0,4290000000.0,1578283000.0,170005000.0,5805463000,1146064000.0,139187000.0,88371000.0,4659399000.0,356757000.0,2000847000.0,2404253000.0,918506000.0,318517000.0,2683720000,-12515476000.0,234000.0,232397154,USD,-212506000,200038000,412544000.0,412544000.0,-770538000,233585000.0,324371000.0,558032000,41539000.0,50017000.0,8478000.0,69473000.0,-991988000,487000.0,-992475000.0,-983510000.0,-914037000,-992475000,0,0,0,0,0,0,0,0,1,1,1,1,0,0,0,0,0,0,0,0,0,0,0,0,0,0,0,0,0,0,0,0,0,0,0,0,0,0,0,0,0,0,0,0,0,0,35.29999923706055,2024-09-30,-0.32606228244473034
1173,1173,META,2024-09-30,USD,256408000000.0,91067000000,43852000000.0,43852000000.0,1478040500.0,14700000000.0,165341000000,2047000000.0,973000000.0,973000000.0,20654000000.0,27048000000.0,5467000000.0,91879000000,33330000000.0,7656000000.0,2016000000.0,58549000000.0,20224000000.0,28823000000.0,49047000000.0,20955000000.0,2347000000.0,164529000000,84972000000.0,80749000000.0,2600000000,USD,33214000000,40589000000,7375000000.0,7375000000.0,17350000000,1865000000.0,11177000000.0,15864000000,461000000.0,661000000.0,208000000.0,4027000000.0,17822000000,2134000000.0,15688000000.0,18030000000.0,22057000000,15688000000,0,0,0,0,0,1,0,0,1,0,0,0,0,0,0,0,0,0,0,0,0,0,0,0,0,0,0,0,0,0,0,0,0,0,0,0,0,0,0,0,0,0,0,0,0,0,570.1807250976562,2024-09-30,0.286928026285183
929,929,MRNA,2024-09-30,USD,15803000000.0,9666000000,1644000000.0,1644000000.0,412000000.0,1836000000.0,6137000000,2047000000.0,41000000.0,41000000.0,52000000.0,5223000000.0,551000000.0,3876000000,2201000000.0,373000000.0,51000000.0,1675000000.0,1355000000.0,0.0,1355000000.0,1394000000.0,35000000.0,11927000000,11165000000.0,8000000.0,399000000,USD,1341000000,1855000000,514000000.0,514000000.0,-70000000,281000000.0,1137000000.0,1411000000,97000000.0,103000000.0,6000000.0,52000000.0,21000000,8000000.0,13000000.0,27000000.0,79000000,13000000,0,0,0,0,0,0,0,0,1,0,0,0,0,0,0,0,0,0,0,0,1,0,0,0,0,0,1,0,0,0,0,0,0,0,0,0,0,0,0,0,0,0,0,0,0,0,66.83000183105469,2024-09-30,-0.6134969442466285
29,29,MSFT,2024-09-30,USD,523013000000.0,149926000000,20840000000.0,20840000000.0,1626000000.0,44148000000.0,373087000000,173391000000.0,26751000000.0,26751000000.0,119374000000.0,57589000000.0,25723000000.0,235290000000,115200000000.0,22768000000.0,8762000000.0,120090000000.0,16361000000.0,42868000000.0,96838000000.0,20927000000.0,31165000000.0,287723000000,188929000000.0,102976000000.0,7470000000,USD,45486000000,65585000000,20099000000.0,20099000000.0,30552000000,1673000000.0,7544000000.0,14934000000,99000000.0,681000000.0,582000000.0,7383000000.0,30269000000,5602000000.0,24667000000.0,30851000000.0,38234000000,24667000000,0,0,0,0,0,0,0,0,0,0,0,0,0,0,0,0,0,0,0,0,0,0,0,0,0,0,0,0,0,0,0,0,0,0,0,0,0,0,0,0,0,0,0,0,0,0,425.3249206542969,2024-09-30,0.2127319366864444
905,905,MTCH,2024-09-30,USD,4425837000.0,1322701000,855532000.0,855532000.0,1478040500.0,340087000.0,3103136000,2047000000.0,241226000.0,241226000.0,2319732000.0,5323000.0,121759000.0,4514341000,530288000.0,27351000.0,30744000.0,3984053000.0,0.0,3847272000.0,3847272000.0,321526000.0,92632000.0,-88526000,-6738049000.0,294000.0,275738000,USD,642355000,895484000,253129000.0,253129000.0,210660000,103923000.0,103724000.0,431695000,-40120000.0,0.0,40120000.0,25302000.0,177640000,41159000.0,136481000.0,217760000.0,243062000,136468000,0,0,0,0,0,1,0,0,1,0,0,0,0,0,0,0,0,0,0,1,0,0,0,0,0,0,0,0,0,0,0,0,0,0,0,0,0,1,0,0,0,0,0,0,0,0,36.7542610168457,2024-09-30,-0.04986990536184621
409,409,NXPI,2024-09-30,USD,23669000000.0,7026000000,2512000000.0,2512000000.0,2234000000.0,1070000000.0,16643000000,2047000000.0,735000000.0,735000000.0,9958000000.0,400000000.0,810000000.0,13925000000,2992000000.0,899000000.0,499000000.0,10933000000.0,0.0,9683000000.0,10182000000.0,1455000000.0,1193000000.0,9406000000,-1582000000.0,56000000.0,257716999,USD,1837000000,3250000000,1413000000.0,1413000000.0,990000000,265000000.0,577000000.0,842000000,-82000000.0,36000000.0,96000000.0,218000000.0,902000000,173000000.0,729000000.0,1004000000.0,1222000000,718000000,0,0,0,0,0,0,0,0,1,0,0,0,0,0,0,0,0,0,0,1,0,0,0,0,0,0,0,0,0,0,0,0,0,0,0,0,0,0,0,0,0,0,0,0,0,0,234.5155334472656,2024-09-30,-0.03325200189209443
975,975,PDD,2024-09-30,CNY,466793869000.0,386831287000,65295431000.0,65295431000.0,1478040500.0,13922664000.0,79962582000,2047000000.0,20088000.0,20088000.0,4290000000.0,243166321000.0,64446871000.0,188288949000,179996922000.0,82780215000.0,2015098000.0,8292027000.0,5060927000.0,5175904000.0,10236831000.0,92250018000.0,0.0,278504920000,160106472000.0,179000.0,1181958600,CNY,59645187000,99354401000,39709214000.0,39709214000.0,24292458000,1805576000.0,3063353000.0,35352729000,5416080000.0,5416080000.0,0.0,4887343000.0,29179801000,4201620000.0,24980694000.0,24292458000.0,29179801000,24980694000,0,0,0,0,0,1,0,0,1,0,0,1,0,0,0,0,0,0,0,0,0,0,0,1,0,0,0,0,0,0,0,0,0,0,0,0,0,0,0,0,0,0,0,0,0,0,134.80999755859375,2024-09-30,-0.019583112806607628
433,433,PYPL,2024-09-30,USD,83511000000.0,62673000000,7272000000.0,7272000000.0,1478040500.0,46694000000.0,20838000000,2047000000.0,393000000.0,393000000.0,10996000000.0,4646000000.0,4061000000.0,63337000000,50268000000.0,41347000000.0,2601000000.0,13069000000.0,0.0,9976000000.0,9976000000.0,8921000000.0,3093000000.0,20174000000,26226000000.0,8000000.0,1024000000,USD,3654000000,7847000000,4193000000.0,4193000000.0,1391000000,519000000.0,746000000.0,2263000000,77000000.0,183000000.0,106000000.0,255000000.0,1311000000,301000000.0,1010000000.0,1417000000.0,1672000000,1010000000,0,0,0,0,0,1,0,0,1,0,0,0,0,0,0,0,0,0,0,1,0,0,0,0,0,0,1,0,0,0,0,0,0,0,0,0,0,0,0,0,0,0,0,0,0,0,77.61503601074219,2024-09-30,-0.14058692492537717
457,457,QCOM,2024-09-30,USD,55154000000.0,25231000000,7849000000.0,7849000000.0,6423000000.0,3929000000.0,29923000000,2047000000.0,1244000000.0,1244000000.0,10799000000.0,5451000000.0,1579000000.0,28880000000,10504000000.0,2584000000.0,1462000000.0,18376000000.0,0.0,13270000000.0,15440000000.0,5081000000.0,5018000000.0,26274000000,25687000000.0,8000000.0,1130000000,USD,5777000000,10244000000,4467000000.0,4467000000.0,2582000000,761000000.0,2302000000.0,3195000000,5000000.0,185000000.0,180000000.0,439000000.0,2596000000,-319000000.0,2915000000.0,2776000000.0,3215000000,2920000000,0,0,0,0,0,0,0,0,1,0,0,0,0,0,0,0,0,0,0,1,0,0,0,0,0,0,1,0,0,0,0,0,0,0,0,0,0,0,0,0,0,0,0,0,0,0,165.4612579345703,2024-09-30,0.0003204634888800406
481,481,REGN,2024-09-30,USD,37441900000.0,19333600000,2011800000.0,2011800000.0,3018000000.0,6107100000.0,18108300000,2047000000.0,1120100000.0,1120100000.0,4290000000.0,7784700000.0,412000000.0,8116000000,3661000000.0,497300000.0,0.0,4455000000.0,720000000.0,1984000000.0,2704000000.0,2536500000.0,1543600000.0,29325900000,30755200000.0,100000.0,116200000,USD,3229600000,3720700000,491100000.0,491100000.0,1179500000,714400000.0,1327700000.0,2050100000,173600000.0,187400000.0,13800000.0,121700000.0,1493000000,152400000.0,1340600000.0,1506800000.0,1628500000,1340600000,0,0,0,0,0,0,0,0,1,0,0,1,0,0,0,0,0,1,0,0,0,0,0,0,0,0,0,0,0,0,0,0,0,0,0,0,0,0,0,0,0,0,0,0,0,0,1044.185791015625,2024-09-30,-0.4628434516370761
576,576,SBUX,2024-09-30,USD,31339300000.0,6847400000,3286200000.0,3286200000.0,1777300000.0,1213800000.0,24491900000,2047000000.0,100900000.0,100900000.0,3315700000.0,257000000.0,313100000.0,38780900000,9070000000.0,1595500000.0,2712000000.0,29710900000.0,10234700000.0,14319500000.0,25803100000.0,2646600000.0,656200000.0,-7448900000,-7343800000.0,1100000.0,1137300000,USD,2381700000,9073900000,6692200000.0,6692200000.0,1306900000,644700000.0,0.0,1074800000,-113200000.0,26800000.0,140000000.0,401400000.0,1193700000,284100000.0,909600000.0,1333700000.0,1735100000,909200000,0,0,0,0,0,0,0,0,1,0,0,0,0,0,0,0,0,0,0,0,0,0,0,0,0,0,0,0,0,0,0,0,0,0,1,0,0,0,0,0,0,0,0,0,0,0,93.7800750732422,2024-09-30,-0.11009879480394569
528,528,SIRI,2024-09-30,USD,27483000000.0,1133000000,127000000.0,127000000.0,1478040500.0,668000000.0,26350000000,2047000000.0,10210000000.0,10210000000.0,12390000000.0,0.0,338000000.0,16624000000,3061000000.0,1172000000.0,589000000.0,13563000000.0,0.0,10137000000.0,10726000000.0,212000000.0,1106000000.0,10859000000,10889000000.0,8000000.0,339000000,USD,1055000000,2171000000,1116000000.0,1116000000.0,-2901000000,138000000.0,68000000.0,3956000000,-124000000.0,0.0,124000000.0,154000000.0,-2997000000,-39000000.0,-2958000000.0,-2873000000.0,-2719000000,-2456000000,0,0,0,0,0,1,0,0,1,0,0,0,1,0,0,0,0,0,0,1,0,0,0,0,0,0,1,0,0,0,0,0,0,0,0,0,0,1,0,0,0,0,0,0,0,0,22.02068328857422,2024-09-30,0.03090190018691774
552,552,SWKS,2024-09-30,USD,8283300000.0,3341000000,1368600000.0,1368600000.0,784800000.0,508800000.0,4942300000,2047000000.0,900500000.0,900500000.0,2176700000.0,194100000.0,484700000.0,1946600000,602700000.0,171800000.0,20200000.0,1343900000.0,206100000.0,994300000.0,1200400000.0,358200000.0,35800000.0,6336700000,6032900000.0,40000000.0,161500000,USD,429600000,1024900000,595300000.0,595300000.0,192000000,74100000.0,163500000.0,237600000,-6900000.0,0.0,6900000.0,115500000.0,58400000,-2100000.0,60500000.0,65300000.0,180800000,60500000,0,0,0,0,0,0,0,0,1,0,0,0,0,0,0,0,0,0,0,0,0,0,0,0,0,0,0,0,0,0,0,0,0,0,0,0,0,1,0,0,0,0,0,0,0,0,92.91614532470705,2024-09-30,-0.19055359334182098
149,149,ADI,2024-10-31,USD,48228277000.0,5484654000,1991342000.0,1991342000.0,1447687000.0,1336331000.0,42743623000,2047000000.0,9585464000.0,9585464000.0,26909775000.0,371822000.0,337472000.0,13051960000,2988280000.0,487457000.0,1015504000.0,10063680000.0,68130000.0,6634313000.0,7649817000.0,1014797000.0,544489000.0,35176317000,10196612000.0,82718000.0,498722000,USD,1416128000,2443205000,1027077000.0,1027077000.0,569392000,277220000.0,378903000.0,846736000,-54857000.0,27947000.0,82804000.0,520461000.0,516328000,38256000.0,478072000.0,599132000.0,1119593000,478072000,0,0,0,0,0,0,0,0,1,0,0,0,0,0,0,0,0,0,0,0,0,0,0,0,0,0,0,0,0,0,0,0,0,0,0,0,0,0,0,0,0,0,0,0,0,0,217.8826446533203,2024-10-31,0.06744508796982895
196,196,ADSK,2024-10-31,USD,10133000000.0,2899000000,1437000000.0,1437000000.0,1478040500.0,702000000.0,7234000000,2047000000.0,594000000.0,594000000.0,4256000000.0,276000000.0,484000000.0,7517000000,4468000000.0,217000000.0,360000000.0,3049000000.0,292000000.0,1986000000.0,2578000000.0,541000000.0,223000000.0,2616000000,-1224000000.0,4100000000.0,217000000,USD,1407000000,1567000000,160000000.0,160000000.0,351000000,161000000.0,379000000.0,1056000000,8000000.0,6000000.0,5000000.0,48000000.0,351000000,76000000.0,275000000.0,351000000.0,399000000,275000000,0,0,0,0,0,1,0,0,1,0,0,0,0,0,0,0,0,0,0,0,0,0,0,0,0,0,0,0,0,0,0,0,0,0,0,0,0,0,0,0,0,0,0,0,0,0,283.79998779296875,2024-10-31,0.06180412015280723
173,173,AMAT,2024-10-31,USD,34409000000.0,21220000000,8022000000.0,8022000000.0,5421000000.0,5354000000.0,13189000000,2047000000.0,249000000.0,249000000.0,3732000000.0,1449000000.0,974000000.0,15408000000,8468000000.0,1570000000.0,887000000.0,6940000000.0,346000000.0,5460000000.0,6605000000.0,2492000000.0,409000000.0,19001000000,49651000000.0,8000000.0,828000000,USD,3335000000,7045000000,3710000000.0,3710000000.0,2046000000,216000000.0,858000000.0,1289000000,-151000000.0,85000000.0,66000000.0,110000000.0,1895000000,164000000.0,1731000000.0,1961000000.0,2071000000,1731000000,0,0,0,0,0,0,0,0,1,0,0,0,0,0,0,0,0,0,0,0,0,0,0,0,0,0,0,0,0,0,0,0,0,0,0,0,0,0,0,0,0,0,0,0,0,0,179.13516235351562,2024-10-31,0.29708865618006164
692,692,AVGO,2024-10-31,USD,165645000000.0,19595000000,9348000000.0,9348000000.0,1760000000.0,4416000000.0,146050000000,2047000000.0,40583000000.0,40583000000.0,97873000000.0,0.0,4071000000.0,97967000000,16697000000.0,1662000000.0,1271000000.0,81270000000.0,39000000.0,66282000000.0,67566000000.0,3649000000.0,1503000000.0,67678000000,0.0,5000000.0,4828000000,USD,9002000000,14054000000,5052000000.0,5052000000.0,4627000000,1010000000.0,2234000000.0,4375000000,-455000000.0,0.0,864000000.0,2611000000.0,3763000000,-442000000.0,4205000000.0,4679000000.0,7290000000,4324000000,0,0,0,0,0,0,0,0,1,0,0,0,1,0,0,0,0,0,0,0,0,0,0,0,0,0,0,0,0,0,0,0,0,0,0,0,0,1,0,0,0,0,0,0,0,0,167.80006408691406,2024-10-31,1.1985933366039387
786,786,CPRT,2024-10-31,USD,8869487000.0,4733117000,3698118000.0,3698118000.0,52401000.0,801840000.0,4136370000,2047000000.0,72512000.0,72512000.0,514483000.0,0.0,180758000.0,949541000,714855000.0,582215000.0,21436000.0,234686000.0,116871000.0,0.0,116871000.0,582215000.0,0.0,7896312000,6907268000.0,96000.0,976506000,USD,512105000,1146829000,634724000.0,634724000.0,406367000,105738000.0,0.0,105738000,45547000.0,45547000.0,58000000.0,53627000.0,451318000,90142000.0,361176000.0,407602000.0,461229000,362086000,0,0,0,0,0,0,0,0,1,0,0,0,0,0,0,0,0,0,0,0,1,0,0,1,0,0,0,0,0,0,0,0,0,0,1,0,0,0,1,0,0,0,0,0,0,0,51.470001220703125,2024-10-31,-0.16436764520158975
1077,1077,CRWD,2024-10-31,USD,7782958000.0,5278098000,4262214000.0,4262214000.0,1478040500.0,813922000.0,2504859999,2047000000.0,109354000.0,109354000.0,722016000.0,0.0,201962000.0,4687347000,3000380000.0,79214000.0,15658000.0,1686966999.0,48341000.0,743610000.0,791951000.0,542250000.0,77414000.0,3057933000,-985825000.0,124000.0,245536000,USD,755091000,1010178000,255087000.0,255087000.0,-55723000,126945000.0,275602000.0,810814000,45614000.0,52201000.0,6587000.0,55248000.0,-10538000,6281000.0,-16819000.0,-3951000.0,51297000,-16822000,0,0,0,0,0,1,0,0,1,0,0,0,0,0,0,0,0,0,0,0,0,0,0,0,0,0,0,0,0,0,0,0,0,0,0,0,0,0,0,0,0,0,0,0,0,0,296.8699951171875,2024-10-31,0.8291171849525423
1269,1269,CSCO,2024-10-31,USD,123333000000.0,35752000000,9065000000.0,9065000000.0,3143000000.0,7580000000.0,87581000000,3174000000.0,10744000000.0,10744000000.0,58774000000.0,9606000000.0,6358000000.0,78056000000,40542000000.0,1996000000.0,12364000000.0,37514000000.0,0.0,19623000000.0,31987000000.0,8471000000.0,2637000000.0,45277000000,662000000.0,45991000000.0,4013000000,USD,9121000000,13841000000,4720000000.0,4720000000.0,2358000000,795000000.0,2286000000.0,6763000000,-132000000.0,286000000.0,418000000.0,789000000.0,2267000000,-444000000.0,2711000000.0,2685000000.0,3474000000,2711000000,0,0,0,0,0,0,0,0,0,0,0,0,0,0,0,0,0,0,0,1,0,0,0,0,0,0,0,0,0,0,0,0,0,0,0,0,0,0,0,0,0,0,0,0,0,0,53.108917236328125,2024-10-31,0.3692778374427461
291,291,INTU,2024-10-31,USD,33193000000.0,10726000000,2872000000.0,2872000000.0,1478040500.0,1345000000.0,22467000000,2047000000.0,5662000000.0,5662000000.0,13844000000.0,486000000.0,6023000000.0,15057000000,8619000000.0,652000000.0,564000000.0,6438000000.0,657000000.0,5625000000.0,6781000000.0,884000000.0,30000000.0,18136000000,16891000000.0,20619000000.0,283000000,USD,2460000000,3283000000,823000000.0,823000000.0,271000000,394000000.0,704000000.0,2189000000,-20000000.0,42000000.0,60000000.0,201000000.0,213000000,16000000.0,197000000.0,273000000.0,474000000,197000000,0,0,0,0,0,1,0,0,1,0,0,0,0,0,0,0,0,0,0,0,0,0,0,0,0,0,0,0,0,0,0,0,0,0,0,0,0,0,0,0,0,0,0,0,0,0,605.1792602539062,2024-10-31,0.10103368979745064
881,881,MRVL,2024-10-31,USD,19715600000.0,2816800000,868100000.0,868100000.0,859400000.0,997900000.0,16898800000,2047000000.0,3121700000.0,3121700000.0,11586900000.0,0.0,91400000.0,6342700000,1763600000.0,538100000.0,172600000.0,4579100000.0,246400000.0,3965500000.0,4341300000.0,985000000.0,292100000.0,13372900000,-1257500000.0,1700000.0,865700000,USD,349400000,1516100000,1166700000.0,1166700000.0,-702800000,205300000.0,488600000.0,1052200000,-47700000.0,0.0,47700000.0,341500000.0,-750500000,-74200000.0,-676300000.0,-702800000.0,-361300000,-676300000,0,0,0,0,0,0,0,0,1,0,0,0,1,0,0,0,0,0,0,0,0,0,0,0,0,0,0,0,0,0,0,0,0,0,0,0,0,1,0,0,0,0,0,0,0,0,79.80277252197266,2024-10-31,0.17380132083367084
385,385,NVDA,2024-10-31,USD,96013000000.0,67640000000,9107000000.0,9107000000.0,7654000000.0,17693000000.0,28373000000,2047000000.0,838000000.0,838000000.0,4724000000.0,29380000000.0,3806000000.0,30114000000,16479000000.0,5353000000.0,273000000.0,13635000000.0,1763000000.0,8462000000.0,10225000000.0,8745000000.0,115000000.0,65899000000,53950000000.0,25000000.0,24774000000,USD,26156000000,35082000000,8926000000.0,8926000000.0,21869000000,897000000.0,3390000000.0,4287000000,411000000.0,472000000.0,61000000.0,478000000.0,22316000000,3007000000.0,19309000000.0,22377000000.0,22855000000,19309000000,0,0,0,0,0,0,0,0,1,0,0,0,0,0,0,0,0,0,0,0,0,0,0,0,0,0,0,0,0,0,0,0,0,0,0,0,0,0,0,0,0,0,0,0,0,0,132.71456909179688,2024-10-31,0.5256706979020147
952,952,OKTA,2024-10-31,USD,9010000000.0,3003000000,310000000.0,310000000.0,1478040500.0,463000000.0,6007000000,2047000000.0,151000000.0,151000000.0,5448000000.0,1938000000.0,292000000.0,2745000000,2234000000.0,12000000.0,509000000.0,511000000.0,102000000.0,349000000.0,960000000.0,298000000.0,35000000.0,6265000000,-2825000000.0,8000000.0,170673000,USD,508000000,665000000,157000000.0,157000000.0,-16000000,110000000.0,158000000.0,524000000,25000000.0,26000000.0,1000000.0,14000000.0,25000000,9000000.0,16000000.0,26000000.0,40000000,16000000,0,0,0,0,0,1,0,0,1,0,0,0,0,0,0,0,0,0,0,0,0,0,0,0,0,0,1,0,0,0,0,0,0,0,0,0,0,0,0,0,0,0,0,0,0,0,71.88999938964844,2024-10-31,0.27319515310048037
1125,1125,PANW,2024-10-31,USD,20374600000.0,6242700000,2282800000.0,2282800000.0,1478040500.0,1938000000.0,14131900000,2047000000.0,809600000.0,809600000.0,4050800000.0,1108200000.0,913700000.0,14462800000,7402700000.0,211600000.0,645800000.0,7060100000.0,379600000.0,0.0,1025400000.0,1683400000.0,843800000.0,5911800000,1700900000.0,4214900000.0,709000000,USD,1585000000,2139000000,554000000.0,554000000.0,286000000,98000000.0,481000000.0,1299000000,84500000.0,85700000.0,1000000.0,84000000.0,368000000,17000000.0,350700000.0,369000000.0,453000000,351000000,0,0,0,0,0,1,0,0,1,0,0,0,0,0,0,0,0,0,0,0,1,0,0,0,0,0,0,0,0,0,0,0,0,0,0,0,0,0,0,0,0,0,0,0,0,0,180.1649932861328,2024-10-31,0.22243506619171738
504,504,ROST,2024-10-31,USD,14905186000.0,7626289000,4349262000.0,4349262000.0,2859106000.0,176218000.0,7278897000,2047000000.0,986000000.0,986000000.0,4290000000.0,0.0,241703000.0,9641823000,4843698000.0,2346479000.0,1398607000.0,4798125000.0,3520617000.0,1514452000.0,5734476000.0,1096426000.0,265673000.0,5263363000,3918669000.0,3303000.0,329937000,USD,1437071000,5071354000,3634283000.0,3634283000.0,604216000,832855000.0,0.0,832855000,42527000.0,57922000.0,15395000.0,111803000.0,646743000,157935000.0,488808000.0,662138000.0,773941000,488808000,0,0,0,0,0,0,0,0,1,1,1,1,1,0,0,0,0,0,0,0,0,0,0,0,0,0,0,0,0,0,0,0,0,0,1,0,0,0,0,0,0,0,0,0,0,0,137.8611602783203,2024-10-31,0.15013388683333417
1030,1030,WDAY,2024-10-31,USD,16424000000.0,8834000000,1311000000.0,1311000000.0,1478040500.0,1452000000.0,7590000000,2047000000.0,409000000.0,409000000.0,3479000000.0,5846000000.0,225000000.0,7800000000,4422000000.0,74000000.0,102000000.0,3378000000.0,380000000.0,2983000000.0,3363000000.0,799000000.0,53000000.0,8624000000,-1299000000.0,8000000.0,268549000,USD,1630000000,2160000000,530000000.0,530000000.0,165000000,198000000.0,647000000.0,1465000000,57000000.0,86000000.0,29000000.0,81000000.0,227000000,34000000.0,193000000.0,256000000.0,337000000,193000000,0,0,0,0,0,1,0,0,1,0,0,0,0,0,0,0,0,0,0,0,0,0,0,0,0,0,1,0,0,0,0,0,0,0,0,0,0,0,0,0,0,0,0,0,0,0,233.8500061035156,2024-10-31,0.02595677531324414
1054,1054,ZM,2024-10-31,USD,10679869000.0,8532415000,1273823000.0,1273823000.0,1478040500.0,458007000.0,2147454000,397628000.0,62049000.0,62049000.0,307295000.0,6428214000.0,372371000.0,2000035000,1853426000.0,8542000.0,28984000.0,146609000.0,66574000.0,0.0,66574000.0,341829000.0,4958000.0,8679834000,3431653000.0,306000.0,314191000,USD,893660000,1177541000,283881000.0,283881000.0,182840000,126137000.0,222980000.0,710820000,0.0,6324000.0,58000000.0,32290000.0,280412000,73362000.0,207050000.0,182840000.0,215130000,207050000,0,0,0,0,0,1,0,0,0,0,0,0,0,0,0,0,0,0,0,0,1,0,0,0,0,0,0,0,0,0,0,0,0,0,0,0,1,0,1,0,0,0,0,0,0,0,74.73999786376953,2024-10-31,0.16711273548508676
1149,1149,ZS,2024-10-31,USD,4709002000.0,3393780000,1553645000.0,1553645000.0,1478040500.0,424573000.0,1315222000,2047000000.0,59595000.0,59595000.0,417029000.0,1154252000.0,261310000.0,3280457000,2963610000.0,25368000.0,1195399000.0,316847000.0,91538000.0,0.0,1237337000.0,209763000.0,24269000.0,1428545000,-1160131000.0,153000.0,152557000,USD,485651000,627955000,142304000.0,142304000.0,-31875000,56819000.0,154275000.0,517525999,26905000.0,30048000.0,3001000.0,25663000.0,-4414000,7637000.0,-12051000.0,-1413000.0,24250000,-12051000,0,0,0,0,0,1,0,0,1,0,0,0,0,0,0,0,0,0,0,0,1,0,0,0,0,0,0,0,0,0,0,0,0,0,0,0,0,0,0,0,0,0,0,0,0,0,180.7899932861328,2024-10-31,0.8316280045674245
52,52,ADBE,2024-11-30,USD,30230000000.0,11232000000,7613000000.0,7613000000.0,1478040500.0,2072000000.0,18998000000,2047000000.0,782000000.0,782000000.0,12788000000.0,273000000.0,1274000000.0,16125000000,10521000000.0,361000000.0,1574000000.0,5604000000.0,428000000.0,4129000000.0,6056000000.0,2336000000.0,446000000.0,14105000000,38470000000.0,8000000.0,443000000,USD,4990000000,5606000000,616000000.0,616000000.0,1957000000,456000000.0,999000000.0,3033000000,291000000.0,0.0,50000000.0,218000000.0,1991000000,308000000.0,1683000000.0,2041000000.0,2259000000,1683000000,0,0,0,0,0,1,0,0,1,0,0,0,0,0,0,0,0,0,0,0,0,0,0,0,0,0,1,0,0,0,0,0,0,0,0,0,0,1,0,0,0,0,0,0,0,0,515.9299926757812,2024-11-29,-0.3742367943582613
739,739,CTAS,2024-11-30,USD,9366529000.0,1981352000,122395000.0,122395000.0,394605000.0,1381413000.0,7385177000,2047000000.0,489241000.0,489241000.0,3323043000.0,0.0,82939000.0,5073423000,2007767000.0,418259000.0,677729000.0,3065656000.0,188894000.0,2026963000.0,2846665000.0,900859000.0,0.0,4293106000,11202524000.0,2474313000.0,410667000,USD,1276703000,2561783000,1285080000.0,1285080000.0,591390000,685313000.0,0.0,685313000,-25703000.0,962000.0,26665000.0,155943000.0,565687000,117192000.0,448495000.0,591390000.0,747333000,448495000,0,0,0,0,0,0,0,0,1,0,0,0,1,0,0,0,0,0,0,0,0,0,0,1,0,0,0,0,0,0,0,0,0,0,1,0,0,0,0,0,0,0,0,0,0,0,223.4433441162109,2024-11-29,-0.17202955041809076
762,762,STZ,2024-11-30,USD,22806200000.0,3629500000,73700000.0,73700000.0,2129600000.0,836200000.0,19176700000,7785300000.0,2718200000.0,2718200000.0,5612400000.0,0.0,590000000.0,14734500000,3289000000.0,1055900000.0,1393400000.0,11445500000.0,540400000.0,10185700000.0,12119500000.0,839700000.0,93600000.0,7817800000,13159700000.0,2100000.0,181753000,USD,1257600000,2463500000,1205900000.0,1205900000.0,782600000,491300000.0,0.0,475000000,-104400000.0,119400000.0,104400000.0,119300000.0,673600000,44500000.0,629100000.0,778000000.0,897300000,615900000,0,0,0,0,0,0,0,0,0,0,0,0,1,0,0,0,0,0,0,0,0,0,0,0,0,0,0,0,0,0,0,0,0,0,1,0,0,0,0,0,0,0,0,0,0,0,233.46560668945312,2024-11-29,-0.41328195167682524
1244,1244,AAPL,2024-12-31,USD,344085000000.0,133240000000,30299000000.0,30299000000.0,6911000000.0,59306000000.0,210845000000,46069000000.0,986000000.0,986000000.0,4290000000.0,23476000000.0,13248000000.0,277327000000,144365000000.0,61910000000.0,12843000000.0,132962000000.0,0.0,83956000000.0,96799000000.0,61151000000.0,49006000000.0,66758000000,-11221000000.0,84768000000.0,15150865000,USD,58275000000,124300000000,66025000000.0,66025000000.0,42832000000,2074000000.0,8268000000.0,15443000000,0.0,0.0,58000000.0,3080000000.0,42584000000,6254000000.0,36330000000.0,42584000000.0,45664000000,36330000000,0,0,0,0,0,0,0,0,0,1,1,1,0,0,0,0,0,0,0,1,0,0,0,0,0,0,0,0,0,0,0,0,0,0,0,0,1,1,1,0,0,0,0,0,0,0,250.82977294921875,2024-12-30,0.08768868951806685
219,219,ADP,2024-12-31,USD,64096700000.0,54254400000,2216400000.0,2216400000.0,1478040500.0,3503500000.0,9842300000,2047000000.0,1739100000.0,1739100000.0,3183900000.0,0.0,48534500000.0,59018600000,54303100000.0,186400000.0,1000500000.0,4715500000.0,300300000.0,2982000000.0,4282800000.0,52875100000.0,999300000.0,5078100000,24335600000.0,63900000.0,409000000,USD,2521200000,5048400000,2527200000.0,2527200000.0,1299800000,1006100000.0,239500000.0,1221400000,227100000.0,356700000.0,128199999.0,151100000.0,1261300000,298100000.0,963200000.0,1389500000.0,1540600000,963200000,0,0,0,0,0,1,0,0,1,0,0,0,1,0,0,0,0,0,0,0,0,0,0,0,0,0,0,0,0,0,0,0,0,0,0,0,0,0,0,0,0,0,0,0,0,0,286.6172790527344,2024-12-30,-0.09450679443668064
647,647,AEP,2024-12-31,USD,103078000000.0,5788800000,202900000.0,202900000.0,1715100000.0,2631900000.0,97289200000,2047000000.0,986000000.0,986000000.0,52500000.0,215400000.0,1023500000.0,76091900000,13009300000.0,2637600000.0,5950700000.0,63082600000.0,596200000.0,39307800000.0,45762800000.0,2044200000.0,800600000.0,26943800000,13869200000.0,3471600000.0,531337703,USD,1483500000,4704200000,3220700000.0,3220700000.0,1098400000,368000000.0,0.0,385100000,-462800000.0,0.0,464000000.0,828200000.0,724400000,58500000.0,665900000.0,1161700000.0,1989900000,664100000,0,0,0,0,0,0,0,0,1,1,1,0,0,0,0,0,0,0,0,0,0,0,0,0,0,0,0,0,0,0,0,0,0,1,1,0,0,1,0,0,0,0,0,0,0,0,88.26189422607422,2024-12-30,0.30384790359957736
623,623,ALGN,2024-12-31,USD,6214600000.0,2492441000,1043887000.0,1043887000.0,254287000.0,1029713000.0,3722159000,2047000000.0,103488000.0,103488000.0,442630000.0,0.0,164554000.0,2362615000,2038027000.0,108693000.0,31063000.0,324588000.0,119277000.0,0.0,119277000.0,470659000.0,139908000.0,3851985000,2483766000.0,7000.0,74465000,USD,696941000,995219000,298278000.0,298278000.0,144149000,239971000.0,94878000.0,552792000,8522000.0,8522000.0,58000000.0,38129000.0,140777000,36970000.0,103807000.0,177092000.0,215221000,103807000,0,0,0,0,0,0,0,0,1,0,0,0,0,0,0,0,0,0,0,0,1,0,0,0,0,0,0,0,0,0,0,0,0,0,0,0,0,0,1,0,0,0,0,0,0,0,206.5800018310547,2024-12-30,-0.23448543911342135
599,599,AMD,2024-12-31,USD,69226000000.0,19049000000,3787000000.0,3787000000.0,5734000000.0,6933000000.0,50177000000,2425000000.0,18930000000.0,18930000000.0,24839000000.0,1345000000.0,1250000000.0,11658000000,7281000000.0,1990000000.0,109000000.0,4377000000.0,491000000.0,1721000000.0,2212000000.0,5291000000.0,1816000000.0,57568000000,2364000000.0,17000000.0,1634000000,USD,3882000000,7658000000,3776000000.0,3776000000.0,871000000,408000000.0,1712000000.0,3011000000,163000000.0,19000000.0,19000000.0,786000000.0,901000000,419000000.0,482000000.0,908000000.0,1694000000,482000000,0,0,0,0,0,0,0,0,0,0,0,0,0,0,0,0,0,0,0,0,0,0,0,0,0,0,0,0,0,0,0,0,0,0,0,0,0,0,0,0,0,0,0,0,0,0,122.44000244140624,2024-12-30,0.7587389092134476
124,124,AMGN,2024-12-31,USD,91839000000.0,29030000000,11973000000.0,11973000000.0,6998000000.0,7501000000.0,62809000000,2047000000.0,27699000000.0,27699000000.0,18637000000.0,0.0,2558000000.0,85962000000,23099000000.0,1908000000.0,3550000000.0,62863000000.0,0.0,56549000000.0,60099000000.0,17641000000.0,2349000000.0,5877000000,-27590000000.0,33533000000.0,542000000,USD,5974000000,9086000000,3112000000.0,3112000000.0,2311000000,891000000.0,1724000000.0,3663000000,-747000000.0,0.0,747000000.0,1397000000.0,782000000,155000000.0,627000000.0,1529000000.0,2926000000,627000000,0,0,0,0,0,0,0,0,1,0,0,0,1,0,0,0,0,0,0,1,0,0,0,0,0,0,0,0,0,0,0,0,0,0,0,0,0,1,0,0,0,0,0,0,0,0,249.3976593017578,2024-12-30,0.3088660575942097
100,100,AMZN,2024-12-31,USD,624894000000.0,190867000000,78779000000.0,78779000000.0,34214000000.0,55451000000.0,434027000000,328806000000.0,8602000000.0,8602000000.0,23074000000.0,22423000000.0,247000000.0,338924000000,179431000000.0,94363000000.0,151000000.0,159493000000.0,78277000000.0,52623000000.0,130900000000.0,66965000000.0,28593000000.0,285970000000,172866000000.0,111000000.0,10721000000,USD,88899000000,187792000000,98893000000.0,98893000000.0,21203000000,2863000000.0,23571000000.0,67696000000,678000000.0,1248000000.0,570000000.0,15631000000.0,22329000000,2325000000.0,20004000000.0,22919000000.0,38550000000,20004000000,0,0,0,0,0,0,0,0,0,0,0,0,0,0,0,0,0,0,0,0,0,0,0,0,0,0,0,0,0,0,0,0,0,0,0,0,0,0,0,0,0,0,0,0,0,0,221.3000030517578,2024-12-30,0.05074557421001291
668,668,ANSS,2024-12-31,USD,8051431000.0,2831493000,1446743000.0,1446743000.0,1478040500.0,1275210000.0,5219938000,2047000000.0,716244000.0,716244000.0,3778128000.0,50774000.0,58766000.0,1964991000,941184000.0,27062000.0,0.0,1023807000.0,86936000.0,754208000.0,841144000.0,394490000.0,126800000.0,6086440000,5859034000.0,953000.0,88137000,USD,809486000,882174000,72688000.0,72688000.0,355595000,314009000.0,134259000.0,453891000,3712000.0,14636000.0,10924000.0,40789000.0,359293000,76605000.0,282688000.0,364772000.0,405561000,282688000,0,0,0,0,0,1,0,0,1,0,0,0,0,0,0,0,0,1,0,0,0,0,0,0,0,0,0,0,0,0,0,0,0,0,0,0,0,0,0,0,0,0,0,0,0,0,,,
1220,1220,AZN,2024-12-31,USD,104035000000.0,25827000000,5488000000.0,5488000000.0,5288000000.0,12972000000.0,78208000000,2047000000.0,37177000000.0,37177000000.0,21025000000.0,166000000.0,1913000000.0,63164000000,27866000000.0,22465000000.0,2495000000.0,35298000000.0,1452000000.0,26506000000.0,30114000000.0,1500000000.0,0.0,40786000000,3160000000.0,388000000.0,3124000000,USD,12166000000,14891000000,2725000000.0,2725000000.0,2036000000,5410000000.0,4677000000.0,10130000000,-365000000.0,64000000.0,429000000.0,714000000.0,1666000000,166000000.0,1500000000.0,2095000000.0,2809000000,1500000000,0,0,0,0,0,0,0,0,1,0,0,0,0,0,0,0,0,0,0,0,0,0,0,1,0,0,0,0,0,0,0,0,0,0,0,0,0,0,0,0,0,0,0,0,0,0,127.07546997070312,2024-12-30,0.4409627837019565
1292,1292,BIDU,2024-12-31,CNY,427780000000.0,168849000000,24832000000.0,24832000000.0,5989000000.0,10894000000.0,258931000000,2047000000.0,7702000000.0,7702000000.0,22586000000.0,102608000000.0,30515000000.0,144168000000,80953000000.0,41443000000.0,22408000000.0,63215000000.0,8276000000.0,51943000000.0,79324000000.0,17102000000.0,1557000000.0,263620000000,180073000000.0,263620000000.0,347875000,CNY,16110000000,34124000000,18014000000.0,18014000000.0,3917000000,7122000000.0,5515000000.0,12193000000,1358000000.0,2001000000.0,643000000.0,1952000000.0,6577000000,1619000000.0,4958000000.0,7220000000.0,9172000000,5192000000,0,0,0,0,0,0,0,0,1,0,0,0,0,0,0,0,0,0,0,0,0,0,0,0,0,0,0,0,0,0,0,0,0,0,0,0,0,0,0,0,0,0,0,0,0,0,84.05000305175781,2024-12-30,0.5750148730071214
1316,1316,BIIB,2024-12-31,USD,28049300000.0,7456800000,2375000000.0,2375000000.0,2460500000.0,1868800000.0,20592500000,2047000000.0,9691200000.0,9691200000.0,6478900000.0,0.0,752500000.0,11333300000,5528800000.0,424200000.0,1748600000.0,5804500000.0,334500000.0,4547200000.0,6630300000.0,2807700000.0,732300000.0,16716000000,19259800000.0,100000.0,146100000,USD,1871200000,2454700000,583500000.0,583500000.0,509000000,611900000.0,683500000.0,1362200000,-41500000.0,18500000.0,60000000.0,184000000.0,291500000,24800000.0,266700000.0,507700000.0,691700000,266700000,0,0,0,0,0,0,0,0,1,0,0,0,0,0,0,0,0,0,0,0,0,0,0,0,0,0,0,0,0,0,0,0,0,0,0,0,0,0,0,0,0,0,0,0,0,0,150.19000244140625,2024-12-30,0.17451222470885464
715,715,CDNS,2024-12-31,USD,8974482000.0,4016079000,2644030000.0,2644030000.0,257711000.0,680460000.0,4958403000,2047000000.0,594734000.0,594734000.0,2378671000.0,140625000.0,293253000.0,4300904000,1370105000.0,5555000.0,0.0,2930799000.0,108893000.0,2476183000.0,2585076000.0,627137000.0,0.0,4673578000,5991868000.0,4181737000.0,274292000,USD,1135990000,1355981000,219991000.0,219991000.0,456875000,78550000.0,392026000.0,679115000,-2753000.0,27154000.0,29907000.0,53863000.0,436652000,96442000.0,340210000.0,466559000.0,520422000,340210000,0,0,0,0,0,0,0,0,1,0,0,0,0,0,0,0,0,1,0,0,0,0,0,1,0,0,0,0,0,0,0,0,0,0,0,0,0,0,0,0,0,0,0,0,0,0,301.8599853515625,2024-12-30,0.04551786065963914
1340,1340,CHTR,2024-12-31,USD,150020000000.0,4233000000,459000000.0,459000000.0,1478040500.0,3097000000.0,145787000000,2047000000.0,68437000000.0,68437000000.0,29674000000.0,0.0,677000000.0,130313000000,13486000000.0,880000000.0,2835000000.0,116827000000.0,0.0,93206000000.0,95763000000.0,8666000000.0,4776000000.0,15587000000,-7750000000.0,8000000.0,145364000,USD,8854000000,13926000000,5072000000.0,5072000000.0,3454000000,2068000000.0,0.0,5400000000,-1274000000.0,0.0,1274000000.0,2168000000.0,2046000000,370000000.0,1676000000.0,3320000000.0,5488000000,1466000000,0,0,0,0,0,1,0,0,1,0,0,0,1,0,0,0,0,0,0,1,0,0,0,0,0,0,1,0,0,0,0,0,0,0,1,0,0,1,0,0,0,0,0,0,0,0,343.17999267578125,2024-12-30,-0.3892417664874337
1100,1100,DDOG,2024-12-31,USD,5785339000.0,4911115000,1246983000.0,1246983000.0,1478040500.0,598919000.0,874224000,2047000000.0,3711000.0,3711000.0,360381000.0,2942076000.0,123137000.0,3070976000,1862713000.0,107731000.0,665993000.0,1208263000.0,228875000.0,979282000.0,1842180000.0,98497000.0,9383000.0,2714363000,30048000.0,3000.0,360940000,USD,593342000,737727000,144385000.0,144385000.0,9392000,59896000.0,316314000.0,583950000,39920000.0,42563000.0,2643000.0,29985000.0,53826000,8232000.0,45594000.0,56469000.0,86454000,45594000,0,0,0,0,0,1,0,0,1,0,0,0,0,0,0,0,0,0,0,0,0,0,0,0,0,0,0,0,0,0,0,0,0,0,0,0,0,0,0,0,0,0,0,0,0,0,144.1699981689453,2024-12-30,-0.04640356888654873
243,243,FISV,2024-12-31,USD,77176000000.0,23477000000,1236000000.0,1236000000.0,1478040500.0,3725000000.0,53699000000,2047000000.0,9940000000.0,9940000000.0,36584000000.0,0.0,18516000000.0,49490000000,22157000000.0,511000000.0,1226000000.0,27333000000.0,1098000000.0,23074000000.0,24956000000.0,17489000000.0,863000000.0,27068000000,23575000000.0,8000000.0,582100000,USD,3232000000,5251000000,2019000000.0,2019000000.0,1668000000,1564000000.0,0.0,1564000000,-323000000.0,11000000.0,334000000.0,758000000.0,1141000000,193000000.0,948000000.0,1518000000.0,2276000000,938000000,0,0,0,0,0,1,0,0,1,0,0,0,1,0,0,0,0,0,0,0,0,0,0,0,0,0,0,0,0,0,0,0,0,0,1,0,0,0,0,0,0,0,0,0,0,0,206.2700042724609,2024-12-30,-0.6725650869415112
809,809,FTNT,2024-12-31,USD,9763100000.0,5971500000,2875900000.0,2875900000.0,315500000.0,1463400000.0,3791600000,2047000000.0,115000000.0,115000000.0,235400000.0,1190600000.0,126100000.0,8269300000,4060700000.0,190900000.0,32700000.0,4208600000.0,0.0,994300000.0,994300000.0,593600000.0,129600000.0,1493800000,-117100000.0,800000.0,775200000,USD,1345600000,1660100000,314500000.0,314500000.0,574100000,55100000.0,191100000.0,771500000,37400000.0,42300000.0,4900000.0,35200000.0,612900000,86700000.0,526200000.0,623300000.0,658500000,526200000,0,0,0,0,0,0,0,0,1,0,0,0,0,0,0,0,0,0,0,1,0,0,0,0,0,0,0,0,0,0,0,0,0,0,0,0,0,0,0,0,0,0,0,0,0,0,95.12999725341795,2024-12-30,-0.15578681932834526
267,267,GILD,2024-12-31,USD,58995000000.0,19173000000,9991000000.0,9991000000.0,1710000000.0,4420000000.0,39822000000,2047000000.0,19948000000.0,19948000000.0,8314000000.0,1577000000.0,1475000000.0,39749000000,12004000000.0,833000000.0,1928000000.0,27745000000.0,0.0,24896000000.0,27322000000.0,7597000000.0,1295000000.0,19330000000,11497000000.0,1000000.0,1259000000,USD,5988000000,7569000000,1581000000.0,1581000000.0,2452000000,992000000.0,1641000000.0,3536000000,-164000000.0,85000000.0,249000000.0,693000000.0,2167000000,385000000.0,1782000000.0,2416000000.0,3109000000,1783000000,0,0,0,0,0,0,0,0,1,0,0,0,0,0,0,0,0,0,0,1,0,0,0,0,0,0,0,0,0,0,0,0,0,0,0,0,0,0,0,0,0,0,0,0,0,0,89.50768280029297,2024-12-30,0.37619471816750694
76,76,GOOGL,2024-12-31,USD,450256000000.0,163711000000,23466000000.0,23466000000.0,1478040500.0,52340000000.0,286545000000,184624000000.0,986000000.0,986000000.0,31885000000.0,72191000000.0,15714000000.0,125172000000,89122000000.0,7987000000.0,2887000000.0,36050000000.0,14578000000.0,10883000000.0,25461000000.0,64430000000.0,4694000000.0,325084000000,245084000000.0,84800000000.0,12348000000,USD,55856000000,96469000000,40613000000.0,40613000000.0,30972000000,4405000000.0,13116000000.0,24884000000,1035000000.0,1088000000.0,53000000.0,4205000000.0,32243000000,5707000000.0,26536000000.0,32296000000.0,36501000000,26536000000,0,0,0,0,0,1,0,0,0,1,1,0,0,0,0,0,0,0,0,0,0,0,0,0,0,0,0,0,0,0,0,0,0,0,0,0,0,0,0,0,0,0,0,0,0,0,190.4939422607422,2024-12-30,0.6475589847047603
833,833,IDXX,2024-12-31,USD,3293443000.0,1399897000,288266000.0,288266000.0,381877000.0,473575000.0,1893546000,2047000000.0,111676000.0,111676000.0,405100000.0,0.0,256179000.0,1698130000,1067916000.0,114211000.0,167787000.0,11312000.0,119375000.0,449786000.0,167787000.0,689867000.0,0.0,1595313000,5332438000.0,10784000.0,83056000,USD,570660000,954288000,383628000.0,383628000.0,261686000,101137000.0,57729000.0,308974000,-5299000.0,2199000.0,7498000.0,33706000.0,256387000,40238000.0,216149000.0,264857000.0,298563000,216149000,0,0,0,0,0,0,0,0,1,0,0,0,1,0,0,0,0,0,0,0,0,0,0,1,0,0,0,0,0,0,0,0,0,0,0,0,0,0,0,0,0,0,0,0,0,0,412.75,2024-12-30,0.6531072254978043
4,4,INTC,2024-12-31,USD,196485000000.0,47324000000,8249000000.0,8249000000.0,12198000000.0,3478000000.0,149161000000,107919000000.0,3691000000.0,3691000000.0,24693000000.0,13813000000.0,9586000000.0,91453000000,35666000000.0,12556000000.0,3729000000.0,55787000000.0,0.0,46282000000.0,50011000000.0,17625000000.0,9505000000.0,99270000000,49032000000.0,50949000000.0,4319000000,USD,5584000000,14260000000,8676000000.0,8676000000.0,412000000,383000000.0,3876000000.0,5172000000,626000000.0,822000000.0,196000000.0,2647000000.0,599000000,752000000.0,-153000000.0,833000000.0,3480000000,-126000000,0,0,0,0,0,0,0,0,0,0,0,0,0,0,0,0,0,0,0,1,0,0,0,0,0,0,0,0,0,0,0,0,0,0,0,0,0,0,0,0,0,0,0,0,0,0,19.81999969482422,2024-12-30,0.8819374274158562
314,314,ISRG,2024-12-31,USD,18838600000.0,7111000000,2027400000.0,2027400000.0,1487200000.0,1356800000.0,11727599999,2047000000.0,23000000.0,23000000.0,347500000.0,1985900000.0,253700000.0,2309000000,1745300000.0,193400000.0,33500000.0,563700000.0,0.0,0.0,146000000.0,1049600000.0,175200000.0,16433700000,6803300000.0,400000.0,363900000,USD,1642200000,2413500000,771300000.0,771300000.0,734900000,612600000.0,294700000.0,907300000,74900000.0,74900000.0,58000000.0,124700000.0,809800000,121800000.0,688000000.0,734900000.0,859600000,685700000,0,0,0,0,0,0,0,0,1,0,0,0,0,0,0,0,0,0,0,1,1,0,0,0,0,0,0,0,0,0,0,0,0,0,0,0,0,0,1,0,0,0,0,0,0,0,526.9600219726562,2024-12-30,0.08666688364554154
337,337,JD,2024-12-31,CNY,698234000000.0,386698000000,108350000000.0,108350000000.0,89326000000.0,30401000000.0,311536000000,2047000000.0,44626000000.0,44626000000.0,25709000000.0,125645000000.0,32976000000.0,384937000000,299521000000.0,194227000000.0,15187000000.0,85416000000.0,25712000000.0,56475000000.0,89768000000.0,90107000000.0,835000000.0,239347000000,76573000000.0,239347000000.0,3041000000,CNY,32996000000,346986000000,313990000000.0,313990000000.0,8491000000,2455000000.0,4384000000.0,24505000000,8427000000.0,0.0,926000000.0,1998000000.0,11614000000,750000000.0,10864000000.0,9325000000.0,11323000000,9854000000,0,0,0,0,0,0,0,0,1,0,0,0,0,0,0,0,0,0,0,0,0,0,0,0,0,0,0,0,0,0,0,0,0,0,0,0,0,1,0,0,0,0,0,0,0,0,33.278900146484375,2024-12-30,
361,361,KHC,2024-12-31,USD,88287000000.0,7655000000,1334000000.0,1334000000.0,3376000000.0,2147000000.0,80632000000,2047000000.0,40099000000.0,40099000000.0,28673000000.0,0.0,798000000.0,38962000000,7253000000.0,4188000000.0,654000000.0,31709000000.0,0.0,19215000000.0,19869000000.0,2411000000.0,1306000000.0,49185000000,2171000000.0,12000000.0,1207000000,USD,2245000000,6576000000,4331000000.0,4331000000.0,-40000000,869000000.0,0.0,2285000000,-207000000.0,20000000.0,227000000.0,234000000.0,-238000000,-2370000000.0,2132000000.0,-11000000.0,223000000,2131000000,0,0,0,0,0,0,0,0,1,0,0,0,0,0,0,0,0,0,0,1,0,0,0,0,0,0,0,0,0,0,0,0,0,0,1,0,0,0,0,0,0,0,0,0,0,0,28.64604759216309,2024-12-30,-0.1471772771941049
857,857,KLAC,2024-12-31,USD,15001696000.0,9772604000,1838278000.0,1838278000.0,3046340000.0,2487024000.0,5229092000,2047000000.0,548645000.0,548645000.0,1785297000.0,1942127000.0,458835000.0,11417147000,4138258000.0,432891000.0,40578000.0,7278889000.0,190226000.0,5882387000.0,6072613000.0,1399287000.0,155633000.0,3584549000,1284589000.0,2346346000.0,134415000,USD,1855390000,3076851000,1221461000.0,1221461000.0,1242152000,267081000.0,346157000.0,613238000,-74981000.0,0.0,74981000.0,103922000.0,972529000,148002000.0,824527000.0,1047510000.0,1151432000,824527000,0,0,0,0,0,0,0,0,1,0,0,0,0,0,0,0,0,0,0,0,0,0,0,0,0,0,0,0,0,0,0,0,0,0,0,0,0,1,0,0,0,0,0,0,0,0,627.4546508789062,2024-12-30,0.9794835070115737
1196,1196,LCID,2024-12-31,USD,9647931000.0,4873936000,1606865000.0,1606865000.0,407774000.0,112025000.0,4773995000,2047000000.0,986000000.0,986000000.0,4290000000.0,2424103000.0,323169000.0,5775119000,1165291000.0,133832000.0,168801000.0,4609828000.0,348315000.0,2002151000.0,2476883000.0,844185000.0,342965000.0,3872812000,-12912694000.0,303000.0,284083800,USD,-208775000,234473000,443248000.0,443248000.0,-732950000,194090000.0,280285000.0,524175000,47554000.0,57825000.0,10271000.0,90843000.0,-396629000,589000.0,-397218000.0,-386358000.0,-295515000,-397218000,0,0,0,0,0,0,0,0,1,1,1,1,0,0,0,0,0,0,0,0,0,0,0,0,0,0,0,0,0,0,0,0,0,0,0,0,0,0,0,0,0,0,0,0,0,0,31.5,2024-12-30,-0.6539682660784041
1172,1172,META,2024-12-31,USD,276054000000.0,100045000000,43889000000.0,43889000000.0,1478040500.0,16994000000.0,176009000000,2047000000.0,915000000.0,915000000.0,20654000000.0,33926000000.0,5236000000.0,93417000000,33596000000.0,7687000000.0,1942000000.0,59821000000.0,20234000000.0,28826000000.0,49060000000.0,13980000000.0,2716000000.0,182637000000,102506000000.0,8000000.0,2614000000,USD,39546000000,48385000000,8839000000.0,8839000000.0,23364000000,762000000.0,12180000000.0,16182000000,573000000.0,731000000.0,251000000.0,4460000000.0,23552000000,2714000000.0,20838000000.0,23803000000.0,28263000000,20838000000,0,0,0,0,0,1,0,0,1,0,0,0,0,0,0,0,0,0,0,0,0,0,0,0,0,0,1,0,0,0,0,0,0,0,0,0,0,0,0,0,0,0,0,0,0,0,589.3814086914062,2024-12-30,0.12991350318570283
928,928,MRNA,2024-12-31,USD,14142000000.0,8099000000,1927000000.0,1927000000.0,117000000.0,592000000.0,6043000000,2047000000.0,40000000.0,40000000.0,52000000.0,5098000000.0,365000000.0,3241000000,2206000000.0,405000000.0,37000000.0,1035000000.0,747000000.0,0.0,747000000.0,1608000000.0,36000000.0,10901000000,10045000000.0,8000000.0,385000000,USD,217000000,956000000,739000000.0,739000000.0,-1246000000,351000000.0,1122000000.0,1463000000,85000000.0,91000000.0,6000000.0,60000000.0,-1184000000,-64000000.0,-1120000000.0,-1178000000.0,-1118000000,-1120000000,0,0,0,0,0,0,0,0,1,0,0,0,0,0,0,0,0,0,0,0,1,0,0,0,0,0,1,0,0,0,0,0,0,0,0,0,0,0,0,0,0,0,0,0,0,0,39.380001068115234,2024-12-30,-0.22778062410886668
28,28,MSFT,2024-12-31,USD,533898000000.0,147080000000,17482000000.0,17482000000.0,909000000.0,48188000000.0,386818000000,189718000000.0,25385000000.0,25385000000.0,119191000000.0,54069000000.0,26432000000.0,231203000000,108882000000.0,22608000000.0,5248000000.0,122321000000.0,17254000000.0,39722000000.0,62224000000.0,29462000000.0,35906000000.0,302695000000,203482000000.0,104829000000.0,7468000000,USD,47833000000,69632000000,21799000000.0,21799000000.0,31653000000,1823000000.0,7917000000.0,16180000000,6000000.0,600000000.0,594000000.0,6827000000.0,29365000000,5257000000.0,24108000000.0,29959000000.0,36786000000,24108000000,0,0,0,0,0,0,0,0,0,0,0,0,0,0,0,0,0,0,0,0,0,0,0,0,0,0,0,0,0,0,0,0,0,0,0,0,0,0,0,0,0,0,0,0,0,0,420.7586975097656,2024-12-30,0.1559354719058772
904,904,MTCH,2024-12-31,USD,4465771000.0,1397762000,965993000.0,965993000.0,1478040500.0,324963000.0,3068009000,2047000000.0,215448000.0,215448000.0,2310730000.0,4734000.0,102072000.0,4529428000,549461000.0,18262000.0,0.0,3979967000.0,0.0,3848983000.0,3848983000.0,323924000.0,85882000.0,-63659000,-6579753000.0,294000.0,272549000,USD,623762000,860176000,236414000.0,236414000.0,223388000,114371000.0,109138000.0,400374000,1545000.0,0.0,39560000.0,20584000.0,197544000,39266000.0,158278000.0,237104000.0,257688000,158296000,0,0,0,0,0,1,0,0,1,0,0,0,0,0,0,0,0,1,0,1,0,0,0,0,0,0,0,0,0,0,0,0,0,0,0,0,0,1,0,0,0,0,0,0,0,0,31.858875274658203,2024-12-30,0.00354314789250898
408,408,NXPI,2024-12-31,USD,24385000000.0,7305000000,3031000000.0,3031000000.0,2356000000.0,1032000000.0,17080000000,2047000000.0,836000000.0,836000000.0,9930000000.0,0.0,886000000.0,14854000000,3098000000.0,1017000000.0,500000000.0,11756000000.0,0.0,10354000000.0,10854000000.0,1467000000.0,1402000000.0,9183000000,-1814000000.0,56000000.0,257848000,USD,1678000000,3111000000,1433000000.0,1433000000.0,675000000,323000000.0,612000000.0,1003000000,-91000000.0,35000000.0,100000000.0,-9000000.0,582000000,77000000.0,505000000.0,684000000.0,675000000,495000000,0,0,0,0,0,0,0,0,1,0,0,0,0,0,0,0,0,0,0,1,0,0,0,0,0,0,0,0,0,0,0,0,0,0,0,0,0,0,0,0,0,0,0,0,0,0,203.6437225341797,2024-12-30,0.080219871204807
974,974,PDD,2024-12-31,CNY,505034316000.0,415648232000,57768053000.0,57768053000.0,1478040500.0,11248489000.0,89386084000,2047000000.0,19170000.0,19170000.0,4290000000.0,273791856000.0,72839834000.0,191721192000,188422853000.0,92457806000.0,7415575000.0,3298339000.0,5297543000.0,0.0,10607140000.0,88549472000.0,0.0,313313124000,187659091000.0,180000.0,1481319500,CNY,62811730000,110610106000,47798376000.0,47798376000.0,25592215000,2085396000.0,3777178000.0,37219515000,5233232000.0,5233232000.0,0.0,196558750.0,32529433000,5082796000.0,27446637000.0,25592215000.0,25788773750,27446637000,0,0,0,0,0,1,0,0,1,0,0,1,0,0,0,0,0,0,0,0,1,0,0,1,0,0,0,0,0,0,0,0,0,0,0,0,0,0,0,0,0,0,0,0,0,0,94.38999938964844,2024-12-30,
432,432,PYPL,2024-12-31,USD,81611000000.0,61092000000,6561000000.0,6561000000.0,1478040500.0,45618000000.0,20519000000,2047000000.0,326000000.0,326000000.0,10837000000.0,4261000000.0,4652000000.0,61194000000,48376000000.0,39898000000.0,0.0,12818000000.0,0.0,9879000000.0,9879000000.0,8478000000.0,2939000000.0,20417000000,27347000000.0,8000000.0,1014000000,USD,3935000000,8366000000,4431000000.0,4431000000.0,1441000000,594000000.0,773000000.0,2494000000,51000000.0,148000000.0,97000000.0,249000000.0,1410000000,289000000.0,1121000000.0,1507000000.0,1756000000,1121000000,0,0,0,0,0,1,0,0,1,0,0,0,0,0,0,0,0,1,0,1,0,0,0,0,0,0,1,0,0,0,0,0,0,0,0,0,0,0,0,0,0,0,0,0,0,0,84.9756851196289,2024-12-30,-0.3066063514657521
456,456,QCOM,2024-12-31,USD,55575000000.0,26065000000,8713000000.0,8713000000.0,6303000000.0,3550000000.0,29510000000,2047000000.0,1225000000.0,1225000000.0,10908000000.0,5592000000.0,1907000000.0,28695000000,9954000000.0,2581000000.0,1365000000.0,18741000000.0,0.0,13212000000.0,14577000000.0,5796000000.0,5452000000.0,26880000000,26607000000.0,8000000.0,1122000000,USD,6508000000,11669000000,5161000000.0,5161000000.0,3555000000,723000000.0,2230000000.0,2953000000,6000000.0,169000000.0,163000000.0,436000000.0,3635000000,455000000.0,3180000000.0,3798000000.0,4234000000,3180000000,0,0,0,0,0,0,0,0,1,0,0,0,0,0,0,0,0,0,0,1,0,0,0,0,0,0,1,0,0,0,0,0,0,0,0,0,0,0,0,0,0,0,0,0,0,0,151.19552612304688,2024-12-30,0.148512779109373
480,480,REGN,2024-12-31,USD,37759400000.0,18660900000,2488200000.0,2488200000.0,3087300000.0,6211900000.0,19098500000,2047000000.0,1148600000.0,1148600000.0,4290000000.0,6524300000.0,349200000.0,8405800000,3944300000.0,789500000.0,0.0,4461500000.0,720000000.0,1984400000.0,2704400000.0,2313900000.0,1571400000.0,29353600000,31672900000.0,100000.0,113800000,USD,3223800000,3789200000,565400000.0,565400000.0,990200000,792200000.0,1425900000.0,2233600000,172600000.0,183100000.0,10500000.0,126400000.0,958100000,40400000.0,917700000.0,968600000.0,1095000000,917700000,0,0,0,0,0,0,0,0,1,0,0,1,0,0,0,0,0,1,0,0,0,0,0,0,0,0,0,0,0,0,0,0,0,0,0,0,0,0,0,0,0,0,0,0,0,0,697.8753662109375,2024-12-30,0.107662154680912
575,575,SBUX,2024-12-31,USD,31893100000.0,7284700000,3671400000.0,3671400000.0,1731600000.0,1241500000.0,24608400000,2047000000.0,170500000.0,170500000.0,3287900000.0,285800000.0,354400000.0,39357700000,9725300000.0,1777700000.0,2702500000.0,29632400000.0,10310100000.0,14312200000.0,25871500000.0,2568900000.0,522300000.0,-7471700000,-7256400000.0,1100000.0,1138400000,USD,2301100000,9397800000,7096700000.0,7096700000.0,1121700000,665800000.0,0.0,1179400000,-99400000.0,27800000.0,127200000.0,432200000.0,1022300000,241400000.0,780900000.0,1149500000.0,1581700000,780800000,0,0,0,0,0,0,0,0,1,0,0,0,0,0,0,0,0,0,0,0,0,0,0,0,0,0,0,0,0,0,0,0,0,0,1,0,0,0,0,0,0,0,0,0,0,0,87.6719741821289,2024-12-30,-0.03385601384555559
527,527,SIRI,2024-12-31,USD,27521000000.0,1149000000,162000000.0,162000000.0,1478040500.0,676000000.0,26372000000,2047000000.0,1579000000.0,1579000000.0,12390000000.0,0.0,311000000.0,16447000000,2731000000.0,1284000000.0,61000000.0,13716000000.0,0.0,10314000000.0,61000000.0,336000000.0,1100000000.0,11074000000,11121000000.0,8000000.0,359000000,USD,1050000000,2188000000,1138000000.0,1138000000.0,505000000,119000000.0,72000000.0,545000000,-117000000.0,0.0,117000000.0,134000000.0,394000000,107000000.0,287000000.0,511000000.0,645000000,287000000,0,0,0,0,0,1,0,0,1,0,0,0,1,0,0,0,0,0,0,1,0,0,0,0,0,0,1,0,0,0,0,0,0,0,0,0,0,1,0,0,0,0,0,0,0,0,21.452619552612305,2024-12-30,-0.06938309296117817
551,551,SWKS,2024-12-31,USD,8331100000.0,3443800000,1602500000.0,1602500000.0,699700000.0,520000000.0,4887300000,2047000000.0,884000000.0,884000000.0,2176700000.0,136700000.0,484900000.0,1930400000,579600000.0,147200000.0,19300000.0,1350800000.0,198300000.0,994700000.0,1193000000.0,338700000.0,48300000.0,6400700000,6082400000.0,40200000.0,161400000,USD,441900000,1068500000,626600000.0,626600000.0,181100000,82600000.0,176400000.0,260800000,-6800000.0,0.0,6800000.0,116000000.0,190400000,28400000.0,162000000.0,197200000.0,313200000,162000000,0,0,0,0,0,0,0,0,1,0,0,0,0,0,0,0,0,0,0,0,0,0,0,0,0,0,0,0,0,0,0,0,0,0,0,0,0,1,0,0,0,0,0,0,0,0,83.84280395507812,2024-12-30,-0.24031147526662855
148,148,ADI,2025-01-31,USD,47967546000.0,5733076000,2349994000.0,2349994000.0,1474656000.0,1192442000.0,42234470000,2047000000.0,9183038000.0,9183038000.0,26945180000.0,371460000.0,344524000.0,12897011000,2970996000.0,368939000.0,948258000.0,9926015000.0,0.0,6618556000.0,7566814000.0,1166343000.0,531029000.0,35070535000,10131590000.0,82664000.0,498668000,USD,1430303000,2423174000,992871000.0,992871000.0,491313000,284796000.0,402892000.0,938990000,-51777000.0,23487000.0,75264000.0,515603000.0,435576000,44260000.0,391316000.0,510840000.0,1026443000,391316000,0,0,0,0,0,0,0,0,1,0,0,0,0,0,0,0,0,0,0,1,0,0,0,0,0,0,0,0,0,0,0,0,0,0,0,0,0,0,0,0,0,0,0,0,0,0,207.8016815185547,2025-01-31,0.49137213513597056
195,195,ADSK,2025-01-31,USD,10833000000.0,3482000000,1599000000.0,1599000000.0,1478040500.0,1008000000.0,7351000000,2047000000.0,574000000.0,574000000.0,4242000000.0,287000000.0,588000000.0,8212000000,5151000000.0,242000000.0,358000000.0,3061000000.0,272000000.0,1987000000.0,2559000000.0,702000000.0,287000000.0,2621000000,-1333000000.0,4239000000.0,217000000,USD,1467000000,1633000000,166000000.0,166000000.0,383000000,173000000.0,393000000.0,1084000000,4000000.0,0.0,5000000.0,46000000.0,372000000,69000000.0,303000000.0,372000000.0,418000000,303000000,0,0,0,0,0,1,0,0,1,0,0,0,0,0,0,0,0,0,0,0,0,0,0,0,0,0,0,0,0,0,0,0,0,0,0,0,0,1,0,0,0,0,0,0,0,0,311.3399963378906,2025-01-31,
172,172,AMAT,2025-01-31,USD,33338000000.0,20694000000,6264000000.0,6264000000.0,5501000000.0,6052000000.0,12644000000,2047000000.0,237000000.0,237000000.0,3768000000.0,1949000000.0,928000000.0,14713000000,7736000000.0,1737000000.0,880000000.0,6977000000.0,328000000.0,5461000000.0,6588000000.0,4435000000.0,444000000.0,18625000000,50511000000.0,8000000.0,819000000,USD,3496000000,7166000000,3670000000.0,3670000000.0,2175000000,256000000.0,859000000.0,1321000000,-56000000.0,8000000.0,64000000.0,105000000.0,2119000000,934000000.0,1185000000.0,2183000000.0,2288000000,1185000000,0,0,0,0,0,0,0,0,1,0,0,0,0,0,0,0,0,0,0,0,0,0,0,0,0,0,0,0,0,0,0,0,0,0,0,0,0,0,0,0,0,0,0,0,0,0,178.3401641845703,2025-01-31,0.8050814270488269
691,691,AVGO,2025-01-31,USD,165358000000.0,20990000000,9307000000.0,9307000000.0,1908000000.0,7677000000.0,144368000000,2047000000.0,38583000000.0,38583000000.0,97871000000.0,0.0,2098000000.0,95569000000,20910000000.0,1905000000.0,5653000000.0,74659000000.0,22000000.0,60915000000.0,66579000000.0,2621000000.0,1467000000.0,69789000000,2729000000.0,5000000.0,4836000000,USD,10145000000,14916000000,4771000000.0,4771000000.0,6260000000,949000000.0,2253000000.0,3885000000,-873000000.0,0.0,873000000.0,-103000000.0,5490000000,-13000000.0,5503000000.0,6363000000.0,6260000000,5503000000,0,0,0,0,0,0,0,0,1,0,0,0,1,0,0,0,0,0,0,0,0,0,0,0,0,0,0,0,0,0,0,0,0,0,0,0,0,1,0,0,0,0,0,0,0,0,219.28843688964844,2025-01-31,
785,785,CPRT,2025-01-31,USD,9187347000.0,4966783000,3338909000.0,3338909000.0,59072000.0,930985000.0,4220564000,2047000000.0,68083000.0,68083000.0,509670000.0,458542000.0,179275000.0,863315000,629637000.0,562205000.0,22696000.0,233678000.0,119397000.0,0.0,119397000.0,1414000000.0,0.0,8301257000,7292904000.0,97000.0,977910000,USD,525553000,1163316000,637763000.0,637763000.0,426211000,99342000.0,0.0,99342000,40747000.0,40747000.0,58000000.0,54260000.0,463051000,76510000.0,386541000.0,426211000.0,480471000,387400000,0,0,0,0,0,0,0,0,1,0,0,0,0,0,0,0,0,0,0,0,1,0,1,1,0,0,0,0,0,0,0,0,0,0,1,0,0,0,1,0,0,0,0,0,0,0,57.93000030517578,2025-01-31,-0.2994993679047323
1076,1076,CRWD,2025-01-31,USD,8701578000.0,5766303000,4323295000.0,4323295000.0,1478040500.0,1128564000.0,2935274999,2047000000.0,133114000.0,133114000.0,912805000.0,0.0,314444000.0,5382661000,3461050000.0,130887000.0,13811000.0,1921610999.0,44918000.0,743983000.0,788901000.0,583347000.0,150849000.0,3279494000,-1078107000.0,124000.0,246933000,USD,784548000,1058538000,273990000.0,273990000.0,-85301000,145203000.0,315142000.0,869849000,39933000.0,46597000.0,6664000.0,57440000.0,-46463000,46268000.0,-92731000.0,-39799000.0,17641000,-92282000,0,0,0,0,0,1,0,0,1,0,0,0,0,0,0,0,0,0,0,0,0,0,0,0,0,0,0,0,0,0,0,0,0,0,0,0,0,0,0,0,0,0,0,0,0,0,398.0700073242188,2025-01-31,
1268,1268,CSCO,2025-01-31,USD,121375000000.0,34681000000,8556000000.0,8556000000.0,2927000000.0,8743000000.0,86694000000,3126000000.0,10139000000.0,10139000000.0,58719000000.0,8297000000.0,6158000000.0,75845000000,40019000000.0,1902000000.0,11412000000.0,35826000000.0,0.0,19625000000.0,31037000000.0,8822000000.0,2649000000.0,45530000000,502000000.0,46521000000.0,4005000000,USD,9111000000,13991000000,4880000000.0,4880000000.0,3113000000,752000000.0,2299000000.0,5998000000,-166000000.0,238000000.0,404000000.0,761000000.0,2887000000,459000000.0,2428000000.0,3291000000.0,4052000000,2428000000,0,0,0,0,0,0,0,0,0,0,0,0,0,0,0,0,0,0,0,1,0,0,0,0,0,0,0,0,0,0,0,0,0,0,0,0,0,0,0,0,0,0,0,0,0,0,59.16251754760742,2025-01-31,0.32381113822279417
290,290,INTU,2025-01-31,USD,31682000000.0,9135000000,2435000000.0,2435000000.0,1478040500.0,5817000000.0,22547000000,2047000000.0,5505000000.0,5505000000.0,13841000000.0,24000000.0,859000000.0,13733000000,7179000000.0,1038000000.0,559000000.0,6554000000.0,632000000.0,5760000000.0,6892000000.0,1134000000.0,30000000.0,17949000000,17059000000.0,20995000000.0,283000000,USD,3026000000,3963000000,937000000.0,937000000.0,593000000,389000000.0,716000000.0,2433000000,-26000000.0,34000000.0,60000000.0,199000000.0,571000000,100000000.0,471000000.0,631000000.0,830000000,471000000,0,0,0,0,0,1,0,0,1,0,0,0,0,0,0,0,0,0,0,0,0,0,0,0,0,0,0,0,0,0,0,0,0,0,0,0,0,0,0,0,0,0,0,0,0,0,597.4555053710938,2025-01-31,
880,880,MRVL,2025-01-31,USD,20204500000.0,3120300000,948300000.0,948300000.0,1029700000.0,1028400000.0,17084200000,2047000000.0,3111900000.0,3111900000.0,11586900000.0,0.0,113900000.0,6777500000,2026800000.0,622200000.0,177800000.0,4750700000.0,279300000.0,3934300000.0,4343100000.0,1149100000.0,478200000.0,13427000000,-1109200000.0,1700000.0,865500000,USD,917400000,1817400000,900000000.0,900000000.0,235200000,195700000.0,499000000.0,682200000,-35400000.0,9600000.0,45000000.0,325900000.0,199800000,-400000.0,200200000.0,244800000.0,570700000,200200000,0,0,0,0,0,0,0,0,1,0,0,0,1,0,0,0,0,0,0,0,0,0,0,0,0,0,0,0,0,0,0,0,0,0,0,0,0,0,0,0,0,0,0,0,0,0,112.4842529296875,2025-01-31,
384,384,NVDA,2025-01-31,USD,111601000000.0,80126000000,8589000000.0,8589000000.0,10080000000.0,23065000000.0,31475000000,2047000000.0,807000000.0,807000000.0,5188000000.0,34621000000.0,3771000000.0,32274000000,18047000000.0,6310000000.0,288000000.0,14227000000.0,1807000000.0,8463000000.0,10270000000.0,10612000000.0,79000000.0,79327000000,68038000000.0,24000000.0,24706000000,USD,28723000000,39331000000,10608000000.0,10608000000.0,24034000000,975000000.0,3714000000.0,4689000000,450000000.0,511000000.0,61000000.0,543000000.0,25217000000,3126000000.0,22091000000.0,25278000000.0,25821000000,22091000000,0,0,0,0,0,0,0,0,1,0,0,0,0,0,0,0,0,0,0,0,0,0,0,0,0,0,0,0,0,0,0,0,0,0,0,0,0,0,0,0,0,0,0,0,0,0,120.03717041015624,2025-01-31,
951,951,OKTA,2025-01-31,USD,9437000000.0,3416000000,409000000.0,409000000.0,1478040500.0,621000000.0,6021000000,2047000000.0,138000000.0,138000000.0,5448000000.0,2114000000.0,272000000.0,3032000000,2523000000.0,13000000.0,509000000.0,509000000.0,94000000.0,349000000.0,952000000.0,310000000.0,39000000.0,6405000000,-2802000000.0,8000000.0,175280000,USD,524000000,682000000,158000000.0,158000000.0,8000000,113000000.0,157000000.0,516000000,23000000.0,24000000.0,1000000.0,24000000.0,31000000,8000000.0,23000000.0,32000000.0,56000000,23000000,0,0,0,0,0,1,0,0,1,0,0,0,0,0,0,0,0,0,0,0,0,0,0,0,0,0,1,0,0,0,0,0,0,0,0,0,0,0,0,0,0,0,0,0,0,0,94.22000122070312,2025-01-31,
1124,1124,PANW,2025-01-31,USD,20951700000.0,6339800000,2226300000.0,2226300000.0,1478040500.0,2250400000.0,14611900000,2047000000.0,771400000.0,771400000.0,4050800000.0,1006600000.0,856500000.0,14576400000,7552200000.0,149300000.0,533800000.0,7024200000.0,363000000.0,0.0,896800000.0,1269200000.0,882600000.0,6375300000,1968200000.0,4421000000.0,709000000,USD,1658200000,2257400000,599200000.0,599200000.0,240400000,153800000.0,505700000.0,1417800000,86000000.0,86900000.0,900000.0,87500000.0,324800000,57500000.0,267300000.0,325400000.0,412900000,267300000,0,0,0,0,0,1,0,0,1,0,0,0,0,0,0,0,0,0,0,0,1,0,0,0,0,0,0,0,0,0,0,0,0,0,0,0,0,0,0,0,0,0,0,0,0,0,184.4199981689453,2025-01-31,-0.040396903926966266
503,503,ROST,2025-01-31,USD,14905332000.0,7538696000,4730744000.0,4730744000.0,2444513000.0,144482000.0,7366636000,2047000000.0,986000000.0,986000000.0,4290000000.0,0.0,218957000.0,9396137000,4661825000.0,2126317000.0,1403068000.0,4734312000.0,3467618000.0,1515080000.0,5682429000.0,1088774000.0,9833000.0,5509195000,4128207000.0,3288000.0,328519000,USD,1568657000,5912279000,4343622000.0,4343622000.0,731024000,837633000.0,0.0,837633000,39741000.0,53533000.0,13792000.0,117204000.0,770765000,183981000.0,586784000.0,784557000.0,901761000,586784000,0,0,0,0,0,0,0,0,1,1,1,1,1,0,0,0,0,0,0,0,0,0,0,0,0,0,0,0,0,0,0,0,0,0,1,0,0,0,0,0,0,0,0,0,0,0,148.9076690673828,2025-01-31,
1029,1029,WDAY,2025-01-31,USD,17977000000.0,10278000000,1543000000.0,1543000000.0,1478040500.0,2003000000.0,7699000000,2047000000.0,386000000.0,386000000.0,3478000000.0,6474000000.0,258000000.0,8943000000,5548000000.0,108000000.0,99000000.0,3395000000.0,378000000.0,2984000000.0,3362000000.0,874000000.0,52000000.0,9034000000,-1205000000.0,8000000.0,270007000,USD,1672000000,2211000000,539000000.0,539000000.0,75000000,211000000.0,674000000.0,1597000000,55000000.0,83000000.0,28000000.0,91000000.0,120000000,26000000.0,94000000.0,148000000.0,239000000,94000000,0,0,0,0,0,1,0,0,1,0,0,0,0,0,0,0,0,0,0,0,0,0,0,0,0,0,1,0,0,0,0,0,0,0,0,0,0,0,0,0,0,0,0,0,0,0,262.0599975585937,2025-01-31,-0.32980994230703375
1053,1053,ZM,2025-01-31,USD,10988421000.0,8675974000,1349380000.0,1349380000.0,1478040500.0,495228000.0,2312447000,386375000.0,58649000.0,58649000.0,307295000.0,6442329000.0,389037000.0,2053337000,1903294000.0,8345000.0,27026000.0,150043000.0,64432000.0,0.0,64432000.0,423654000.0,4397000.0,8935084000,3799518000.0,305000.0,316693000,USD,896783000,1184138000,287355000.0,287355000.0,225063000,95696000.0,217121000.0,671720000,0.0,150357000.0,58000000.0,34591000.0,450319000,82454000.0,367865000.0,225063000.0,259654000,367865000,0,0,0,0,0,1,0,0,0,0,0,0,0,0,0,0,0,0,0,0,1,0,0,0,0,0,0,0,0,0,0,0,0,0,0,0,1,0,1,0,0,0,0,0,0,0,86.94000244140625,2025-01-31,0.05935122944345972
1148,1148,ZS,2025-01-31,USD,5005968000.0,3665206000,1758506000.0,1758506000.0,1478040500.0,514314000.0,1340762000,2047000000.0,55658000.0,55658000.0,417730000.0,1121734000.0,270652000.0,3398622000,3048866000.0,24600000.0,1197430000.0,349756000.0,90829000.0,0.0,1238342000.0,231056000.0,26119000.0,1607346000,-1167855000.0,155000.0,153672000,USD,499485000,647900000,148415000.0,148415000.0,-36986000,60810000.0,170508000.0,536471000,28539000.0,30878000.0,2281000.0,28733000.0,-16536999,-8813000.0,-7724000.0,-14256000.0,14477000,-7724000,0,0,0,0,0,1,0,0,1,0,0,0,0,0,0,0,0,0,0,0,1,0,0,0,0,0,0,0,0,0,0,0,0,0,0,0,0,0,0,0,0,0,0,0,0,0,202.58999633789065,2025-01-31,-0.012735089973305636
51,51,ADBE,2025-02-28,USD,29955000000.0,10855000000,6758000000.0,6758000000.0,1478040500.0,1973000000.0,19100000000,2047000000.0,706000000.0,706000000.0,12777000000.0,677000000.0,1447000000.0,16860000000,9163000000.0,326000000.0,74000000.0,7697000000.0,408000000.0,6155000000.0,6563000000.0,1951000000.0,498000000.0,13095000000,40186000000.0,8000000.0,438000000,USD,5092000000,5714000000,622000000.0,622000000.0,2163000000,367000000.0,1026000000.0,2929000000,-62000000.0,0.0,62000000.0,217000000.0,2182000000,371000000.0,1811000000.0,2244000000.0,2461000000,1811000000,0,0,0,0,0,1,0,0,1,0,0,0,0,0,0,0,0,0,0,0,0,0,0,0,0,0,1,0,0,0,0,0,0,0,0,0,0,1,0,0,0,0,0,0,0,0,438.55999755859375,2025-02-28,
738,738,CTAS,2025-02-28,USD,9611136000.0,2146589000,243428000.0,243428000.0,420826000.0,1398487000.0,7464547000,2047000000.0,489378000.0,489378000.0,3353553000.0,0.0,83848000.0,5018888000,1941146000.0,408461000.0,498701000.0,3077742000.0,214450000.0,2027477000.0,2691842000.0,1033321000.0,0.0,4592248000,11507826000.0,2525876000.0,410307000,USD,1319341000,2609159000,1289818000.0,1289818000.0,609853000,709488000.0,0.0,709488000,-23415000.0,1349000.0,24764000.0,127047000.0,586438000,122941000.0,463497000.0,613238000.0,740285000,463497000,0,0,0,0,0,0,0,0,1,0,0,0,1,0,0,0,0,0,0,0,0,0,0,1,0,0,0,0,0,0,0,0,0,0,1,0,0,0,0,0,0,0,0,0,0,0,205.73294067382807,2025-02-28,
761,761,STZ,2025-02-28,USD,21652300000.0,3716400000,68100000.0,68100000.0,1437200000.0,992700000.0,17935900000,7409800000.0,2532300000.0,2532300000.0,5126800000.0,0.0,1218400000.0,14517500000,4035200000.0,939800000.0,2285400000.0,10482300000.0,615800000.0,9289000000.0,12113500000.0,668700000.0,84000000.0,6882000000,12603400000.0,2100000.0,179913000,USD,1105200000,2164000000,1058800000.0,1058800000.0,875800000,453300000.0,0.0,229400000,-100200000.0,192300000.0,100200000.0,106200000.0,-342600000,28000000.0,-370600000.0,-242399999.0,-136199999,-375300000,0,0,0,0,0,0,0,0,0,0,0,0,1,0,0,0,0,0,0,0,0,0,0,0,0,0,0,0,0,0,0,0,0,0,1,0,0,0,0,0,0,0,0,0,0,0,171.05914306640625,2025-02-28,
1243,1243,AAPL,2025-03-31,USD,331233000000.0,118674000000,28162000000.0,28162000000.0,6269000000.0,49798000000.0,212559000000,46876000000.0,986000000.0,986000000.0,4290000000.0,20336000000.0,14109000000.0,264437000000,144571000000.0,54126000000.0,19620000000.0,119866000000.0,0.0,78566000000.0,98186000000.0,61849000000.0,41300000000.0,66796000000,-15552000000.0,88711000000.0,15056133000,USD,44867000000,95359000000,50492000000.0,50492000000.0,29589000000,6728000000.0,8550000000.0,15278000000,0.0,0.0,58000000.0,2661000000.0,29310000000,4530000000.0,24780000000.0,29310000000.0,31971000000,24780000000,0,0,0,0,0,0,0,0,0,1,1,1,0,0,0,0,0,0,0,1,0,0,0,0,0,0,0,0,0,0,0,0,0,0,0,0,1,1,1,0,0,0,0,0,0,0,221.1660614013672,2025-03-31,
218,218,ADP,2025-03-31,USD,56448600000.0,46536800000,2680600000.0,2680600000.0,1478040500.0,3547900000.0,9911800000,2047000000.0,1604300000.0,1604300000.0,3300200000.0,0.0,40308300000.0,50593300000,45845400000.0,146300000.0,1000700000.0,4747900000.0,283200000.0,2982500000.0,4266400000.0,44393200000.0,991200000.0,5855300000,24956600000.0,63900000.0,408500000,USD,2871300000,5553000000,2681700000.0,2681700000.0,1633000000,1015800000.0,247100000.0,1238300000,336300000.0,411100000.0,73400000.0,147000000.0,1621900000,372400000.0,1249500000.0,1695300000.0,1842300000,1249500000,0,0,0,0,0,1,0,0,1,0,0,0,1,0,0,0,0,0,0,0,0,0,0,0,0,0,0,0,0,0,0,0,0,0,0,0,0,0,0,0,0,0,0,0,0,0,300.4976501464844,2025-03-31,
646,646,AEP,2025-03-31,USD,104394600000.0,5936900000,256800000.0,256800000.0,1582200000.0,2618000000.0,98457700000,2047000000.0,986000000.0,986000000.0,52500000.0,206800000.0,1273100000.0,77030600000,14242300000.0,2380800000.0,7617800000.0,62788300000.0,594300000.0,38810900000.0,46930200000.0,1979200000.0,828100000.0,27320700000,14169400000.0,3478700000.0,534663000,USD,1879200000,5639200000,3760000000.0,3760000000.0,1457200000,368000000.0,0.0,422000000,-494900000.0,0.0,496300000.0,833400000.0,927700000,125500000.0,802200000.0,1385800000.0,2219200000,800200000,0,0,0,0,0,0,0,0,1,1,1,0,0,0,0,0,0,0,0,0,0,0,0,0,0,0,0,0,0,0,0,0,0,1,1,0,0,1,0,0,0,0,0,0,0,0,105.74182891845705,2025-03-31,
622,622,ALGN,2025-03-31,USD,6102820000.0,2402029000,873012000.0,873012000.0,246567000.0,1095144000.0,3700791000,2047000000.0,102750000.0,102750000.0,457611000.0,15077000.0,187306000.0,2308577000,1990948000.0,125382000.0,32048000.0,317629000.0,118535000.0,0.0,118535000.0,414344000.0,131361000.0,3794243000,2389252000.0,7000.0,73615000,USD,680108000,979262000,299154000.0,299154000.0,131100000,447629000.0,97201000.0,549008000,5316000.0,5316000.0,58000000.0,39148000.0,140442000,47212000.0,93230000.0,135278000.0,174426000,93230000,0,0,0,0,0,0,0,0,1,0,0,0,0,0,0,0,0,0,0,0,1,0,0,0,0,0,0,0,0,0,0,0,0,0,0,0,0,0,1,0,0,0,0,0,0,0,158.86000061035156,2025-03-31,
598,598,AMD,2025-03-31,USD,71550000000.0,21595000000,6049000000.0,6049000000.0,6416000000.0,6286000000.0,49955000000,1921000000.0,18363000000.0,18363000000.0,24839000000.0,1261000000.0,1583000000.0,13669000000,7703000000.0,2206000000.0,947000000.0,5966000000.0,567000000.0,3217000000.0,4731000000.0,4550000000.0,1839000000.0,57881000000,3073000000.0,17000000.0,1626000000,USD,3736000000,7438000000,3702000000.0,3702000000.0,806000000,886000000.0,1728000000.0,2930000000,-20000000.0,20000000.0,20000000.0,742000000.0,832000000,123000000.0,709000000.0,845000000.0,1587000000,709000000,0,0,0,0,0,0,0,0,0,0,0,0,0,0,0,0,0,0,0,0,0,0,0,0,0,0,0,0,0,0,0,0,0,0,0,0,0,0,0,0,0,0,0,0,0,0,102.73999786376952,2025-03-31,
123,123,AMGN,2025-03-31,USD,89367000000.0,26929000000,8810000000.0,8810000000.0,6729000000.0,8132000000.0,62438000000,2047000000.0,25724000000.0,25724000000.0,18645000000.0,0.0,3258000000.0,83160000000,23008000000.0,2406000000.0,3368000000.0,60152000000.0,0.0,54013000000.0,57381000000.0,17234000000.0,2210000000.0,6207000000,-27140000000.0,33578000000.0,541000000,USD,5181000000,8149000000,2968000000.0,2968000000.0,1178000000,1687000000.0,1486000000.0,4003000000,-723000000.0,0.0,723000000.0,1387000000.0,1973000000,243000000.0,1730000000.0,2696000000.0,4083000000,1730000000,0,0,0,0,0,0,0,0,1,0,0,0,1,0,0,0,0,0,0,1,0,0,0,0,0,0,0,0,0,0,0,0,0,0,0,0,0,1,0,0,0,0,0,0,0,0,302.0732116699219,2025-03-31,
99,99,AMZN,2025-03-31,USD,643256000000.0,184645000000,66207000000.0,66207000000.0,35864000000.0,54216000000.0,458611000000,351276000000.0,986000000.0,986000000.0,23089000000.0,28358000000.0,365000000.0,337389000000,176171000000.0,89241000000.0,76000000.0,161218000000.0,79871000000.0,53374000000.0,133245000000.0,66331000000.0,27973000000.0,305867000000,189993000000.0,111000000.0,10793000000,USD,78691000000,155667000000,76976000000.0,76976000000.0,18405000000,2628000000.0,22994000000.0,60286000000,525000000.0,1066000000.0,541000000.0,14262000000.0,21680000000,4553000000.0,17127000000.0,22220000000.0,36482000000,17127000000,0,0,0,0,0,0,0,0,0,1,1,0,0,0,0,0,0,0,0,0,0,0,0,0,0,0,0,0,0,0,0,0,0,0,0,0,0,0,0,0,0,0,0,0,0,0,190.25999450683597,2025-03-31,
667,667,ANSS,2025-03-31,USD,7981013000.0,2848832000,1758155000.0,1758155000.0,1478040500.0,944853000.0,5132181000,2047000000.0,694235000.0,694235000.0,3799809000.0,70404000.0,75420000.0,1801538000,779103000.0,22249000.0,0.0,1022435000.0,81799000.0,754287000.0,836086000.0,232217000.0,130322000.0,6179475000,5910899000.0,953000.0,88137000,USD,432322000,504891000,72569000.0,72569000.0,58893000,230415000.0,137292000.0,373429000,6566000.0,16743000.0,10177000.0,37461000.0,64529000,12664000.0,51865000.0,74706000.0,112167000,51865000,0,0,0,0,0,1,0,0,1,0,0,0,0,0,0,0,0,1,0,0,0,0,0,0,0,0,0,0,0,0,0,0,0,0,0,0,0,0,0,0,0,0,0,0,0,0,,,
1219,1219,AZN,2025-03-31,USD,106253000000.0,26139000000,5230000000.0,5230000000.0,5884000000.0,13250000000.0,80114000000,2047000000.0,37550000000.0,37550000000.0,21130000000.0,165000000.0,1610000000.0,65122000000,29129000000.0,22544000000.0,3780000000.0,35993000000.0,1551000000.0,26692000000.0,31717000000.0,2805000000.0,0.0,41039000000,3364000000.0,388000000.0,3122000000,USD,11347000000,13588000000,2241000000.0,2241000000.0,3674000000,4492000000.0,3159000000.0,7673000000,-265000000.0,84000000.0,349000000.0,1284000000.0,3402000000,481000000.0,2921000000.0,3751000000.0,5035000000,2916000000,0,0,0,0,0,0,0,0,1,0,0,0,0,0,0,0,0,0,0,0,0,0,0,1,0,0,0,0,0,0,0,0,0,0,0,0,0,0,0,0,0,0,0,0,0,0,144.47853088378906,2025-03-31,
1291,1291,BIDU,2025-03-31,CNY,453982000000.0,175829000000,49202000000.0,49202000000.0,1478040500.0,11821000000.0,278153000000,2047000000.0,23447000000.0,23447000000.0,37637000000.0,92567000000.0,22239000000.0,163908000000,76864000000.0,38770000000.0,21891000000.0,87044000000.0,8601000000.0,75049000000.0,102053000000.0,1683000000.0,1964000000.0,269747000000,3807700000.0,269747000000.0,345250000,CNY,14965000000,32452000000,17487000000.0,17487000000.0,4508000000,5913000000.0,4544000000.0,10457000000,1863000000.0,2664000000.0,801000000.0,1950000000.0,8995000000,1177000000.0,7818000000.0,9796000000.0,11746000000,7717000000,0,0,0,0,0,1,0,0,1,0,0,0,0,0,0,0,0,0,0,0,0,0,0,0,0,1,0,0,0,0,0,0,0,0,0,0,0,0,0,0,0,0,0,0,0,0,92.02999877929688,2025-03-31,
1315,1315,BIIB,2025-03-31,USD,28033100000.0,7626000000,2598300000.0,2598300000.0,2273900000.0,1996500000.0,20407100000,2047000000.0,9584600000.0,9584600000.0,6477100000.0,0.0,757300000.0,11054400000,5297400000.0,391500000.0,1749100000.0,5757000000.0,323400000.0,4548700000.0,6621200000.0,2530700000.0,589600000.0,16978700000,19500300000.0,100000.0,145900000,USD,1853100000,2431000000,577900000.0,577900000.0,732600000,572500000.0,545900000.0,1120500000,-36100000.0,23900000.0,60000000.0,183200000.0,311200000,70700000.0,240500000.0,681900000.0,865100000,240500000,0,0,0,0,0,0,0,0,1,0,0,0,1,0,0,0,0,0,0,0,0,0,0,0,0,0,0,0,0,0,0,0,0,0,0,0,0,0,0,0,0,0,0,0,0,0,136.83999633789062,2025-03-31,
714,714,CDNS,2025-03-31,USD,9013486000.0,3998087000,2777674000.0,2777674000.0,225621000.0,580887000.0,5015399000,2047000000.0,584228000.0,584228000.0,2419717000.0,0.0,413905000.0,4237229000,1300767000.0,582187500.0,0.0,2936462000.0,0.0,2477159000.0,2477159000.0,570197000.0,348601000.0,4776257000,6265447000.0,4327187000.0,273631000,USD,1075233000,1242366000,167133000.0,167133000.0,361520000,63098000.0,439102000.0,713713000,-2896000.0,26222000.0,29118000.0,51470000.0,355692000,82113000.0,273579000.0,384810000.0,436280000,273579000,0,0,0,0,0,0,0,0,1,0,0,0,1,0,0,0,1,1,0,1,0,0,0,0,0,0,0,0,0,0,0,0,0,0,0,0,0,0,0,0,0,0,0,0,0,0,254.3300018310547,2025-03-31,
1339,1339,CHTR,2025-03-31,USD,150954000000.0,4968000000,796000000.0,796000000.0,1478040500.0,3311000000.0,145986000000,2047000000.0,68286000000.0,68286000000.0,29674000000.0,0.0,861000000.0,130432000000,13672000000.0,929000000.0,2393000000.0,116760000000.0,0.0,93164000000.0,95557000000.0,8849000000.0,4774000000.0,16247000000,-6533000000.0,8000000.0,144575000,USD,6378000000,13735000000,7357000000.0,7357000000.0,3360000000,222000000.0,0.0,3018000000,-1241000000.0,0.0,1241000000.0,2181000000.0,1854000000,445000000.0,1409000000.0,3095000000.0,5276000000,1217000000,0,0,0,0,0,1,0,0,1,0,0,0,1,0,0,0,0,0,0,1,0,0,0,0,0,0,1,0,0,0,0,0,0,0,1,0,0,1,0,0,0,0,0,0,0,0,368.5299987792969,2025-03-31,
1099,1099,DDOG,2025-03-31,USD,6010381000.0,5076338000,1079854000.0,1079854000.0,1478040500.0,490172000.0,934043000,2047000000.0,2626000.0,2626000.0,361738000.0,3369820000.0,136492000.0,3093707000,1854823000.0,98442000.0,669008000.0,1238884000.0,262202000.0,980314000.0,1877296000.0,138238000.0,9036000.0,2916674000,54690000.0,3000.0,363078000,USD,603722000,761553000,157831000.0,157831000.0,-12420000,60993000.0,341061000.0,616142000,47764000.0,50727000.0,2963000.0,26108000.0,31796000,7154000.0,24642000.0,34759000.0,60867000,24642000,0,0,0,0,0,1,0,0,1,0,0,0,0,0,0,0,0,0,0,0,0,0,0,0,0,0,0,0,0,0,0,0,0,0,0,0,0,0,0,0,0,0,0,0,0,0,99.20999908447266,2025-03-31,
242,242,FISV,2025-03-31,USD,80402000000.0,25591000000,641000000.0,641000000.0,1478040500.0,4328000000.0,54811000000,2047000000.0,10502000000.0,10502000000.0,36983000000.0,0.0,20622000000.0,53881000000,23293000000.0,663000000.0,1399000000.0,30588000000.0,1759000000.0,25800000000.0,28415000000.0,18848000000.0,882000000.0,25884000000,24426000000.0,8000000.0,564700000,USD,3057000000,5130000000,2073000000.0,2073000000.0,1395000000,1682000000.0,0.0,1662000000,-331000000.0,8000000.0,339000000.0,768000000.0,1038000000,190000000.0,848000000.0,1385000000.0,2153000000,851000000,0,0,0,0,0,1,0,0,1,0,0,0,1,0,0,0,0,0,0,0,0,0,0,0,0,0,0,0,0,0,0,0,0,0,1,0,0,0,0,0,0,0,0,0,0,0,220.8300018310547,2025-03-31,
808,808,FTNT,2025-03-31,USD,10407000000.0,6442600000,3596600000.0,3596600000.0,362700000.0,1174000000.0,3964400000,2047000000.0,121200000.0,121200000.0,236200000.0,1183900000.0,125400000.0,8444100000,4727800000.0,224500000.0,498700000.0,3716300000.0,0.0,496200000.0,994900000.0,665200000.0,141100000.0,1962900000,316300000.0,800000.0,776800000,USD,1246600000,1539700000,293100000.0,293100000.0,453800000,57800000.0,198600000.0,792800000,39400000.0,44300000.0,4900000.0,35800000.0,529900000,96500000.0,433400000.0,524200000.0,560000000,433400000,0,0,0,0,0,0,0,0,1,0,0,0,0,0,0,0,0,0,0,1,0,0,0,0,0,0,0,0,0,0,0,0,0,0,0,0,0,0,0,0,0,0,0,0,0,0,96.26000213623048,2025-03-31,
266,266,GILD,2025-03-31,USD,56434000000.0,16901000000,7926000000.0,7926000000.0,1759000000.0,4388000000.0,39532000000,2047000000.0,19354000000.0,19354000000.0,8314000000.0,785000000.0,2828000000.0,37356000000,12343000000.0,737000000.0,2806000000.0,25013000000.0,0.0,22146000000.0,24952000000.0,8800000000.0,1339000000.0,19162000000,10931000000.0,1000000.0,1259000000,USD,5127000000,6667000000,1540000000.0,1540000000.0,2237000000,505000000.0,1379000000.0,2890000000,-166000000.0,94000000.0,260000000.0,696000000.0,1649000000,334000000.0,1315000000.0,1909000000.0,2605000000,1315000000,0,0,0,0,0,0,0,0,1,0,0,0,0,0,0,0,0,0,0,1,0,0,0,0,0,0,0,0,0,0,0,0,0,0,0,0,0,0,0,0,0,0,0,0,0,0,109.76770782470705,2025-03-31,
75,75,GOOGL,2025-03-31,USD,475374000000.0,162052000000,23264000000.0,23264000000.0,1478040500.0,51000000000.0,313322000000,198784000000.0,986000000.0,986000000.0,32173000000.0,72064000000.0,15724000000.0,130107000000,91654000000.0,8497000000.0,1000000000.0,38453000000.0,11678000000.0,10886000000.0,23564000000.0,67476000000.0,6116000000.0,345267000000,262628000000.0,86725000000.0,12291000000,USD,53873000000,90234000000,36361000000.0,36361000000.0,30606000000,3539000000.0,13556000000.0,23267000000,967000000.0,1001000000.0,34000000.0,4487000000.0,41789000000,7249000000.0,34540000000.0,41823000000.0,46310000000,34540000000,0,0,0,0,0,1,0,0,0,1,1,0,0,0,0,0,0,0,0,0,0,0,0,0,0,0,0,0,0,0,0,0,0,0,0,0,0,0,0,0,0,0,0,0,0,0,154.21412658691406,2025-03-31,
832,832,IDXX,2025-03-31,USD,3213689000.0,1317613000,163970000.0,163970000.0,395987000.0,604153000.0,1896076000,2047000000.0,107408000.0,107408000.0,407486000.0,0.0,153503000.0,1765676000,1136213000.0,120096000.0,512556000.0,629463000.0,119131000.0,449799000.0,1059359000.0,366633000.0,0.0,1448013000,5575115000.0,10792000.0,81922000,USD,623379000,998427000,375048000.0,375048000.0,316534000,91561000.0,59061000.0,306845000,-6450000.0,1216000.0,7666000.0,34063000.0,310084000,67407000.0,242677000.0,317750000.0,351813000,242677000,0,0,0,0,0,0,0,0,1,0,0,0,1,0,0,0,0,0,0,0,0,0,0,1,0,0,0,0,0,0,0,0,0,0,0,0,0,0,0,0,0,0,0,0,0,0,419.9500122070313,2025-03-31,
3,3,INTC,2025-03-31,USD,192242000000.0,42134000000,8947000000.0,8947000000.0,12281000000.0,3064000000.0,150108000000,109763000000.0,3568000000.0,3568000000.0,24693000000.0,12101000000.0,5741000000.0,85829000000,32174000000.0,10896000000.0,5240000000.0,53655000000.0,0.0,44911000000.0,50151000000.0,14165000000.0,8744000000.0,99756000000,48322000000.0,51920000000.0,4343000000,USD,4672000000,12667000000,7995000000.0,7995000000.0,-301000000,1177000000.0,3640000000.0,4973000000,-173000000.0,245000000.0,299000000.0,2674000000.0,-586000000,301000000.0,-887000000.0,-287000000.0,2387000000,-821000000,0,0,0,0,0,0,0,0,0,0,0,0,0,0,0,0,0,0,0,1,0,0,0,0,0,0,0,0,0,0,0,0,0,0,0,0,0,0,0,0,0,0,0,0,0,0,22.709999084472656,2025-03-31,
313,313,ISRG,2025-03-31,USD,19220400000.0,7657800000,2573800000.0,2573800000.0,1553600000.0,1349400000.0,11562600000,2047000000.0,19600000.0,19600000.0,347500000.0,1937500000.0,243500000.0,2012700000,1538100000.0,276200000.0,0.0,474600000.0,0.0,0.0,6120000000.0,707600000.0,179200000.0,17106400000,7139400000.0,400000.0,364600000,USD,1457700000,2253400000,795700000.0,795700000.0,578100000,563400000.0,316200000.0,879600000,90400000.0,90400000.0,90400000.0,140900000.0,668500000,-35200000.0,703700000.0,578100000.0,719000000,698400000,0,0,0,0,0,0,0,0,1,0,0,0,0,0,0,0,0,1,0,1,1,1,0,0,0,0,0,0,0,0,0,0,0,0,0,0,0,0,0,0,0,0,0,0,0,0,495.2699890136719,2025-03-31,
336,336,JD,2025-03-31,CNY,677862000000.0,357230000000,96778000000.0,96778000000.0,95434000000.0,34724000000.0,320632000000,2047000000.0,44330000000.0,44330000000.0,25709000000.0,97385000000.0,32909000000.0,369191000000,284129000000.0,176736000000.0,12031000000.0,85062000000.0,26952000000.0,56250000000.0,87432000000.0,53645000000.0,797000000.0,234322000000,83261000000.0,234322000000.0,1517500000,CNY,47848000000,301082000000,253234000000.0,253234000000.0,10533000000,2547000000.0,4621000000.0,37315000000,-600000000.0,0.0,600000000.0,328000000.0,13342000000,2063000000.0,11279000000.0,13942000000.0,14270000000,10890000000,0,0,0,0,0,0,0,0,1,0,0,0,0,0,0,0,0,0,0,0,0,0,0,0,0,0,0,0,0,0,0,0,0,0,0,0,0,1,0,0,0,0,0,0,0,0,39.94245147705078,2025-03-31,
360,360,KHC,2025-03-31,USD,90274000000.0,9458000000,2113000000.0,2113000000.0,3591000000.0,2257000000.0,80816000000,2047000000.0,40147000000.0,40147000000.0,28753000000.0,674000000.0,823000000.0,40669000000,7235000000.0,4122000000.0,678000000.0,33434000000.0,0.0,20925000000.0,21603000000.0,2435000000.0,1298000000.0,49460000000,2404000000.0,12000000.0,1194000000,USD,2064000000,5999000000,3935000000.0,3935000000.0,1196000000,837000000.0,0.0,868000000,-206000000.0,23000000.0,229000000.0,231000000.0,1018000000,304000000.0,714000000.0,1247000000.0,1478000000,712000000,0,0,0,0,0,0,0,0,1,0,0,0,0,0,0,0,0,0,0,1,0,0,0,0,0,0,0,0,0,0,0,0,0,0,1,0,0,0,0,0,0,0,0,0,0,0,29.08401298522949,2025-03-31,
856,856,KLAC,2025-03-31,USD,15188307000.0,9945019000,1858022000.0,1858022000.0,3155777000.0,2311738000.0,5243288000,2047000000.0,495572000.0,495572000.0,1787532000.0,2170600000.0,448882000.0,11183568000,3909929000.0,429318000.0,43468000.0,7273639000.0,205851000.0,5883322000.0,6089173000.0,1530599000.0,161411000.0,4004739000,1646055000.0,2401317000.0,133303000,USD,1887340000,3063029000,1175689000.0,1175689000.0,1300392000,248905000.0,338043000.0,586948000,-71889000.0,0.0,71889000.0,98091000.0,1264433000,176017000.0,1088416000.0,1336322000.0,1434413000,1088416000,0,0,0,0,0,0,0,0,1,0,0,0,0,0,0,0,0,0,0,0,0,0,0,0,0,0,0,0,0,0,0,0,0,0,0,0,0,1,0,0,0,0,0,0,0,0,674.6845092773438,2025-03-31,
1195,1195,LCID,2025-03-31,USD,9217969000.0,4423257000,1854879000.0,1854879000.0,471407000.0,90328000.0,4794712000,2047000000.0,986000000.0,986000000.0,4290000000.0,1756026000.0,250617000.0,6034294000,1331474000.0,121298000.0,242503000.0,4702820000.0,361434000.0,2003461000.0,2558172000.0,946073000.0,358006000.0,3183675000,-13278865000.0,305000.0,303631700,USD,-228512000,235048000,463560000.0,463560000.0,-691933000,212175000.0,251246000.0,463421000,40326000.0,52209000.0,11883000.0,97959000.0,-367534000,-1363000.0,-366171000.0,-355651000.0,-257692000,-366171000,0,0,0,0,0,0,0,0,1,1,1,1,0,0,0,0,0,0,0,0,0,0,0,0,0,0,0,0,0,0,0,0,0,0,0,0,0,0,0,0,0,0,0,0,0,0,24.200000762939453,2025-03-31,
1171,1171,META,2025-03-31,USD,280213000000.0,90227000000,28750000000.0,28750000000.0,1478040500.0,14514000000.0,189986000000,2047000000.0,986000000.0,986000000.0,20654000000.0,41480000000.0,5483000000.0,95184000000,33890000000.0,8512000000.0,1976000000.0,61294000000.0,20690000000.0,28829000000.0,49519000000.0,12411000000.0,2760000000.0,185029000000,101326000000.0,85568000000.0,2590000000,USD,34742000000,42314000000,7572000000.0,7572000000.0,17555000000,2280000000.0,12150000000.0,17187000000,595000000.0,658000000.0,240000000.0,3900000000.0,18382000000,1738000000.0,16644000000.0,18622000000.0,22522000000,16644000000,0,0,0,0,0,1,0,0,1,1,1,0,0,0,0,0,0,0,0,0,0,0,0,0,0,0,0,0,0,0,0,0,0,0,0,0,0,0,0,0,0,0,0,0,0,0,575.0594482421875,2025-03-31,
927,927,MRNA,2025-03-31,USD,12704000000.0,6766000000,1623000000.0,1623000000.0,128000000.0,306000000.0,5938000000,2047000000.0,49000000.0,49000000.0,52000000.0,4352000000.0,357000000.0,2638000000,1604000000.0,226000000.0,43000000.0,1034000000.0,745000000.0,0.0,745000000.0,1210000000.0,40000000.0,10066000000,9074000000.0,8000000.0,386000000,USD,17000000,107000000,90000000.0,90000000.0,-1050000000,212000000.0,856000000.0,1067000000,89000000.0,90000000.0,1000000.0,39000000.0,-964000000,7000000.0,-971000000.0,-963000000.0,-924000000,-971000000,0,0,0,0,0,0,0,0,1,0,0,0,0,0,0,0,0,0,0,0,1,0,0,0,0,0,1,0,0,0,0,0,0,0,0,0,0,0,0,0,0,0,0,0,0,0,28.350000381469727,2025-03-31,
27,27,MSFT,2025-03-31,USD,562624000000.0,156644000000,28828000000.0,28828000000.0,848000000.0,51700000000.0,405980000000,208414000000.0,23968000000.0,23968000000.0,119329000000.0,50784000000.0,24484000000.0,240733000000,114206000000.0,26250000000.0,2999000000.0,126527000000.0,17686000000.0,39882000000.0,60567000000.0,33516000000.0,38536000000.0,321891000000,219759000000.0,106965000000.0,7461000000,USD,48147000000,70066000000,21919000000.0,21919000000.0,32000000000,1737000000.0,8198000000.0,16147000000,3000000.0,597000000.0,594000000.0,8740000000.0,31377000000,5553000000.0,25824000000.0,31971000000.0,40711000000,25824000000,0,0,0,0,0,0,0,0,0,0,0,0,0,0,0,0,0,0,0,0,0,0,0,0,0,0,0,0,0,0,0,0,0,0,0,0,0,0,0,0,0,0,0,0,0,0,372.5379943847656,2025-03-31,
903,903,MTCH,2025-03-31,USD,3889885000.0,831788000,409422000.0,409422000.0,1478040500.0,323347000.0,3058097000,2047000000.0,207025000.0,207025000.0,2312865000.0,4748000.0,94271000.0,4072597000,512369000.0,8684000.0,0.0,3560228000.0,0.0,3427164000.0,3427164000.0,345210000.0,84173000.0,-182712000,-6462183000.0,298000.0,271928000,USD,594270000,831178000,236908000.0,236908000.0,172593000,111520000.0,120854000.0,421677000,-29637000.0,5619000.0,35256000.0,32207000.0,139953000,22382000.0,117571000.0,175209000.0,207416000,117570000,0,0,0,0,0,1,0,0,1,0,0,0,0,0,0,0,0,1,0,1,0,0,0,0,0,0,0,0,0,0,0,0,0,0,0,0,0,0,0,0,0,0,0,0,0,0,30.482006072998047,2025-03-31,
407,407,NXPI,2025-03-31,USD,25180000000.0,8025000000,3713000000.0,3713000000.0,2350000000.0,1060000000.0,17155000000,2047000000.0,777000000.0,777000000.0,9942000000.0,0.0,902000000.0,15503000000,3849000000.0,863000000.0,1499000000.0,11654000000.0,0.0,10226000000.0,11725000000.0,1330000000.0,1428000000.0,9322000000,-1603000000.0,56000000.0,255018000,USD,1560000000,2835000000,1275000000.0,1275000000.0,723000000,281000000.0,547000000.0,837000000,-92000000.0,35000000.0,127000000.0,209000000.0,627000000,130000000.0,497000000.0,737000000.0,946000000,490000000,0,0,0,0,0,0,0,0,1,0,0,0,1,0,0,0,0,0,0,1,0,0,0,0,0,0,0,0,0,0,0,0,0,0,0,0,0,0,0,0,0,0,0,0,0,0,187.4727020263672,2025-03-31,
973,973,PDD,2025-03-31,CNY,530513245000.0,447774103000,70126217000.0,70126217000.0,1599341000.0,12886776000.0,82739142000,2047000000.0,18224000.0,18224000.0,4290000000.0,294374619000.0,70386491000.0,200811846000,197024748000.0,92515127000.0,7627240000.0,3787098000.0,5950764000.0,0.0,11252827000.0,93937324000.0,0.0,329701399000,202163240000.0,180000.0,1483081250,CNY,54725075000,95672175000,40947100000.0,40947100000.0,16085563000,1658943000.0,3577828000.0,38639512000,223125000.0,223125000.0,58000000.0,177191000.0,19222660000,4480831000.0,14741829000.0,16085563000.0,16262754000,14741829000,0,0,0,0,0,0,0,0,1,0,0,1,0,0,0,0,0,0,0,0,1,0,0,1,0,0,0,0,0,0,0,0,0,0,0,0,0,0,1,0,0,0,0,0,0,0,118.3499984741211,2025-03-31,
431,431,PYPL,2025-03-31,USD,81274000000.0,60611000000,7449000000.0,7449000000.0,1478040500.0,47512000000.0,20663000000,2047000000.0,296000000.0,296000000.0,10910000000.0,3762000000.0,1888000000.0,61020000000,46622000000.0,41380000000.0,0.0,14398000000.0,0.0,11417000000.0,11417000000.0,5242000000.0,2981000000.0,20254000000,28654000000.0,8000000.0,999000000,USD,3716000000,7791000000,4075000000.0,4075000000.0,1530000000,503000000.0,731000000.0,2186000000,42000000.0,145000000.0,103000000.0,245000000.0,1603000000,316000000.0,1287000000.0,1706000000.0,1951000000,1287000000,0,0,0,0,0,1,0,0,1,0,0,0,0,0,0,0,0,1,0,1,0,0,0,0,0,0,1,0,0,0,0,0,0,0,0,0,0,0,0,0,0,0,0,0,0,0,64.90299987792969,2025-03-31,
455,455,QCOM,2025-03-31,USD,55372000000.0,26080000000,7203000000.0,7203000000.0,6196000000.0,3699000000.0,29292000000,2047000000.0,1183000000.0,1183000000.0,10948000000.0,6643000000.0,2339000000.0,27644000000,9544000000.0,2479000000.0,1365000000.0,18100000000.0,0.0,13258000000.0,14623000000.0,5468000000.0,4760000000.0,27728000000,27333000000.0,8000000.0,1115000000,USD,6042000000,10979000000,4937000000.0,4937000000.0,3120000000,706000000.0,2216000000.0,2922000000,4000000.0,167000000.0,163000000.0,178000000.0,3105000000,293000000.0,2812000000.0,2942000000.0,3120000000,2812000000,0,0,0,0,0,0,0,0,1,0,0,0,0,0,0,0,0,0,0,1,0,0,0,0,0,0,1,0,0,0,0,0,0,0,0,0,0,0,0,0,0,0,0,0,0,0,151.056884765625,2025-03-31,
479,479,REGN,2025-03-31,USD,37545200000.0,17571700000,3090200000.0,3090200000.0,3192400000.0,5561000000.0,19973500000,2047000000.0,1167000000.0,1167000000.0,4290000000.0,5259200000.0,468900000.0,8157600000,3566600000.0,705500000.0,0.0,4591000000.0,720000000.0,1984800000.0,2704800000.0,2241800000.0,1674400000.0,29387600000,32384400000.0,100000.0,111200000,USD,2564400000,3028700000,464300000.0,464300000.0,591700000,633000000.0,1339700000.0,1972700000,164800000.0,173500000.0,8700000.0,126900000.0,905000000,96300000.0,808700000.0,913700000.0,1040600000,808700000,0,0,0,0,0,0,0,0,1,0,0,1,0,0,0,0,0,1,0,0,0,0,0,0,0,0,0,0,0,0,0,0,0,0,0,0,0,0,0,0,0,0,0,0,0,0,630.7835693359375,2025-03-31,
574,574,SBUX,2025-03-31,USD,31633100000.0,6713700000,2671400000.0,2671400000.0,2047300000.0,1154700000.0,24919400000,2047000000.0,169300000.0,169300000.0,3324700000.0,340200000.0,500100000.0,39248500000,10429300000.0,1913800000.0,3725600000.0,28819200000.0,10437700000.0,13324000000.0,26009500000.0,2548100000.0,664000000.0,-7622500000,-7565500000.0,1100000.0,1140000000,USD,1848000000,8761600000,6913600000.0,6913600000.0,601000000,632300000.0,0.0,1247000000,-98900000.0,28400000.0,127300000.0,435300000.0,502100000,118000000.0,384100000.0,629400000.0,1064700000,384200000,0,0,0,0,0,0,0,0,1,0,0,0,0,0,0,0,0,0,0,0,0,0,0,0,0,0,0,0,0,0,0,0,0,0,1,0,0,0,0,0,0,0,0,0,0,0,95.45616149902344,2025-03-31,
526,526,SIRI,2025-03-31,USD,27426000000.0,1045000000,127000000.0,127000000.0,1478040500.0,601000000.0,26381000000,2047000000.0,10158000000.0,10158000000.0,12390000000.0,0.0,317000000.0,16214000000,2479000000.0,1154000000.0,61000000.0,13735000000.0,0.0,10405000000.0,10466000000.0,214000000.0,1051000000.0,11212000000,11257000000.0,8000000.0,357000000,USD,964000000,2068000000,1104000000.0,1104000000.0,387000000,122000000.0,73000000.0,577000000,-117000000.0,0.0,117000000.0,155000000.0,269000000,65000000.0,204000000.0,386000000.0,541000000,204000000,0,0,0,0,0,1,0,0,1,0,0,0,1,0,0,0,0,0,0,1,0,0,0,0,0,0,1,0,0,0,0,0,0,0,0,0,0,1,0,0,0,0,0,0,0,0,21.440820693969727,2025-03-31,
550,550,SWKS,2025-03-31,USD,7885700000.0,3035500000,1387800000.0,1387800000.0,678300000.0,371900000.0,4850200000,2047000000.0,838800000.0,838800000.0,2176700000.0,118800000.0,478700000.0,1945400000,613200000.0,193100000.0,24300000.0,1332200000.0,214500000.0,995100000.0,1209600000.0,353900000.0,47100000.0,5940300000,5907600000.0,38400000.0,158800000,USD,391600000,953200000,561600000.0,561600000.0,97300000,88000000.0,186500000.0,294300000,-6800000.0,0.0,6800000.0,114200000.0,102400000,33700000.0,68700000.0,109200000.0,223400000,68700000,0,0,0,0,0,0,0,0,1,0,0,0,0,0,0,0,0,0,0,0,0,0,0,0,0,0,0,0,0,0,0,0,0,0,0,0,0,1,0,0,0,0,0,0,0,0,61.92932891845703,2025-03-31,
147,147,ADI,2025-04-30,USD,47344487000.0,5588537000,2376235000.0,2376235000.0,1524897000.0,1382365000.0,41755950000,2047000000.0,8787380000.0,8787380000.0,26945180000.0,0.0,305040000.0,12333867000,2690642000.0,429405000.0,548720000.0,9643225000.0,0.0,6648417000.0,7197137000.0,1353568000.0,518879000.0,35010620000,10210338000.0,82710000.0,498201000,USD,1611610000,2640068000,1028458000.0,1028458000.0,677944000,302669000.0,441837000.0,933666000,-52978000.0,21725000.0,74703000.0,500607000.0,625928000,56158000.0,569770000.0,700631000.0,1201238000,569770000,0,0,0,0,0,0,0,0,1,0,0,0,0,0,0,0,0,0,0,1,0,0,0,0,0,0,0,0,0,0,0,0,0,0,0,0,0,0,0,0,0,0,0,0,0,0,191.9908142089844,2025-04-30,
194,194,ADSK,2025-04-30,USD,10585000000.0,3215000000,1816000000.0,1816000000.0,1478040500.0,494000000.0,7370000000,2047000000.0,549000000.0,549000000.0,4275000000.0,224000000.0,681000000.0,7968000000,4919000000.0,277000000.0,357000000.0,3049000000.0,256000000.0,1988000000.0,2544000000.0,581000000.0,316000000.0,2617000000,-1459000000.0,4324000000.0,216000000,USD,1473000000,1633000000,160000000.0,160000000.0,233000000,162000000.0,394000000.0,1240000000,-2000000.0,0.0,2000000.0,48000000.0,234000000,82000000.0,152000000.0,236000000.0,284000000,152000000,0,0,0,0,0,1,0,0,1,0,0,0,0,0,0,0,0,0,0,0,0,0,0,0,0,0,0,0,0,0,0,0,0,0,0,0,0,1,0,0,0,0,0,0,0,0,274.25,2025-04-30,
171,171,AMAT,2025-04-30,USD,33632000000.0,19708000000,6169000000.0,6169000000.0,5656000000.0,6242000000.0,13924000000,2047000000.0,249000000.0,249000000.0,3748000000.0,578000000.0,1063000000.0,14671000000,7996000000.0,1803000000.0,880000000.0,6675000000.0,409000000.0,5462000000.0,6670000000.0,2501000000.0,422000000.0,18961000000,52280000000.0,8000000.0,815000000,USD,3485000000,7100000000,3615000000.0,3615000000.0,2169000000,207000000.0,893000000.0,1316000000,153000000.0,221000000.0,68000000.0,103000000.0,2322000000,185000000.0,2137000000.0,2390000000.0,2493000000,2137000000,0,0,0,0,0,0,0,0,1,0,0,0,0,0,0,0,0,0,0,0,0,0,0,0,0,0,0,0,0,0,0,0,0,0,0,0,0,0,0,0,0,0,0,0,0,0,149.3737335205078,2025-04-30,
690,690,AVGO,2025-04-30,USD,164630000000.0,22181000000,9472000000.0,9472000000.0,2017000000.0,8797000000.0,142449000000,2047000000.0,36393000000.0,36393000000.0,97801000000.0,0.0,1895000000.0,95044000000,20597000000.0,1297000000.0,5531000000.0,74447000000.0,11000000.0,61744000000.0,67282000000.0,2820000000.0,1445000000.0,69586000000,2686000000.0,5000000.0,4826000000,USD,10197000000,15004000000,4807000000.0,4807000000.0,5829000000,1083000000.0,2693000000.0,4368000000,-769000000.0,0.0,769000000.0,4340000000.0,5085000000,120000000.0,4965000000.0,5854000000.0,10194000000,4965000000,0,0,0,0,0,0,0,0,1,0,0,0,1,0,0,0,0,0,0,0,0,0,0,0,0,0,0,0,0,0,0,0,0,0,0,0,0,1,0,0,0,0,0,0,0,0,191.32354736328125,2025-04-30,
784,784,CPRT,2025-04-30,USD,9672222000.0,5359154000,2366499000.0,2366499000.0,44508000.0,757843000.0,4313068000,2047000000.0,66417000.0,66417000.0,518600000.0,2017843000.0,172461000.0,869525000,657132000.0,576923000.0,19792000.0,212393000.0,101060000.0,0.0,101060000.0,-19792000.0,0.0,8781193000,7698639000.0,97000.0,978089000,USD,552267000,1211716000,659449000.0,659449000.0,451545000,100722000.0,0.0,100722000,42776000.0,42776000.0,58000000.0,54520000.0,502804000,97466000.0,405338000.0,451545000.0,506065000,406609000,0,0,0,0,0,0,0,0,1,0,0,0,0,0,0,0,0,0,0,0,1,0,0,1,0,0,0,0,0,0,0,0,0,0,1,0,0,0,1,0,0,0,0,0,0,0,61.02999877929688,2025-04-30,
1075,1075,CRWD,2025-04-30,USD,8720362000.0,5718993000,4614153000.0,4614153000.0,1478040500.0,808694000.0,3001368999,2047000000.0,125486000.0,125486000.0,913285000.0,0.0,296146000.0,5229348000,3282534000.0,16404000.0,11964000.0,1946813999.0,41043000.0,744355000.0,785398000.0,507029000.0,149122000.0,3450877000,-1188314000.0,125000.0,248432000,USD,814291000,1103434000,289143000.0,289143000.0,-124656000,165201000.0,334129000.0,938947000,38665000.0,45380000.0,6715000.0,64057000.0,-89887000,21106000.0,-110993000.0,-83172000.0,-19115000,-110207000,0,0,0,0,0,1,0,0,1,0,0,0,1,0,0,0,0,0,0,0,0,0,0,0,0,0,0,0,0,0,0,0,0,0,0,0,0,0,0,0,0,0,0,0,0,0,428.8699951171875,2025-04-30,
1267,1267,CSCO,2025-04-30,USD,119782000000.0,32816000000,8161000000.0,8161000000.0,2832000000.0,8235000000.0,86966000000,3295000000.0,9643000000.0,9643000000.0,59024000000.0,7481000000.0,6107000000.0,73847000000,34495000000.0,2260000000.0,6422000000.0,39352000000.0,0.0,22857000000.0,29279000000.0,7911000000.0,2711000000.0,45935000000,152000000.0,46916000000.0,4004000000,USD,9278000000,14149000000,4871000000.0,4871000000.0,3202000000,739000000.0,2335000000.0,6076000000,-153000000.0,250000000.0,403000000.0,626000000.0,2947000000,456000000.0,2491000000.0,3350000000.0,3976000000,2491000000,0,0,0,0,0,0,0,0,0,0,0,0,0,0,0,0,0,0,0,1,0,0,0,0,0,0,0,0,0,0,0,0,0,0,0,0,0,0,0,0,0,0,0,0,0,0,56.73688125610352,2025-04-30,
289,289,INTU,2025-04-30,USD,36593000000.0,13965000000,5443000000.0,5443000000.0,1478040500.0,7232000000.0,22628000000,2047000000.0,5397000000.0,5397000000.0,13847000000.0,731000000.0,559000000.0,16468000000,9654000000.0,1002000000.0,567000000.0,6814000000.0,681000000.0,5906000000.0,7087000000.0,1293000000.0,25000000.0,20125000000,19586000000.0,21380000000.0,282000000,USD,6616000000,7754000000,1138000000.0,1138000000.0,3720000000,394000000.0,707000000.0,2896000000,-29000000.0,39000000.0,68000000.0,201000000.0,3684000000,864000000.0,2820000000.0,3752000000.0,3953000000,2820000000,0,0,0,0,0,1,0,0,1,0,0,0,0,0,0,0,0,0,0,0,0,0,0,0,0,0,0,0,0,0,0,0,0,0,0,0,0,0,0,0,0,0,0,0,0,0,624.3291015625,2025-04-30,
879,879,MRVL,2025-04-30,USD,20023700000.0,3837600000,885900000.0,885900000.0,1071400000.0,1144000000.0,16186100000,2047000000.0,2827200000.0,2827200000.0,11062200000.0,588200000.0,736300000.0,6711000000,2941400000.0,562700000.0,1305400000.0,3769600000.0,279400000.0,2977400000.0,4512000000.0,963500000.0,452300000.0,13312700000,-983100000.0,1700000.0,875600000,USD,952400000,1895300000,942900000.0,942900000.0,270600000,186400000.0,507700000.0,681800000,-54700000.0,0.0,54700000.0,329900000.0,215900000,38000000.0,177900000.0,270600000.0,600500000,177900000,0,0,0,0,0,0,0,0,1,0,0,0,0,0,0,0,0,0,0,0,0,0,0,0,0,0,0,0,0,0,0,0,0,0,0,0,0,1,0,0,0,0,0,0,0,0,58.24176025390625,2025-04-30,
383,383,NVDA,2025-04-30,USD,125254000000.0,89935000000,15234000000.0,15234000000.0,11333000000.0,22132000000.0,35319000000,2047000000.0,769000000.0,769000000.0,5498000000.0,38457000000.0,2779000000.0,41411000000,26542000000.0,7331000000.0,300000000.0,14869000000.0,1821000000.0,8464000000.0,10285000000.0,17837000000.0,177000000.0,83843000000,72158000000.0,24000000.0,24611000000,USD,26668000000,44062000000,17394000000.0,17394000000.0,21638000000,1041000000.0,3989000000.0,5030000000,452000000.0,515000000.0,63000000.0,611000000.0,21910000000,3135000000.0,18775000000.0,21973000000.0,22584000000,18775000000,0,0,0,0,0,0,0,0,1,0,0,0,0,0,0,0,0,0,0,0,0,0,0,0,0,0,0,0,0,0,0,0,0,0,0,0,0,0,0,0,0,0,0,0,0,0,108.90023040771484,2025-04-30,
950,950,OKTA,2025-04-30,USD,9365000000.0,3365000000,494000000.0,494000000.0,1478040500.0,345000000.0,6000000000,2047000000.0,120000000.0,120000000.0,5448000000.0,2231000000.0,295000000.0,2798000000,2296000000.0,12000000.0,509000000.0,502000000.0,89000000.0,349000000.0,947000000.0,213000000.0,44000000.0,6567000000,-2740000000.0,8000000.0,181754000,USD,533000000,688000000,155000000.0,155000000.0,39000000,103000000.0,154000000.0,494000000,29000000.0,30000000.0,1000000.0,24000000.0,68000000,6000000.0,62000000.0,69000000.0,93000000,62000000,0,0,0,0,0,1,0,0,1,0,0,0,0,0,0,0,0,0,0,0,0,0,0,0,0,0,1,0,0,0,0,0,0,0,0,0,0,0,0,0,0,0,0,0,0,0,112.16000366210938,2025-04-30,
1123,1123,PANW,2025-04-30,USD,22002800000.0,6899000000,2383400000.0,2383400000.0,1478040500.0,2687300000.0,15103800000,2047000000.0,730200000.0,730200000.0,4050800000.0,916800000.0,911500000.0,14772300000,7705600000.0,234800000.0,460300000.0,7066700000.0,345700000.0,0.0,806000000.0,7010500000.0,878000000.0,7230500000,2230300000.0,4952200000.0,707400000,USD,1669700000,2289000000,619300000.0,619300000.0,218800000,163900000.0,494500000.0,1450900000,92100000.0,92800000.0,700000.0,88100000.0,310500000,48400000.0,262100000.0,311000000.0,399100000,262100000,0,0,0,0,0,1,0,0,1,0,0,0,0,0,0,0,0,0,0,0,1,0,0,0,0,0,0,0,0,0,0,0,0,0,0,0,0,0,0,0,0,0,0,0,0,0,186.92999267578125,2025-04-30,
502,502,ROST,2025-04-30,USD,14304616000.0,6875103000,3783413000.0,3783413000.0,2669849000.0,181004000.0,7429513000,2047000000.0,986000000.0,986000000.0,4290000000.0,0.0,240837000.0,8728538000,4435759000.0,2163954000.0,1200837000.0,4292779000.0,3499960000.0,1016897000.0,5015669000.0,890885000.0,268698000.0,5576078000,4220812000.0,3274000.0,327005000,USD,1403605000,4984971000,3581366000.0,3581366000.0,606470000,797135000.0,0.0,797135000,34409000.0,46868000.0,12459000.0,115938000.0,640879000,161630000.0,479249000.0,653338000.0,769276000,479249000,0,0,0,0,0,0,0,0,1,1,1,1,1,0,0,0,0,0,0,0,0,0,0,0,0,0,0,0,0,0,0,0,0,0,1,0,0,0,0,0,0,0,0,0,0,0,137.9194793701172,2025-04-30,
1028,1028,WDAY,2025-04-30,USD,17212000000.0,9695000000,972000000.0,972000000.0,1478040500.0,1426000000.0,7517000000,2047000000.0,364000000.0,364000000.0,3478000000.0,6998000000.0,299000000.0,8293000000,4821000000.0,92000000.0,98000000.0,3472000000.0,408000000.0,2985000000.0,3393000000.0,819000000.0,112000000.0,8919000000,-1137000000.0,8000000.0,270296000,USD,1703000000,2240000000,537000000.0,537000000.0,39000000,212000000.0,663000000.0,1664000000,64000000.0,93000000.0,29000000.0,84000000.0,103000000,35000000.0,68000000.0,132000000.0,216000000,68000000,0,0,0,0,0,1,0,0,1,0,0,0,0,0,0,0,0,0,0,0,0,0,0,0,0,0,1,0,0,0,0,0,0,0,0,0,0,0,0,0,0,0,0,0,0,0,245.0,2025-04-30,
1052,1052,ZM,2025-04-30,USD,10951896000.0,8666777000,1228847000.0,1228847000.0,1478040500.0,477242000.0,2285119000,365428000.0,55360000.0,55360000.0,307295000.0,6563976000.0,396712000.0,2049528000,1897373000.0,14205000.0,25583000.0,152155000.0,61477000.0,0.0,61477000.0,342753000.0,6423000.0,8902368000,4054121000.0,302000.0,312784000,USD,896313000,1174715000,278402000.0,278402000.0,241592000,102335000.0,205416000.0,654721000,0.0,13619000.0,58000000.0,35316000.0,315765000,61162000.0,254603000.0,241592000.0,276908000,254603000,0,0,0,0,0,1,0,0,0,0,0,0,0,0,0,0,0,0,0,0,1,0,0,0,0,0,0,0,0,0,0,0,0,0,0,0,1,0,1,0,0,0,0,0,0,0,77.54000091552734,2025-04-30,
1147,1147,ZS,2025-04-30,USD,5339628000.0,3915401000,1990890000.0,1990890000.0,1478040500.0,615787000.0,1424227000,2047000000.0,51403000.0,51403000.0,417730000.0,1014701000.0,294023000.0,3534689000,3168399000.0,54609000.0,1196112000.0,366290000.0,79934000.0,0.0,1228815000.0,239783000.0,26497000.0,1804939000,-1171980000.0,156000.0,154909000,USD,522178000,678034000,155856000.0,155856000.0,-22429000,63097000.0,169293000.0,544607000,29297000.0,31263000.0,1969000.0,32455000.0,4563000,8688000.0,-4125000.0,6532000.0,38987000,-4125000,0,0,0,0,0,1,0,0,1,0,0,0,0,0,0,0,0,0,0,0,1,0,0,0,0,0,0,0,0,0,0,0,0,0,0,0,0,0,0,0,0,0,0,0,0,0,226.1699981689453,2025-04-30,
50,50,ADBE,2025-05-31,USD,28107000000.0,8978000000,4931000000.0,4931000000.0,1478040500.0,1735000000.0,19129000000,2047000000.0,631000000.0,631000000.0,12830000000.0,782000000.0,1530000000.0,16659000000,9039000000.0,360000000.0,74000000.0,7620000000.0,397000000.0,6166000000.0,6563000000.0,2256000000.0,540000000.0,11448000000,41744000000.0,8000000.0,433000000,USD,5235000000,5873000000,638000000.0,638000000.0,2109000000,377000000.0,1082000000.0,3126000000,-68000000.0,0.0,68000000.0,209000000.0,2101000000,410000000.0,1691000000.0,2169000000.0,2378000000,1691000000,0,0,0,0,0,1,0,0,1,0,0,0,0,0,0,0,0,0,0,0,0,0,0,0,0,0,1,0,0,0,0,0,0,0,0,0,0,1,0,0,0,0,0,0,0,0,415.0899963378906,2025-05-30,
737,737,CTAS,2025-05-31,USD,9825241000.0,3436169000,263973000.0,263973000.0,447408000.0,1417381000.0,6389072000,2047000000.0,309828000.0,309828000.0,3400227000.0,0.0,1307407000.0,5140760000,1644502000.0,485109000.0,50744000.0,3496258000.0,229482000.0,2424999000.0,2654481000.0,1104615000.0,0.0,4684481000,11798451000.0,2593479000.0,409685000,USD,1325989000,2667652000,1341663000.0,1341663000.0,597452000,728537000.0,30800000.0,728537000,-22037000.0,2023000.0,24060000.0,121889000.0,575415000,127159000.0,448256000.0,599475000.0,721364000,448256000,0,0,0,0,0,0,0,0,1,0,0,0,1,0,0,0,0,0,0,0,0,0,0,1,0,0,0,0,0,0,0,0,0,0,0,0,0,0,0,0,0,0,0,0,0,0,224.9807891845703,2025-05-30,
760,760,STZ,2025-05-31,USD,22262700000.0,3941300000,73900000.0,73900000.0,1411900000.0,813300000.0,18321400000,8289500000.0,2533500000.0,2533500000.0,5156800000.0,0.0,1642200000.0,14730600000,3694100000.0,979500000.0,1780500000.0,11036500000.0,0.0,9786500000.0,11567000000.0,934100000.0,1250000000.0,7265500000,12938900000.0,2100000.0,177991000,USD,1276700000,2514700000,1238000000.0,1238000000.0,798300000,500700000.0,0.0,478400000,-98900000.0,1700000.0,100600000.0,105500000.0,611400000,87600000.0,523800000.0,712000000.0,817500000,516100000,0,0,0,0,0,0,0,0,0,0,0,0,1,0,0,0,0,0,0,1,0,0,0,0,0,0,0,0,0,0,0,0,0,0,1,0,0,0,0,0,0,0,0,0,0,0,174.7380828857422,2025-05-30,
1242,1242,AAPL,2025-06-30,USD,331495000000.0,122491000000,36269000000.0,36269000000.0,5925000000.0,46835000000.0,209004000000,48508000000.0,986000000.0,986000000.0,4290000000.0,24907000000.0,14359000000.0,265665000000,141120000000.0,50374000000.0,19268000000.0,124545000000.0,0.0,82430000000.0,101698000000.0,62499000000.0,42115000000.0,65830000000,-17607000000.0,89806000000.0,14948179000,USD,43718000000,94036000000,50318000000.0,50318000000.0,28202000000,6650000000.0,8866000000.0,15516000000,0.0,0.0,1000000.0,2830000000.0,28031000000,4597000000.0,23434000000.0,28031000000.0,30861000000,23434000000,0,0,0,0,0,0,0,0,0,1,1,1,0,0,0,0,0,0,0,1,0,0,0,0,0,0,0,0,0,0,0,0,0,0,0,0,1,1,0,0,0,0,0,0,0,0,204.5475311279297,2025-06-30,
217,217,ADP,2025-06-30,USD,53369300000.0,43252200000,3347800000.0,3347800000.0,1478040500.0,3579100000.0,10117100000,2047000000.0,1603000000.0,1603000000.0,3273500000.0,4498800000.0,31826500000.0,47181300000,41278300000.0,169100000.0,4769500000.0,5903000000.0,321200000.0,3974700000.0,9065400000.0,36067800000.0,1058300000.0,6188000000,25240600000.0,63900000.0,407700000,USD,2579100000,5126800000,2547700000.0,2547700000.0,1206700000,1103100000.0,269300000.0,1372400000,-25700000.0,88000000.0,113700000.0,121500000.0,1190600000,280000000.0,910700000.0,1299100000.0,1420600000,910600000,0,0,0,0,0,1,0,0,1,0,0,0,0,0,0,0,0,0,0,0,0,0,0,0,0,0,0,0,0,0,0,0,0,0,0,0,0,0,0,0,0,0,0,0,0,0,304.8359375,2025-06-30,
645,645,AEP,2025-06-30,USD,107778500000.0,6321900000,227300000.0,227300000.0,1622000000.0,2797100000.0,101456600000,2047000000.0,986000000.0,986000000.0,52500000.0,212000000.0,1463500000.0,76810100000,11443300000.0,2714200000.0,4805000000.0,65366800000.0,597500000.0,41313100000.0,46624600000.0,1942000000.0,913800000.0,29871100000,14896700000.0,3482400000.0,536425635,USD,1764500000,5087600000,3323100000.0,3323100000.0,1399500000,368000000.0,0.0,365000000,-489500000.0,0.0,490700000.0,853100000.0,1037400000,-250900000.0,1288300000.0,1507500000.0,2360600000,1225800000,0,0,0,0,0,0,0,0,1,1,1,0,0,0,0,0,0,0,0,0,0,0,0,0,0,0,0,0,0,0,0,0,0,1,1,0,0,1,0,0,0,0,0,0,0,0,101.3053970336914,2025-06-30,
621,621,ALGN,2025-06-30,USD,6219094000.0,2448058000,901157000.0,901157000.0,243750000.0,1152920000.0,3771036000,2047000000.0,103485000.0,103485000.0,491072000.0,17168000.0,150231000.0,2306315000,1995483000.0,114434000.0,32546000.0,310832000.0,123020000.0,0.0,123020000.0,426955000.0,116800000.0,3912779000,2425044000.0,7000.0,72593000,USD,708117000,1012449000,304332000.0,304332000.0,163033000,448686000.0,96398000.0,545084000,2859000.0,2859000.0,58000000.0,40576000.0,173516000,48908000.0,124608000.0,163033000.0,203609000,124608000,0,0,0,0,0,0,0,0,1,0,0,0,0,0,0,0,0,0,0,0,1,0,0,0,0,0,0,0,0,0,0,0,0,0,0,0,0,0,1,0,0,0,0,0,0,0,189.3300018310547,2025-06-30,
597,597,AMD,2025-06-30,USD,74820000000.0,24519000000,4442000000.0,4442000000.0,6677000000.0,5686000000.0,50301000000,2128000000.0,17812000000.0,17812000000.0,25083000000.0,1425000000.0,6289000000.0,15155000000,9843000000.0,3080000000.0,0.0,5312000000.0,668000000.0,3218000000.0,3886000000.0,6763000000.0,1085000000.0,59665000000,3945000000.0,17000000.0,1630000000,USD,3059000000,7685000000,4626000000.0,4626000000.0,-134000000,991000000.0,1894000000.0,3193000000,-38000000.0,38000000.0,38000000.0,757000000.0,-66000000,-834000000.0,768000000.0,-36000000.0,721000000,872000000,0,0,0,0,0,0,0,0,0,0,0,0,0,0,0,0,0,0,0,0,0,0,0,0,0,0,0,0,0,0,0,0,0,0,0,0,0,0,0,0,0,0,0,0,0,0,141.89999389648438,2025-06-30,
122,122,AMGN,2025-06-30,USD,87897000000.0,26734000000,8028000000.0,8028000000.0,6583000000.0,8701000000.0,61163000000,2047000000.0,24614000000.0,24614000000.0,18674000000.0,0.0,3422000000.0,80469000000,20476000000.0,3010000000.0,2444000000.0,59993000000.0,0.0,53760000000.0,56204000000.0,15022000000.0,2336000000.0,7428000000,-25708000000.0,33680000000.0,541000000,USD,6156000000,9167000000,3011000000.0,3011000000.0,2644000000,1691000000.0,1744000000.0,3512000000,-694000000.0,0.0,708000000.0,1341000000.0,1568000000,136000000.0,1432000000.0,2276000000.0,3617000000,1432000000,0,0,0,0,0,0,0,0,1,0,0,0,1,0,0,0,0,0,0,1,0,0,0,0,0,0,0,0,0,0,0,0,0,0,0,0,0,1,0,0,0,0,0,0,0,0,273.1093139648437,2025-06-30,
98,98,AMZN,2025-06-30,USD,682170000000.0,191420000000,57741000000.0,57741000000.0,40825000000.0,57415000000.0,490750000000,379741000000.0,986000000.0,986000000.0,23155000000.0,35439000000.0,356000000.0,348395000000,186921000000.0,98285000000.0,173000000.0,161474000000.0,83221000000.0,50718000000.0,133939000000.0,66974000000.0,27535000000.0,333775000000,208157000000.0,112000000.0,10806000000,USD,86893000000,167702000000,80809000000.0,80809000000.0,19171000000,2965000000.0,27166000000.0,67722000000,569000000.0,569000000.0,516000000.0,15227000000.0,20842000000,2678000000.0,18164000000.0,21373000000.0,36600000000,18164000000,0,0,0,0,0,0,0,0,0,1,1,0,0,0,0,0,0,0,0,0,0,0,0,0,0,0,0,0,0,0,0,0,0,0,0,0,0,0,0,0,0,0,0,0,0,0,219.38999938964844,2025-06-30,
1218,1218,AZN,2025-06-30,USD,112422000000.0,28939000000,7058000000.0,7058000000.0,6467000000.0,14168000000.0,83483000000,13229000000.0,37925000000.0,37925000000.0,21222000000.0,50000000.0,1196000000.0,67612000000,33536000000.0,23986000000.0,6853000000.0,34076000000.0,1633000000.0,24714000000.0,32839000000.0,1268000000.0,0.0,44719000000,7023000000.0,388000000.0,3118000000,USD,11984000000,14457000000,2473000000.0,2473000000.0,3508000000,4864000000.0,3548000000.0,8476000000,-371000000.0,68000000.0,439000000.0,1389000000.0,3127000000,679000000.0,2448000000.0,3566000000.0,4955000000,2450000000,0,0,0,0,0,0,0,0,0,0,0,0,0,0,0,0,0,0,0,0,0,0,0,1,0,0,0,0,0,0,0,0,0,0,0,0,0,0,0,0,0,0,0,0,0,0,137.3627166748047,2025-06-30,
1290,1290,BIDU,2025-06-30,CNY,450569000000.0,157218000000,29940000000.0,29940000000.0,1478040500.0,12326000000.0,293351000000,2047000000.0,24404000000.0,24404000000.0,37637000000.0,93926000000.0,21026000000.0,152657000000,85125000000.0,38208000000.0,31649000000.0,67532000000.0,8085000000.0,55551000000.0,91843000000.0,1636000000.0,2239000000.0,275057000000,3807700000.0,275057000000.0,341250000,CNY,14356000000,32713000000,18357000000.0,18357000000.0,3277000000,5960000000.0,5119000000.0,11079000000,1256000000.0,1957000000.0,701000000.0,2134000000.0,8140000000,881000000.0,7259000000.0,8841000000.0,10975000000,7322000000,0,0,0,0,0,1,0,0,1,0,0,0,0,0,0,0,0,0,0,0,0,0,0,0,0,1,0,0,0,0,0,0,0,0,0,0,0,0,0,0,0,0,0,0,0,0,85.76000213623047,2025-06-30,
1314,1314,BIIB,2025-06-30,USD,28330200000.0,7967700000,2758800000.0,2758800000.0,2274300000.0,2084000000.0,20362500000,2047000000.0,9467500000.0,9467500000.0,6493100000.0,0.0,850600000.0,10696200000,3183700000.0,408400000.0,0.0,7512500000.0,310900000.0,6283700000.0,6594600000.0,2660500000.0,634500000.0,17634000000,20135100000.0,100000.0,145900000,USD,1699300000,2645500000,946200000.0,946200000.0,588100000,583800000.0,529900000.0,1111200000,-40300000.0,32300000.0,72600000.0,194300000.0,744000000,109200000.0,634800000.0,915600000.0,1109900000,634800000,0,0,0,0,0,0,0,0,1,0,0,0,1,0,0,0,0,1,0,0,0,0,0,0,0,0,0,0,0,0,0,0,0,0,0,0,0,0,0,0,0,0,0,0,0,0,125.58999633789062,2025-06-30,
713,713,CDNS,2025-06-30,USD,9508698000.0,4222543000,2822762000.0,2822762000.0,226162000.0,670166000.0,5286155000,2047000000.0,618952000.0,618952000.0,2599798000.0,0.0,503453000.0,4502160000,1496565000.0,291769000.0,0.0,3005595000.0,0.0,2478145000.0,2478145000.0,474867000.0,373002000.0,5006538000,6425498000.0,4445872000.0,273264000,USD,1091274000,1275441000,184167000.0,184167000.0,241797000,69029000.0,442057000.0,849477000,-2970000.0,25978000.0,28948000.0,57751000.0,280607000,120556000.0,160051000.0,309555000.0,367306000,160051000,0,0,0,0,0,0,0,0,1,0,0,0,1,0,0,0,0,1,0,1,0,0,0,0,0,0,0,0,0,0,0,0,0,0,0,0,0,0,0,0,0,0,0,0,0,0,308.1499938964844,2025-06-30,
1338,1338,CHTR,2025-06-30,USD,151589000000.0,4812000000,606000000.0,606000000.0,1478040500.0,3549000000.0,146777000000,2047000000.0,68140000000.0,68140000000.0,29674000000.0,0.0,657000000.0,131221000000,14556000000.0,967000000.0,3114000000.0,116665000000.0,0.0,93169000000.0,96283000000.0,10018000000.0,4739000000.0,16209000000,-5232000000.0,8000000.0,141684000,USD,6392000000,13766000000,7374000000.0,7374000000.0,3360000000,3032000000.0,0.0,3032000000,-1263000000.0,0.0,1263000000.0,2176000000.0,1909000000,414000000.0,1495000000.0,3172000000.0,5348000000,1301000000,0,0,0,0,0,1,0,0,1,0,0,0,1,0,0,0,0,0,0,1,0,0,0,0,0,0,1,0,0,0,0,0,0,0,1,0,0,1,0,0,0,0,0,0,0,0,408.80999755859375,2025-06-30,
1098,1098,DDOG,2025-06-30,USD,5822415000.0,4644676000,489030000.0,489030000.0,1478040500.0,604174000.0,1177739000,2047000000.0,17239000.0,17239000.0,530982000.0,3421940000.0,129532000.0,2626658000,1353192000.0,198767000.0,39955000.0,1273466000.0,283070000.0,981357000.0,1264427000.0,110157000.0,19128000.0,3195757000,57337000.0,3000.0,361289000,USD,660594000,826760000,166166000.0,166166000.0,-35500000,69774000.0,387482000.0,696094000,47678000.0,50753000.0,3075000.0,28799000.0,6088000,3441000.0,2647000.0,9162999.0,37961999,2647000,0,0,0,0,0,1,0,0,1,0,0,0,0,0,0,0,0,0,0,0,0,0,0,0,0,0,0,0,0,0,0,0,0,0,0,0,0,0,0,0,0,0,0,0,0,0,134.3300018310547,2025-06-30,
241,241,FISV,2025-06-30,USD,81531000000.0,26474000000,999000000.0,999000000.0,1478040500.0,4356000000.0,55057000000,2047000000.0,10418000000.0,10418000000.0,37465000000.0,0.0,21119000000.0,55768000000,24318000000.0,768000000.0,1647000000.0,31450000000.0,1857000000.0,26749000000.0,29836000000.0,21018000000.0,953000000.0,25215000000,25452000000.0,8000000.0,552700000,USD,3410000000,5516000000,2106000000.0,2106000000.0,1696000000,1711000000.0,0.0,1714000000,-365000000.0,11000000.0,376000000.0,824000000.0,1276000000,246000000.0,1030000000.0,1657000000.0,2481000000,1026000000,0,0,0,0,0,1,0,0,1,0,0,0,1,0,0,0,0,0,0,0,0,0,0,0,0,0,0,0,0,0,0,0,0,0,1,0,0,0,0,0,0,0,0,0,0,0,172.41000366210938,2025-06-30,
807,807,FTNT,2025-06-30,USD,10641400000.0,6346300000,3368500000.0,3368500000.0,405200000.0,1215700000.0,4295100000,2047000000.0,123300000.0,123300000.0,258900000.0,1194400000.0,162500000.0,8581000000,4777100000.0,245200000.0,499000000.0,3803900000.0,0.0,496300000.0,995300000.0,620400000.0,152500000.0,2060400000,364400000.0,800000.0,774800000,USD,1328300000,1630000000,301700000.0,301700000.0,456700000,56900000.0,209500000.0,871600000,40400000.0,45000000.0,4600000.0,38300000.0,517199999,77100000.0,440100000.0,521900000.0,560200000,440100000,0,0,0,0,0,0,0,0,1,0,0,0,0,0,0,0,0,0,0,1,0,0,0,0,0,0,0,0,0,0,0,0,0,0,0,0,0,0,0,0,0,0,0,0,0,0,105.72000122070312,2025-06-30,
265,265,GILD,2025-06-30,USD,55721000000.0,14718000000,5144000000.0,5144000000.0,1825000000.0,4781000000.0,41005000000,2047000000.0,18567000000.0,18567000000.0,8314000000.0,69000000.0,2899000000.0,36130000000,11189000000.0,582000000.0,2806000000.0,24941000000.0,0.0,22140000000.0,24946000000.0,7801000000.0,1290000000.0,19675000000,11325000000.0,1000000.0,1255000000,USD,5580000000,7081000000,1501000000.0,1501000000.0,2474000000,501000000.0,1491000000.0,3106000000,-181000000.0,73000000.0,254000000.0,691000000.0,2429000000,468000000.0,1961000000.0,2683000000.0,3374000000,1960000000,0,0,0,0,0,0,0,0,1,0,0,0,0,0,0,0,0,0,0,1,0,0,0,0,0,0,0,0,0,0,0,0,0,0,0,0,0,0,0,0,0,0,0,0,0,0,109.3829345703125,2025-06-30,
74,74,GOOGL,2025-06-30,USD,502053000000.0,166216000000,21036000000.0,21036000000.0,1478040500.0,55048000000.0,335837000000,217486000000.0,986000000.0,986000000.0,32335000000.0,74112000000.0,16020000000.0,139137000000,87310000000.0,8347000000.0,4107000000.0,51827000000.0,11952000000.0,23607000000.0,35559000000.0,73208000000.0,6241000000.0,362916000000,275760000000.0,12104000000.0,12198000000,USD,57389000000,96428000000,39039000000.0,39039000000.0,31271000000,5209000000.0,13808000000.0,26118000000,789000000.0,1050000000.0,261000000.0,4998000000.0,33933000000,5737000000.0,28196000000.0,34194000000.0,39192000000,28196000000,0,0,0,0,0,1,0,0,0,1,1,0,0,0,0,0,0,0,0,0,0,0,0,0,0,0,0,0,0,0,0,0,0,0,0,0,0,0,0,0,0,0,0,0,0,0,175.95741271972656,2025-06-30,
831,831,IDXX,2025-06-30,USD,3330794000.0,1362357000,164594000.0,164594000.0,392584000.0,663466000.0,1968437000,2047000000.0,103729000.0,103729000.0,414488000.0,0.0,141713000.0,1871967000,1223880000.0,116585000.0,679822000.0,648087000.0,133465000.0,449812000.0,1237271000.0,315935000.0,0.0,1458827000,5869104000.0,10804000.0,80994000,USD,694732000,1109457000,414725000.0,414725000.0,373046000,98681000.0,61898000.0,321686000,-10694000.0,627000.0,11321000.0,35772000.0,362352000,68363000.0,293989000.0,373673000.0,409445000,293989000,0,0,0,0,0,0,0,0,1,0,0,0,1,0,0,0,0,0,0,0,0,0,0,1,0,0,0,0,0,0,0,0,0,0,0,0,0,0,0,0,0,0,0,0,0,0,536.3400268554688,2025-06-30,
2,2,INTC,2025-06-30,USD,192520000000.0,43375000000,9643000000.0,9643000000.0,11377000000.0,2360000000.0,149145000000,109510000000.0,3057000000.0,3057000000.0,23912000000.0,11563000000.0,8432000000.0,86769000000,34966000000.0,10666000000.0,6731000000.0,51803000000.0,0.0,44026000000.0,50757000000.0,16682000000.0,7777000000.0,97883000000,45484000000.0,52334000000.0,4369000000,USD,3542000000,12859000000,9317000000.0,9317000000.0,-3176000000,1144000000.0,3684000000.0,6718000000,-189000000.0,210000000.0,227000000.0,3013000000.0,-2769000000,255000000.0,-3024000000.0,-2542000000.0,471000000,-2918000000,0,0,0,0,0,0,0,0,0,0,0,0,0,0,0,0,0,0,0,1,0,0,0,0,0,0,0,0,0,0,0,0,0,0,0,0,0,0,0,0,0,0,0,0,0,0,22.399999618530277,2025-06-30,
312,312,ISRG,2025-06-30,USD,20163200000.0,8745900000,3403100000.0,3403100000.0,1667000000.0,1394200000.0,11417300000,2047000000.0,17900000.0,17900000.0,348700000.0,1923400000.0,358200000.0,2210100000,1692600000.0,266800000.0,0.0,517500000.0,0.0,0.0,6120000000.0,832200000.0,195800000.0,17845700000,7605500000.0,400000.0,364100000,USD,1617900000,2440000000,822100000.0,822100000.0,743400000,561200000.0,313300000.0,874500000,88700000.0,88700000.0,58000000.0,155300000.0,832100000,167900000.0,664200000.0,743400000.0,898700000,658400000,0,0,0,0,0,0,0,0,1,0,0,0,0,0,0,0,0,1,0,1,1,1,0,0,0,0,0,0,0,0,0,0,0,0,0,0,0,0,1,0,0,0,0,0,0,0,543.4099731445312,2025-06-30,
335,335,JD,2025-06-30,CNY,706939000000.0,394033000000,116547000000.0,116547000000.0,103537000000.0,43973000000.0,312906000000,2047000000.0,44429000000.0,44429000000.0,25709000000.0,97291000000.0,32685000000.0,409650000000,322632000000.0,211711000000.0,23517000000.0,87018000000.0,28965000000.0,56595000000.0,100792000000.0,45519000000.0,926000000.0,227160000000,3807700000.0,227160000000.0,1485000000,CNY,56640000000,356660000000,300020000000.0,300020000000.0,-859000000,3266000000.0,5299000000.0,57499000000,-643000000.0,0.0,643000000.0,2103000000.0,6699000000,-10000000.0,6709000000.0,7342000000.0,9445000000,6178000000,0,0,0,0,0,0,0,0,1,0,0,0,0,0,0,0,0,0,0,0,0,0,0,0,0,1,0,0,0,0,0,0,0,0,0,0,0,1,0,0,0,0,0,0,0,0,32.63999938964844,2025-06-30,
359,359,KHC,2025-06-30,USD,81581000000.0,9241000000,1567000000.0,1567000000.0,3567000000.0,2344000000.0,72340000000,2047000000.0,37782000000.0,37782000000.0,22226000000.0,997000000.0,766000000.0,40089000000,8624000000.0,4340000000.0,1904000000.0,31465000000.0,0.0,19307000000.0,21211000000.0,2380000000.0,1568000000.0,41358000000,-5895000000.0,12000000.0,1190000000,USD,2183000000,6352000000,4169000000.0,4169000000.0,-7974000000,891000000.0,0.0,10157000000,-212000000.0,28000000.0,240000000.0,241000000.0,-8167000000,-344000000.0,-7823000000.0,-7927000000.0,-7686000000,-7824000000,0,0,0,0,0,0,0,0,1,0,0,0,0,0,0,0,0,0,0,1,0,0,0,0,0,0,0,0,0,0,0,0,0,0,1,0,0,0,0,0,0,0,0,0,0,0,25.04874038696289,2025-06-30,
855,855,KLAC,2025-06-30,USD,16067926000.0,10698789000,2078908000.0,2078908000.0,3212149000.0,2433700000.0,5369137000,2047000000.0,444785000.0,444785000.0,1792193000.0,2415715000.0,558317000.0,11375473000,4085795000.0,458509000.0,45192000.0,7289678000.0,204025000.0,5884257000.0,6088282000.0,1580880000.0,170418000.0,4692453000,2179330000.0,132000.0,132734000,USD,2007712000,3174741000,1167029000.0,1167029000.0,1404570000,262706000.0,352992000.0,603142000,107151000.0,0.0,73125000.0,96252000.0,1328799000,125950000.0,1202849000.0,1401924000.0,1498176000,1202849000,0,0,0,0,0,0,0,0,1,0,0,0,0,0,0,0,0,0,0,0,0,0,0,0,0,0,0,0,0,0,0,0,0,0,0,0,0,1,0,0,0,0,0,0,0,0,891.1397094726562,2025-06-30,
1194,1194,LCID,2025-06-30,USD,8869078000.0,3951120000,1795719000.0,1795719000.0,713269000.0,125265000.0,4917958000,2047000000.0,986000000.0,986000000.0,4290000000.0,1030140000.0,286727000.0,6461487000,1533954000.0,213656000.0,292249000.0,4927533000.0,468691000.0,2038928000.0,2740927000.0,1004122000.0,366684000.0,2407591000,-13818297000.0,307000.0,305788272,USD,-272351000,259432000,531783000.0,531783000.0,-803047000,256857000.0,273839000.0,530696000,20569000.0,44318000.0,23749000.0,111088000.0,-541801000,-2369000.0,-539432000.0,-518052000.0,-406964000,-539432000,0,0,0,0,0,0,0,0,1,1,1,1,0,0,0,0,0,0,0,0,0,0,0,0,0,0,0,0,0,0,0,0,0,0,0,0,0,0,0,0,0,0,0,0,0,0,21.100000381469727,2025-06-30,
1170,1170,META,2025-06-30,USD,294744000000.0,73613000000,12005000000.0,12005000000.0,1478040500.0,16561000000.0,221131000000,2047000000.0,986000000.0,986000000.0,20654000000.0,35066000000.0,9981000000.0,99674000000,37305000000.0,10271000000.0,1977000000.0,62369000000.0,20728000000.0,28832000000.0,49560000000.0,13011000000.0,2740000000.0,195070000000,106345000000.0,8000000.0,2570000000,USD,39025000000,47516000000,8491000000.0,8491000000.0,20441000000,2663000000.0,12942000000.0,18584000000,-103000000.0,481000000.0,241000000.0,4342000000.0,20534000000,2197000000.0,18337000000.0,20775000000.0,25117000000,18337000000,0,0,0,0,0,1,0,0,1,1,1,0,0,0,0,0,0,0,0,0,0,0,0,0,0,0,1,0,0,0,0,0,0,0,0,0,0,0,0,0,0,0,0,0,0,0,736.9911499023438,2025-06-30,
926,926,MRNA,2025-06-30,USD,12010000000.0,6171000000,1279000000.0,1279000000.0,240000000.0,457000000.0,5839000000,2047000000.0,48000000.0,48000000.0,52000000.0,3852000000.0,343000000.0,2611000000,1572000000.0,175000000.0,43000000.0,1039000000.0,741000000.0,0.0,741000000.0,1136000000.0,39000000.0,9399000000,8249000000.0,8000000.0,388000000,USD,23000000,142000000,119000000.0,119000000.0,-907000000,230000000.0,700000000.0,930000000,80000000.0,81000000.0,1000000.0,57000000.0,-818000000,7000000.0,-825000000.0,-817000000.0,-760000000,-825000000,0,0,0,0,0,0,0,0,1,0,0,0,0,0,0,0,0,0,0,0,1,0,0,0,0,0,1,0,0,0,0,0,0,0,0,0,0,0,0,0,0,0,0,0,0,0,27.59000015258789,2025-06-30,
26,26,MSFT,2025-06-30,USD,619003000000.0,191131000000,30242000000.0,30242000000.0,938000000.0,69905000000.0,427872000000,229789000000.0,22604000000.0,22604000000.0,119509000000.0,64313000000.0,25733000000.0,275524000000,141218000000.0,27724000000.0,2999000000.0,134306000000.0,17437000000.0,40152000000.0,60588000000.0,45940000000.0,45186000000.0,343479000000,237731000000.0,109095000000.0,7461000000,USD,52427000000,76441000000,24014000000.0,24014000000.0,34323000000,1990000000.0,8829000000.0,18104000000,154000000.0,202000000.0,615000000.0,11203000000.0,32616000000,5383000000.0,27233000000.0,33231000000.0,44434000000,27233000000,0,0,0,0,0,0,0,0,0,0,0,0,0,0,0,0,0,0,0,0,0,0,0,0,0,0,0,0,0,0,0,0,0,0,0,0,0,0,0,0,0,0,0,0,0,0,494.5372009277344,2025-06-30,
902,902,MTCH,2025-06-30,USD,3867816000.0,769915000,335243000.0,335243000.0,1478040500.0,342299000.0,3097901000,2047000000.0,207850000.0,207850000.0,2347699000.0,5172000.0,87201000.0,4098592000,1105201000.0,18535000.0,573424000.0,2993391000.0,0.0,2855277000.0,3428701000.0,351374000.0,85980000.0,-230881000,-6336705000.0,298000.0,263773000,USD,621800000,863738000,241938000.0,241938000.0,193921000,136555000.0,114511000.0,427879000,-30096000.0,2064000.0,32160000.0,28559000.0,157705000,32227000.0,125478000.0,189865000.0,218424000,125478000,0,0,0,0,0,1,0,0,1,0,0,0,0,0,0,0,0,0,0,1,0,0,0,0,0,0,0,0,0,0,0,0,0,0,0,0,0,0,0,0,0,0,0,0,0,0,30.362451553344727,2025-06-30,
406,406,NXPI,2025-06-30,USD,25250000000.0,7686000000,2868000000.0,2868000000.0,2361000000.0,1071000000.0,17564000000,2047000000.0,1121000000.0,1121000000.0,10098000000.0,0.0,1386000000.0,15314000000,4427000000.0,892000000.0,1249000000.0,10887000000.0,0.0,9479000000.0,10728000000.0,2181000000.0,1408000000.0,9569000000,-1422000000.0,56000000.0,253844000,USD,1562000000,2926000000,1364000000.0,1364000000.0,687000000,278000000.0,573000000.0,875000000,-86000000.0,39000000.0,115000000.0,207000000.0,601000000,144000000.0,457000000.0,716000000.0,923000000,445000000,0,0,0,0,0,0,0,0,1,0,0,0,1,0,0,0,0,0,0,1,0,0,0,0,0,0,0,0,0,0,0,0,0,0,0,0,0,0,0,0,0,0,0,0,0,0,216.52044677734372,2025-06-30,
972,972,PDD,2025-06-30,CNY,567156296000.0,476042545000,63222442000.0,63222442000.0,1478040500.0,6007506000.0,91113751000,2047000000.0,17301000.0,17301000.0,4290000000.0,323908642000.0,82903955000.0,205292640000,201962497000.0,95521629000.0,7703347000.0,3330143000.0,5675735000.0,0.0,10963320000.0,95136057000.0,0.0,361863656000,232916697000.0,181000.0,1481950000,CNY,58125899000,103984832000,45858933000.0,45858933000.0,25792899000,1531825000.0,3591279000.0,32333000000,10422628000.0,10422628000.0,58000000.0,177191000.0,35535283000,4781826000.0,30753457000.0,35535283000.0,35712474000,30753457000,0,0,0,0,0,1,0,0,1,0,0,1,0,0,0,0,0,0,0,0,1,0,0,1,0,0,0,0,0,0,0,0,0,0,0,0,0,0,1,0,0,0,0,0,0,0,104.66000366210938,2025-06-30,
430,430,PYPL,2025-06-30,USD,79777000000.0,59879000000,6688000000.0,6688000000.0,1478040500.0,47777000000.0,19898000000,2047000000.0,271000000.0,271000000.0,10976000000.0,3320000000.0,2094000000.0,59576000000,45050000000.0,41144000000.0,0.0,14526000000.0,0.0,11296000000.0,11296000000.0,3906000000.0,3230000000.0,20201000000,29915000000.0,8000000.0,977000000,USD,3844000000,8288000000,4444000000.0,4444000000.0,1504000000,461000000.0,767000000.0,2340000000,21000000.0,135000000.0,114000000.0,239000000.0,1529000000,268000000.0,1261000000.0,1643000000.0,1882000000,1261000000,0,0,0,0,0,1,0,0,1,0,0,0,0,0,0,0,0,1,0,1,0,0,0,0,0,0,1,0,0,0,0,0,0,0,0,0,0,0,0,0,0,0,0,0,0,0,73.92476654052734,2025-06-30,
454,454,QCOM,2025-06-30,USD,54862000000.0,24913000000,5448000000.0,5448000000.0,6338000000.0,3410000000.0,29949000000,2047000000.0,1202000000.0,1202000000.0,11366000000.0,4563000000.0,5154000000.0,27653000000,7800000000.0,2337000000.0,0.0,19853000000.0,0.0,14788000000.0,14788000000.0,5178000000.0,4972000000.0,27209000000,26552000000.0,8000000.0,1099000000,USD,5759000000,10365000000,4606000000.0,4606000000.0,2762000000,771000000.0,2226000000.0,2997000000,-8000000.0,160000000.0,168000000.0,617000000.0,2952000000,286000000.0,2666000000.0,3120000000.0,3737000000,2666000000,0,0,0,0,0,0,0,0,1,0,0,0,0,0,0,0,0,1,0,1,0,0,0,0,0,0,1,0,0,0,0,0,0,0,0,0,0,0,0,0,0,0,0,0,0,0,157.5537567138672,2025-06-30,
478,478,REGN,2025-06-30,USD,38219200000.0,16859500000,1995800000.0,1995800000.0,3205600000.0,5610000000.0,21359700000,2047000000.0,1351700000.0,1351700000.0,4290000000.0,5473800000.0,574300000.0,8280300000,3667000000.0,723900000.0,0.0,4613300000.0,720000000.0,1985100000.0,2705100000.0,2461200000.0,1701900000.0,29938900000,33680200000.0,100000.0,108600000,USD,3145400000,3675600000,530200000.0,530200000.0,1079500000,634200000.0,1431700000.0,2065900000,171200000.0,174800000.0,3600000.0,135100000.0,1518700000,127100000.0,1391600000.0,1522300000.0,1657400000,1391600000,0,0,0,0,0,0,0,0,1,0,0,1,0,0,0,0,0,1,0,0,0,0,0,0,0,0,0,0,0,0,0,0,0,0,0,0,0,0,0,0,0,0,0,0,0,0,522.9185791015625,2025-06-30,
573,573,SBUX,2025-06-30,USD,33649200000.0,8421500000,4172600000.0,4172600000.0,2259200000.0,1242600000.0,25227700000,2047000000.0,169700000.0,169700000.0,3384800000.0,333300000.0,413800000.0,41327800000,11142300000.0,1888200000.0,4244600000.0,30185500000.0,10567000000.0,14570900000.0,27886100000.0,3098300000.0,717900000.0,-7686000000,-7700600000.0,1100000.0,1139800000,USD,2155700000,9456000000,7300300000.0,7300300000.0,935600000,677200000.0,0.0,1220100000,-116700000.0,25600000.0,142300000.0,448000000.0,818900000,260400000.0,558500000.0,961200000.0,1409200000,558300000,0,0,0,0,0,0,0,0,1,0,0,0,0,0,0,0,0,0,0,0,0,0,0,0,0,0,0,0,0,0,0,0,0,0,1,0,0,0,0,0,0,0,0,0,0,0,89.79735565185547,2025-06-30,
525,525,SIRI,2025-06-30,USD,27326000000.0,1045000000,92000000.0,92000000.0,1478040500.0,662000000.0,26281000000,2047000000.0,10127000000.0,10127000000.0,12390000000.0,0.0,291000000.0,15997000000,2570000000.0,1160000000.0,61000000.0,13427000000.0,0.0,10136000000.0,10197000000.0,316000000.0,1018000000.0,11329000000,11378000000.0,-1000000.0,357000000,USD,1000000000,2138000000,1138000000.0,1138000000.0,365000000,166000000.0,56000000.0,635000000,-116000000.0,0.0,116000000.0,131000000.0,264000000,59000000.0,205000000.0,380000000.0,511000000,205000000,0,0,0,0,0,1,0,0,1,0,0,0,1,0,0,0,0,0,0,1,0,0,0,0,0,0,0,0,0,0,0,0,0,0,0,0,0,1,0,0,0,0,0,0,0,0,22.115074157714844,2025-06-30,
549,549,SWKS,2025-06-30,USD,7714600000.0,2876400000,1185900000.0,1185900000.0,706500000.0,396200000.0,4838200000,2047000000.0,852200000.0,852200000.0,2176700000.0,132000000.0,455800000.0,2062100000,1205000000.0,205500000.0,535200000.0,857100000.0,212400000.0,496200000.0,1207800000.0,399600000.0,86200000.0,5652500000,5621100000.0,37100000.0,150300000,USD,401000000,965000000,564000000.0,564000000.0,110600000,89300000.0,199400000.0,290400000,-6600000.0,0.0,6600000.0,115900000.0,112000000,7000000.0,105000000.0,118600000.0,234500000,105000000,0,0,0,0,0,0,0,0,1,0,0,0,0,0,0,0,0,0,0,0,0,0,0,0,0,0,0,0,0,0,0,0,0,0,0,0,0,1,0,0,0,0,0,0,0,0,72.13374328613281,2025-06-30,
146,146,ADI,2025-07-31,USD,48192601000.0,6924569000,2321191000.0,2321191000.0,1596853000.0,1553259000.0,41268032000,2047000000.0,8402630000.0,8402630000.0,26945180000.0,1148096000.0,305170000.0,14106759000,2979038000.0,490723000.0,548665000.0,11127721000.0,0.0,8139938000.0,8688603000.0,1464617000.0,516367000.0,34085842000,10238695000.0,81994000.0,496726000,USD,1789748000,2880348000,1090600000.0,1090600000.0,818028000,325706000.0,454251000.0,971720000,-52509000.0,27083000.0,79592000.0,487292000.0,763409000,244891000.0,518518000.0,843001000.0,1330293000,518518000,0,0,0,0,0,0,0,0,1,0,0,0,0,0,0,0,0,0,0,1,0,0,0,0,0,0,0,0,0,0,0,0,0,0,0,0,0,0,0,0,0,0,0,0,0,0,222.26171875,2025-07-31,
193,193,ADSK,2025-07-31,USD,10856000000.0,3489000000,2003000000.0,2003000000.0,1478040500.0,532000000.0,7367000000,2047000000.0,521000000.0,521000000.0,4275000000.0,233000000.0,721000000.0,8141000000,4566000000.0,324000000.0,56000000.0,3575000000.0,253000000.0,2481000000.0,2734000000.0,576000000.0,363000000.0,2715000000,-1487000000.0,4456000000.0,215000000,USD,1627000000,1763000000,136000000.0,136000000.0,444000000,168000000.0,413000000.0,1177000000,11000000.0,11000000.0,58000000.0,47000000.0,456000000,143000000.0,313000000.0,450000000.0,497000000,313000000,0,0,0,0,0,1,0,0,1,0,0,0,0,0,0,0,0,0,0,0,0,0,0,0,0,0,0,0,0,0,0,0,0,0,0,0,0,0,1,0,0,0,0,0,0,0,303.1099853515625,2025-07-31,
170,170,AMAT,2025-07-31,USD,34211000000.0,19718000000,5384000000.0,5384000000.0,5807000000.0,5828000000.0,14493000000,2047000000.0,238000000.0,238000000.0,3748000000.0,1630000000.0,1069000000.0,14707000000,7883000000.0,1769000000.0,888000000.0,6824000000.0,500000000.0,5463000000.0,6763000000.0,2426000000.0,467000000.0,19504000000,53694000000.0,8000000.0,811000000,USD,3562000000,7302000000,3740000000.0,3740000000.0,2233000000,204000000.0,901000000.0,1329000000,330000000.0,396000000.0,66000000.0,-208000000.0,2563000000,784000000.0,1779000000.0,2629000000.0,2421000000,1779000000,0,0,0,0,0,0,0,0,1,0,0,0,0,0,0,0,0,0,0,0,0,0,0,0,0,0,0,0,0,0,0,0,0,0,0,0,0,0,0,0,0,0,0,0,0,0,178.970947265625,2025-07-31,
689,689,AVGO,2025-07-31,USD,165621000000.0,24998000000,10718000000.0,10718000000.0,2180000000.0,6494000000.0,140623000000,2047000000.0,34344000000.0,34344000000.0,97801000000.0,0.0,5606000000.0,92344000000,16704000000.0,1432000000.0,1399000000.0,75640000000.0,10000000.0,62823000000.0,64229000000.0,3158000000.0,1410000000.0,73277000000,4040000000.0,5000000.0,4860000000,USD,10703000000,15952000000,5249000000.0,5249000000.0,5887000000,1072000000.0,3050000000.0,4816000000,-807000000.0,0.0,754000000.0,2202000000.0,5285000000,1145000000.0,4140000000.0,5826000000.0,8028000000,4140000000,0,0,0,0,0,0,0,0,1,0,0,0,1,0,0,0,0,0,0,0,0,0,0,0,0,0,0,0,0,0,0,0,0,0,0,0,0,1,0,0,0,0,0,0,0,0,292.6377258300781,2025-07-31,
783,783,CPRT,2025-07-31,USD,10090902000.0,5638483000,2780531000.0,2780531000.0,39661000.0,763391000.0,4452419000,2047000000.0,62832000.0,62832000.0,517779000.0,2008539000.0,46361000.0,883411000,683281000.0,591831000.0,19869000.0,200130000.0,103739000.0,0.0,103739000.0,41141000.0,0.0,9187033000,8093069000.0,97000.0,977778000,USD,509718000,1125097000,615379000.0,615379000.0,412591000,83902000.0,0.0,97127000,49839000.0,0.0,49839000.0,53607000.0,478408000,83100000.0,395308000.0,478408000.0,532015000,396354000,0,0,0,0,0,0,0,0,1,0,0,0,0,0,0,0,0,0,0,0,1,0,0,1,0,0,0,0,0,0,0,0,0,0,1,0,0,1,0,0,0,0,0,0,0,0,45.33000183105469,2025-07-31,
1074,1074,CRWD,2025-07-31,USD,9288859000.0,6534354000,4972436000.0,4972436000.0,1478040500.0,886557000.0,2754505000,2047000000.0,117858000.0,117858000.0,913325000.0,0.0,675361000.0,5494168000,3475938000.0,120554000.0,12860000.0,2018230000.0,65801000.0,744727000.0,810528000.0,548468000.0,166901000.0,3756680000,-1265989000.0,125000.0,249909000,USD,858669000,1168952000,310283000.0,310283000.0,-112979000,177956000.0,346668000.0,971648000,44027000.0,50850000.0,6823000.0,68038000.0,-71674000,5971000.0,-77645000.0,-64851000.0,3187000,-77675000,0,0,0,0,0,1,0,0,1,0,0,0,1,0,0,0,0,0,0,0,0,0,0,0,0,0,0,0,0,0,0,0,0,0,0,0,0,0,0,0,0,0,0,0,0,0,454.5700073242188,2025-07-31,
1266,1266,CSCO,2025-07-31,USD,122291000000.0,34986000000,8346000000.0,8346000000.0,3164000000.0,9762000000.0,87305000000,3414000000.0,9175000000.0,9175000000.0,59136000000.0,7764000000.0,5950000000.0,75448000000,35064000000.0,2528000000.0,5232000000.0,40384000000.0,0.0,22861000000.0,28093000000.0,9031000000.0,2995000000.0,46843000000,50000000.0,47747000000.0,3992000000,USD,9280000000,14673000000,5393000000.0,5393000000.0,3087000000,706000000.0,2380000000.0,6193000000,-141000000.0,227000000.0,368000000.0,635000000.0,2999000000,449000000.0,2550000000.0,3367000000.0,4002000000,2550000000,0,0,0,0,0,0,0,0,0,0,0,0,0,0,0,0,0,0,0,1,0,0,0,0,0,0,0,0,0,0,0,0,0,0,0,0,0,0,0,0,0,0,0,0,0,0,67.31119537353516,2025-07-31,
288,288,INTU,2025-07-31,USD,36958000000.0,14107000000,2884000000.0,2884000000.0,1478040500.0,1983000000.0,22851000000,2047000000.0,5302000000.0,5302000000.0,13980000000.0,1668000000.0,7572000000.0,17248000000,10370000000.0,792000000.0,69000000.0,6878000000.0,666000000.0,5973000000.0,6639000000.0,1414000000.0,70000000.0,19710000000,19668000000.0,3000000.0,282000000,USD,2997000000,3831000000,834000000.0,834000000.0,339000000,424000000.0,801000000.0,2658000000,1000000.0,60000000.0,59000000.0,208000000.0,366000000,-15000000.0,381000000.0,425000000.0,633000000,381000000,0,0,0,0,0,1,0,0,1,0,0,0,0,0,0,0,0,0,0,0,0,0,0,0,0,0,0,0,0,0,0,0,0,0,0,0,0,0,0,0,0,0,0,0,0,0,782.2570190429688,2025-07-31,
878,878,MRVL,2025-07-31,USD,20586300000.0,4512900000,1224400000.0,1224400000.0,1051600000.0,1451700000.0,16073400000,2047000000.0,2553200000.0,2553200000.0,11062200000.0,0.0,785200000.0,7164600000,2399300000.0,610700000.0,550100000.0,4765300000.0,309100000.0,3967900000.0,4776300000.0,1106000000.0,426300000.0,13421700000,-840000000.0,1700000.0,870400000,USD,1010600000,2006100000,995500000.0,995500000.0,290100000,192800000.0,519000000.0,720500000,-56400000.0,0.0,56400000.0,327800000.0,233700000,38900000.0,194800000.0,290100000.0,617900000,194800000,0,0,0,0,0,0,0,0,1,0,0,0,1,0,0,0,0,0,0,0,0,0,0,0,0,0,0,0,0,0,0,0,0,0,0,0,0,1,0,0,0,0,0,0,0,0,80.25907897949219,2025-07-31,
382,382,NVDA,2025-07-31,USD,140740000000.0,102219000000,11639000000.0,11639000000.0,14962000000.0,27808000000.0,38521000000,2047000000.0,755000000.0,755000000.0,5755000000.0,45152000000.0,2658000000.0,40609000000,24257000000.0,9064000000.0,301000000.0,16352000000.0,2132000000.0,8466000000.0,10598000000.0,13912000000.0,243000000.0,100131000000,88737000000.0,24000000.0,24532000000,USD,33853000000,46743000000,12890000000.0,12890000000.0,28440000000,1122000000.0,4291000000.0,5413000000,530000000.0,592000000.0,62000000.0,669000000.0,31206000000,4784000000.0,26422000000.0,31268000000.0,31937000000,26422000000,0,0,0,0,0,0,0,0,1,0,0,0,0,0,0,0,0,0,0,0,0,0,0,0,0,0,0,0,0,0,0,0,0,0,0,0,0,0,0,0,0,0,0,0,0,0,177.85006713867188,2025-07-31,
949,949,OKTA,2025-07-31,USD,9550000000.0,3566000000,876000000.0,876000000.0,1478040500.0,417000000.0,5984000000,2047000000.0,104000000.0,104000000.0,5448000000.0,1982000000.0,291000000.0,2796000000,2647000000.0,12000000.0,859000000.0,149000000.0,81000000.0,0.0,940000000.0,226000000.0,44000000.0,6754000000,-2673000000.0,8000000.0,180966000,USD,560000000,728000000,168000000.0,168000000.0,41000000,113000000.0,160000000.0,519000000,26000000.0,27000000.0,1000000.0,24000000.0,67000000,85862500.0,67000000.0,68000000.0,92000000,67000000,0,0,0,0,0,1,0,0,1,0,0,0,0,0,0,0,0,0,0,0,1,0,0,0,0,0,1,0,0,0,0,0,0,0,0,0,0,0,0,0,0,1,0,0,0,0,97.8000030517578,2025-07-31,
1122,1122,PANW,2025-07-31,USD,23576200000.0,7103300000,2279200000.0,2279200000.0,1478040500.0,3679600000.0,16472900000,2047000000.0,762700000.0,762700000.0,4566600000.0,634600000.0,520500000.0,15751800000,7988000000.0,232200000.0,79200000.0,7763799999.0,338200000.0,0.0,417400000.0,1374400000.0,886800000.0,7824400000,2484100000.0,5291900000.0,709000000,USD,1857300000,2536300000,679000000.0,679000000.0,497200000,27300000.0,503500000.0,1360100000,97900000.0,98100000.0,400000.0,83800000.0,591800000,338000000.0,253800000.0,591900000.0,675700000,253800000,0,0,0,0,0,1,0,0,1,0,0,0,0,0,0,0,0,0,0,0,1,0,0,0,0,0,0,0,0,0,0,0,0,0,0,0,0,0,0,0,0,0,0,0,0,0,173.60000610351562,2025-07-31,
501,501,ROST,2025-07-31,USD,14495519000.0,6925836000,3847016000.0,3847016000.0,2608485000.0,210520000.0,7569683000,2047000000.0,986000000.0,986000000.0,4290000000.0,0.0,259815000.0,8762950000,4392008000.0,2205613000.0,1215284000.0,4370942000.0,3551643000.0,1017218000.0,5067983000.0,971111000.0,279258000.0,5732569000,4342410000.0,3255000.0,325909000,USD,1526985000,5529152000,4002167000.0,4002167000.0,638274000,888711000.0,0.0,888711000,32346000.0,40326000.0,7980000.0,217781000.0,670620000,162625000.0,507995000.0,670620000.0,888401000,507995000,0,0,0,0,0,0,0,0,1,1,1,1,1,0,0,0,0,0,0,0,0,0,0,0,0,0,0,0,0,0,0,0,0,0,1,0,0,0,0,0,0,0,0,0,0,0,135.8656463623047,2025-07-31,
1027,1027,WDAY,2025-07-31,USD,17961000000.0,10129000000,1264000000.0,1264000000.0,1478040500.0,1671000000.0,7832000000,2047000000.0,320000000.0,320000000.0,3478000000.0,6922000000.0,272000000.0,8789000000,4945000000.0,100000000.0,110000000.0,3844000000.0,791000000.0,2985000000.0,3776000000.0,883000000.0,113000000.0,9172000000,-909000000.0,8000000.0,270180000,USD,1766000000,2348000000,582000000.0,582000000.0,248000000,216000000.0,660000000.0,1518000000,59000000.0,88000000.0,29000000.0,81000000.0,304000000,76000000.0,228000000.0,333000000.0,414000000,228000000,0,0,0,0,0,1,0,0,1,0,0,0,0,0,0,0,0,0,0,0,0,0,0,0,0,0,1,0,0,0,0,0,0,0,0,0,0,0,0,0,0,0,0,0,0,0,229.3800048828125,2025-07-31,
1051,1051,ZM,2025-07-31,USD,11044063000.0,8663206000,1198576000.0,1198576000.0,1478040500.0,516799000.0,2380857000,348288000.0,52606000.0,52606000.0,307295000.0,6580073000.0,367758000.0,2093986000,1947680000.0,11619000.0,22243000.0,146306000.0,54258000.0,0.0,54258000.0,332852000.0,4824000.0,8950077000,4412713000.0,299000.0,308224000,USD,944062000,1217227000,273165000.0,273165000.0,321735000,76885000.0,206447000.0,622327000,0.0,45056000.0,58000000.0,32163000.0,448162000,89570000.0,358592000.0,321735000.0,353898000,358592000,0,0,0,0,0,1,0,0,0,0,0,0,0,0,0,0,0,0,0,0,1,0,0,0,0,0,0,0,0,0,0,0,0,0,0,0,1,0,1,0,0,0,0,0,0,0,74.05000305175781,2025-07-31,
1146,1146,ZS,2025-07-31,USD,6419888000.0,4894290000,2389023000.0,2389023000.0,1478040500.0,992181000.0,1525598000,2047000000.0,47323000.0,47323000.0,417730000.0,1183386000.0,329700000.0,4620615000,2429611000.0,46906000.0,52497000.0,2191004000.0,95849000.0,1700727000.0,1796576000.0,275791000.0,33316000.0,1799273000,-1189558000.0,159000.0,156496000,USD,547623000,719226000,172240000.0,172240000.0,-32242000,71028000.0,177606000.0,579228000,31101000.0,33175000.0,2073999.0,17510000.0,-1903000,15675000.0,-17578000.0,17187999.0,34697999,-17578000,0,0,0,0,0,1,0,0,1,0,0,0,0,0,0,0,0,0,0,0,0,0,0,0,0,0,0,0,0,0,0,0,0,0,0,0,0,0,0,0,0,0,0,0,0,0,285.5599975585937,2025-07-31,
49,49,ADBE,2025-08-31,USD,28754000000.0,9412000000,4982000000.0,4982000000.0,1478040500.0,2093000000.0,19342000000,2047000000.0,555000000.0,555000000.0,12862000000.0,958000000.0,1379000000.0,16984000000,9239000000.0,337000000.0,74000000.0,7745000000.0,436000000.0,6200000000.0,6636000000.0,2289000000.0,532000000.0,11770000000,43516000000.0,8000000.0,430000000,USD,5346000000,5988000000,642000000.0,642000000.0,2173000000,408000000.0,1088000000.0,3173000000,-67000000.0,0.0,67000000.0,208000000.0,2187000000,415000000.0,1772000000.0,2254000000.0,2462000000,1772000000,0,0,0,0,0,1,0,0,1,0,0,0,0,0,0,0,0,0,0,0,0,0,0,0,0,0,1,0,0,0,0,0,0,0,0,0,0,1,0,0,0,0,0,0,0,0,356.70001220703125,2025-08-29,
736,736,CTAS,2025-08-31,USD,9837690000.0,3375926000,138143000.0,138143000.0,449739000.0,1421047000.0,6461764000,2047000000.0,298025000.0,298025000.0,3410729000.0,0.0,1366997000.0,5081990000,1507819000.0,462315000.0,51691000.0,3574171000.0,249509000.0,2425757000.0,2675266000.0,914857000.0,0.0,4755700000,12107250000.0,2694077000.0,409294000,USD,1366561000,2718122000,1351561000.0,1351561000.0,617859000,748702000.0,0.0,748702000,-21952000.0,2209000.0,24161000.0,125937000.0,595907000,104767000.0,491140000.0,620068000.0,746005000,491140000,0,0,0,0,0,0,0,0,1,0,0,0,1,0,0,0,0,0,0,0,0,0,0,1,0,0,0,0,0,0,0,0,0,0,1,0,0,0,0,0,0,0,0,0,0,0,209.04623413085935,2025-08-29,
759,759,STZ,2025-08-31,USD,21419400000.0,2878900000,72000000.0,72000000.0,1439700000.0,946000000.0,18540500000,8608500000.0,2533400000.0,2533400000.0,5179300000.0,0.0,421200000.0,13633100000,2659400000.0,1023200000.0,756600000.0,10973700000.0,0.0,9788300000.0,10544900000.0,879600000.0,1185400000.0,7500400000,13225500000.0,2100000.0,175938000,USD,1310000000,2481000000,1171000000.0,1171000000.0,874000000,436000000.0,0.0,436000000,-86600000.0,2400000.0,89000000.0,102400000.0,782900000,296800000.0,486100000.0,870500000.0,972900000,466000000,0,0,0,0,0,0,0,0,0,0,0,0,1,0,0,0,0,0,0,1,0,0,0,0,0,0,0,0,0,0,0,0,0,0,1,0,0,0,0,0,0,0,0,0,0,0,159.639892578125,2025-08-29,
1241,1241,AAPL,2025-09-30,USD,359241000000.0,147957000000,35934000000.0,35934000000.0,5718000000.0,72957000000.0,211284000000,49834000000.0,986000000.0,986000000.0,4290000000.0,18763000000.0,14585000000.0,285508000000,165631000000.0,69860000000.0,22446000000.0,119877000000.0,0.0,78328000000.0,112377000000.0,64270000000.0,41549000000.0,73733000000,-14264000000.0,93568000000.0,15004697000,USD,48341000000,102466000000,54125000000.0,54125000000.0,32427000000,7048000000.0,8866000000.0,15914000000,0.0,0.0,58000000.0,3127000000.0,32804000000,5338000000.0,27466000000.0,32427000000.0,35554000000,27466000000,0,0,0,0,0,0,0,0,0,1,1,1,0,0,0,0,0,0,0,1,0,0,0,0,0,0,0,0,0,0,0,0,0,0,0,0,1,1,1,0,0,0,0,0,0,0,254.1455993652344,2025-09-30,
216,216,ADP,2025-09-30,USD,54320800000.0,44202500000,2478000000.0,2478000000.0,1478040500.0,3463600000.0,10118300000,2047000000.0,1598000000.0,1598000000.0,3275200000.0,5218700000.0,33042200000.0,47947000000,41932000000.0,129000000.0,5208000000.0,6015000000.0,341700000.0,3975600000.0,9525300000.0,36220400000.0,1041400000.0,6373800000,25622400000.0,63900000.0,406827000,USD,2339100000,5175200000,2836100000.0,2836100000.0,-122500000,1006300000.0,251200000.0,2461600000,-33900000.0,101500000.0,135400000.0,123300000.0,1307500000,294500000.0,1013000000.0,1442900000.0,1566200000,1013000000,0,0,0,0,0,1,0,0,1,0,0,0,0,0,0,0,0,0,0,0,0,0,0,0,0,0,0,0,0,0,0,0,0,0,0,0,0,0,0,0,0,0,0,0,0,0,291.6149597167969,2025-09-30,
644,644,AEP,2025-09-30,USD,110253500000.0,6860000000,1106800000.0,1106800000.0,1585700000.0,2833100000.0,103393500000,2047000000.0,986000000.0,986000000.0,52500000.0,225400000.0,1109000000.0,78713500000,9997600000.0,2806700000.0,3253100000.0,68715900000.0,594700000.0,44239000000.0,47890000000.0,3439300000.0,844600000.0,30389300000,15369300000.0,3486000000.0,537989000,USD,2827300000,6010400000,3183100000.0,3183100000.0,1521400000,368000000.0,0.0,1305900000,-508500000.0,0.0,508500000.0,879600000.0,1117900000,117600000.0,1000300000.0,1626400000.0,2506000000,972000000,0,0,0,0,0,0,0,0,1,1,1,0,0,0,0,0,0,0,0,0,0,0,0,0,0,0,0,0,0,0,0,0,0,1,1,0,0,1,0,0,0,0,0,0,0,0,110.74423217773438,2025-09-30,
620,620,ALGN,2025-09-30,USD,6233552000.0,2534094000,1004589000.0,1004589000.0,228161000.0,1140562000.0,3699458000,2047000000.0,98716000.0,98716000.0,491516000.0,16392000.0,160782000.0,2276094000,1966466000.0,125550000.0,33993000.0,309628000.0,121271000.0,0.0,121271000.0,401705000.0,111755000.0,3957458000,2416933000.0,7000.0,72419000,USD,639201000,995692000,356491000.0,356491000.0,96298000,417800000.0,93276000.0,542903000,3249000.0,3249000.0,1564000.0,55717000.0,94734000,37981000.0,56753000.0,96298000.0,152015000,56753000,0,0,0,0,0,0,0,0,1,0,0,0,0,0,0,0,0,0,0,0,1,0,0,0,0,0,0,0,0,0,0,0,0,0,0,0,0,0,0,0,0,0,0,0,0,0,125.22000122070312,2025-09-30,
596,596,AMD,2025-09-30,USD,76891000000.0,27000000000,4808000000.0,4808000000.0,7313000000.0,6513000000.0,49891000000,2205000000.0,17250000000.0,17250000000.0,25083000000.0,2435000000.0,5931000000.0,16101000000,11700000000.0,3483000000.0,873000000.0,4401000000.0,650000000.0,2347000000.0,3870000000.0,7344000000.0,1078000000.0,60790000000,5188000000.0,17000000.0,1641000000,USD,4780000000,9246000000,4466000000.0,4466000000.0,1270000000,1069000000.0,2139000000.0,3510000000,-37000000.0,37000000.0,37000000.0,754000000.0,1325000000,153000000.0,1172000000.0,1362000000.0,2116000000,1243000000,0,0,0,0,0,0,0,0,0,0,0,0,0,0,0,0,0,0,0,0,0,0,0,0,0,0,0,0,0,0,0,0,0,0,0,0,0,0,0,0,0,0,0,0,0,0,161.7899932861328,2025-09-30,
121,121,AMGN,2025-09-30,USD,90141000000.0,27885000000,9445000000.0,9445000000.0,6346000000.0,8490000000.0,62256000000,2047000000.0,23139000000.0,23139000000.0,18676000000.0,0.0,3604000000.0,80522000000,21791000000.0,2838000000.0,2153000000.0,58731000000.0,0.0,52434000000.0,54587000000.0,16800000000.0,2223000000.0,9619000000,-23800000000.0,33841000000.0,542000000,USD,6475000000,9557000000,3082000000.0,3082000000.0,2526000000,1720000000.0,1900000000.0,3949000000,-685000000.0,0.0,685000000.0,1307000000.0,3921000000,705000000.0,3216000000.0,4606000000.0,5913000000,3216000000,0,0,0,0,0,0,0,0,1,0,0,0,1,0,0,0,0,0,0,1,0,0,0,0,0,0,0,0,0,0,0,0,0,0,0,0,0,1,0,0,0,0,0,0,0,0,278.2733154296875,2025-09-30,
97,97,AMZN,2025-09-30,USD,727921000000.0,196866000000,66922000000.0,66922000000.0,41494000000.0,61175000000.0,531055000000,407891000000.0,986000000.0,986000000.0,23260000000.0,27275000000.0,302000000.0,358290000000,195196000000.0,106032000000.0,220000000.0,163094000000.0,84677000000.0,50742000000.0,135419000000.0,68051000000.0,27675000000.0,369631000000,229344000000.0,112000000.0,10845000000,USD,91499000000,180169000000,88670000000.0,88670000000.0,17422000000,2875000000.0,28962000000.0,74077000000,562000000.0,1100000000.0,538000000.0,16796000000.0,28097000000,6910000000.0,21187000000.0,28708000000.0,45504000000,21187000000,0,0,0,0,0,0,0,0,0,1,1,0,0,0,0,0,0,0,0,0,0,0,0,0,0,0,0,0,0,0,0,0,0,0,0,0,0,0,0,0,0,0,0,0,0,0,219.57000732421875,2025-09-30,
1217,1217,AZN,2025-09-30,USD,114456000000.0,29940000000,8143000000.0,8143000000.0,6593000000.0,14338000000.0,84516000000,13783000000.0,38191000000.0,38191000000.0,21219000000.0,39000000.0,827000000.0,68485000000,34054000000.0,25028000000.0,6582000000.0,34431000000.0,1758000000.0,24700000000.0,32661000000.0,2444000000.0,0.0,45888000000,8213000000.0,388000000.0,3122000000,USD,12390000000,15191000000,2801000000.0,2801000000.0,3583000000,5085000000.0,3663000000.0,8807000000,-349000000.0,85000000.0,434000000.0,1549000000.0,3244000000,709000000.0,2535000000.0,3678000000.0,5227000000,2533000000,0,0,0,0,0,0,0,0,0,0,0,0,0,0,0,0,0,0,0,0,0,0,0,1,0,0,0,0,0,0,0,0,0,0,0,0,0,0,0,0,0,0,0,0,0,0,151.85684204101562,2025-09-30,
1289,1289,BIDU,2025-09-30,CNY,444072000000.0,158294000000,38620000000.0,38620000000.0,1478040500.0,12522000000.0,285778000000,2047000000.0,23846000000.0,23846000000.0,37637000000.0,86195000000.0,20957000000.0,156473000000,83012000000.0,36662000000.0,30971000000.0,73461000000.0,7479000000.0,62113000000.0,97237000000.0,1653000000.0,2226000000.0,264528000000,3807700000.0,264528000000.0,339125000,CNY,12859000000,31174000000,18315000000.0,18315000000.0,-15091000000,6581000000.0,5179000000.0,27950000000,1299000000.0,1930000000.0,631000000.0,2283000000.0,-13145000000,-1828000000.0,-11317000000.0,1099000000.0,3382000000,-11232000000,0,0,0,0,0,1,0,0,1,0,0,0,0,0,0,0,0,0,0,0,0,0,0,0,0,1,0,0,0,0,0,0,0,0,0,0,0,0,0,0,0,0,0,0,0,0,131.77000427246094,2025-09-30,
1313,1313,BIIB,2025-09-30,USD,29207500000.0,8936600000,3862800000.0,3862800000.0,2209400000.0,1850000000.0,20270900000,2047000000.0,9331900000.0,9331900000.0,6490700000.0,97600000.0,916800000.0,11000000000,3290000000.0,413100000.0,0.0,7710000000.0,305000000.0,6285100000.0,6590100000.0,2773600000.0,597100000.0,18207500000,20601600000.0,100000.0,147100000,USD,1578200000,2454800000,876600000.0,876600000.0,613800000,594800000.0,369600000.0,964400000,-35800000.0,31600000.0,67400000.0,202200000.0,557300000,90800000.0,466500000.0,624700000.0,826900000,466500000,0,0,0,0,0,0,0,0,1,0,0,0,0,0,0,0,0,1,0,0,0,0,0,0,0,0,0,0,0,0,0,0,0,0,0,0,0,0,0,0,0,0,0,0,0,0,140.0800018310547,2025-09-30,
712,712,CDNS,2025-09-30,USD,9599271000.0,4287040000,2753246000.0,2753246000.0,286193000.0,755265000.0,5312231000,2047000000.0,672508000.0,672508000.0,2644910000.0,0.0,492336000.0,4400269000,1406557000.0,631273000.0,0.0,2993712000.0,0.0,2479142000.0,2479142000.0,1414000000.0,384510000.0,5199002000,6712620000.0,4605230000.0,273798000,USD,1275345000,1338838000,63493000.0,63493000.0,425390000,78035000.0,423031000.0,849955000,-4408000.0,24627000.0,29035000.0,54048000.0,392783000,105661000.0,287122000.0,421818000.0,475866000,287122000,0,0,0,0,0,0,0,0,1,0,0,0,1,0,0,0,0,1,0,1,0,0,1,0,0,0,0,0,0,0,0,0,0,0,0,0,0,0,0,0,0,0,0,0,0,0,351.260009765625,2025-09-30,
1337,1337,CHTR,2025-09-30,USD,152850000000.0,4867000000,464000000.0,464000000.0,1478040500.0,3598000000.0,147983000000,2047000000.0,68023000000.0,68023000000.0,29710000000.0,0.0,805000000.0,133262000000,12994000000.0,965000000.0,1287000000.0,120268000000.0,0.0,95778000000.0,95700000000.0,10301000000.0,4886000000.0,15340000000,-4095000000.0,8000000.0,136395000,USD,6323000000,13672000000,7349000000.0,7349000000.0,3250000000,151000000.0,0.0,3073000000,-1268000000.0,0.0,1268000000.0,2160000000.0,1734000000,418000000.0,1316000000.0,3002000000.0,5162000000,1137000000,0,0,0,0,0,1,0,0,1,0,0,0,1,0,0,0,0,0,0,1,0,0,0,0,0,0,1,0,0,0,0,0,0,0,1,0,0,1,0,0,0,0,0,0,0,0,275.1099853515625,2025-09-30,
1097,1097,DDOG,2025-09-30,USD,6052470000.0,4838105000,540602000.0,540602000.0,1478040500.0,549648000.0,1214365000,2047000000.0,16810000.0,16810000.0,530043000.0,3599737000.0,148118000.0,2613352000,1320694000.0,135243000.0,35989000.0,1292658000.0,296915000.0,982402000.0,1279317000.0,127664000.0,20302000.0,3439118000,91222000.0,3000.0,362001000,USD,709194000,885651000,176457000.0,176457000.0,-5809000,74292000.0,401982000.0,715003000,43194000.0,45615000.0,14497000.0,33325000.0,35667000,1782000.0,33885000.0,50164000.0,83489000,33885000,0,0,0,0,0,1,0,0,1,0,0,0,0,0,0,0,0,0,0,0,0,0,0,0,0,0,0,0,0,0,0,0,0,0,0,0,0,0,0,0,0,0,0,0,0,0,142.39999389648438,2025-09-30,
240,240,FISV,2025-09-30,USD,79370000000.0,24157000000,1068000000.0,1068000000.0,1478040500.0,4235000000.0,55213000000,2047000000.0,4892000000.0,4892000000.0,37449000000.0,0.0,18854000000.0,54226000000,22375000000.0,717000000.0,1443000000.0,31851000000.0,2167000000.0,27276000000.0,30319000000.0,19342000000.0,893000000.0,25121000000,26244000000.0,8000000.0,541800000,USD,3098000000,5263000000,2165000000.0,2165000000.0,1436000000,1762000000.0,0.0,1662000000,-422000000.0,10000000.0,422000000.0,541000000.0,972000000,173000000.0,799000000.0,1394000000.0,1935000000,792000000,0,0,0,0,0,1,0,0,1,0,0,0,1,0,0,0,0,0,0,0,0,0,0,0,0,0,0,0,0,0,0,0,0,0,1,0,0,0,0,0,0,0,0,0,0,0,128.92999267578125,2025-09-30,
806,806,FTNT,2025-09-30,USD,9361300000.0,4913500000,1995700000.0,1995700000.0,426600000.0,1168300000.0,4447800000,2047000000.0,110200000.0,110200000.0,258300000.0,1127700000.0,195200000.0,8626200000,4786100000.0,221300000.0,499400000.0,3840100000.0,0.0,496500000.0,995900000.0,604900000.0,153700000.0,735100000,-958500000.0,700000.0,770200000,USD,1406300000,1724900000,318600000.0,318600000.0,545900000,61400000.0,202400000.0,860400000,34500000.0,40700000.0,6200000.0,38400000.0,594600000,120700000.0,473900000.0,600800000.0,639200000,473900000,0,0,0,0,0,0,0,0,1,0,0,0,0,0,0,0,0,0,0,1,0,0,0,0,0,0,0,0,0,0,0,0,0,0,0,0,0,0,0,0,0,0,0,0,0,0,84.08000183105469,2025-09-30,
264,264,GILD,2025-09-30,USD,58533000000.0,17874000000,7330000000.0,7330000000.0,1785000000.0,5095000000.0,40659000000,2047000000.0,17969000000.0,17969000000.0,8314000000.0,19000000.0,3645000000.0,37077000000,12297000000.0,808000000.0,2806000000.0,24780000000.0,0.0,22135000000.0,24941000000.0,8683000000.0,1182000000.0,21540000000,12825000000.0,1000000.0,1254000000,USD,6200000000,7769000000,1569000000.0,1569000000.0,3327000000,528000000.0,1346000000.0,2873000000,-168000000.0,88000000.0,256000000.0,686000000.0,3641000000,589000000.0,3052000000.0,3897000000.0,4583000000,3052000000,0,0,0,0,0,0,0,0,1,0,0,0,0,0,0,0,0,0,0,1,0,0,0,0,0,0,0,0,0,0,0,0,0,0,0,0,0,0,0,0,0,0,0,0,0,0,110.27167510986328,2025-09-30,
73,73,GOOGL,2025-09-30,USD,536469000000.0,173947000000,23090000000.0,23090000000.0,1478040500.0,57148000000.0,362522000000,238311000000.0,986000000.0,986000000.0,33269000000.0,75406000000.0,18303000000.0,149602000000,99550000000.0,10546000000.0,0.0,50052000000.0,12106000000.0,21607000000.0,33713000000.0,73390000000.0,6267000000.0,386867000000,297226000000.0,91695000000.0,12203000000,USD,60977000000,102346000000,41369000000.0,41369000000.0,31228000000,7393000000.0,15151000000.0,29749000000,933000000.0,1076000000.0,143000000.0,5611000000.0,43987000000,9008000000.0,34979000000.0,44130000000.0,49741000000,34979000000,0,0,0,0,0,1,0,0,0,1,1,0,0,0,0,0,0,0,0,0,0,0,0,0,0,0,0,0,0,0,0,0,0,0,0,0,0,0,0,0,0,0,0,0,0,0,242.94110107421875,2025-09-30,
830,830,IDXX,2025-09-30,USD,3386712000.0,1407045000,208166000.0,208166000.0,391564000.0,714966000.0,1979667000,2047000000.0,114790000.0,114790000.0,413651000.0,0.0,92349000.0,1825526000,1251811000.0,122265000.0,631644000.0,573715000.0,133141000.0,374825000.0,1112963000.0,462209000.0,0.0,1561186000,6143714000.0,10830000.0,80675000,USD,683354000,1105239000,421885000.0,421885000.0,354846000,105936000.0,63415000.0,328508000,-10075000.0,580000.0,10655000.0,36627000.0,344771000,70161000.0,274610000.0,355426000.0,392053000,274610000,0,0,0,0,0,0,0,0,1,0,0,0,1,0,0,0,0,0,0,0,0,0,0,1,0,0,0,0,0,0,0,0,0,0,0,0,0,0,0,0,0,0,0,0,0,0,638.8900146484375,2025-09-30,
1,1,INTC,2025-09-30,USD,204514000000.0,51731000000,11141000000.0,11141000000.0,11489000000.0,3202000000.0,152783000000,105047000000.0,2877000000.0,2877000000.0,23912000000.0,19794000000.0,17594000000.0,87784000000,32297000000.0,10268000000.0,2496000000.0,55487000000.0,0.0,44057000000.0,46553000000.0,18708000000.0,11430000000.0,106376000000,49602000000.0,56755000000.0,4531000000,USD,5218000000,13653000000,8435000000.0,8435000000.0,683000000,1129000000.0,3231000000.0,4535000000,-189000000.0,228000000.0,282000000.0,2992000000.0,4574000000,304000000.0,4270000000.0,4856000000.0,7848000000,4063000000,0,0,0,0,0,0,0,0,0,0,0,0,0,0,0,0,0,0,0,1,0,0,0,0,0,0,0,0,0,0,0,0,0,0,0,0,0,0,0,0,0,0,0,0,0,0,33.54999923706055,2025-09-30,
311,311,ISRG,2025-09-30,USD,19351800000.0,8525299999,2806600000.0,2806600000.0,1781900000.0,1383900000.0,10826500000,2047000000.0,14500000.0,14500000.0,348100000.0,2102199999.0,450699999.0,2309700000,1803200000.0,291200000.0,0.0,506500000.0,0.0,0.0,6120000000.0,1020900000.0,195900000.0,16929700000,6424000000.0,400000.0,361800000,USD,1662400000,2505100000,842700000.0,842700000.0,759700000,573300000.0,329400000.0,902700000,95500000.0,95500000.0,58000000.0,160000000.0,855200000,146000000.0,709200000.0,759700000.0,919700000,704400000,0,0,0,0,0,0,0,0,1,0,0,0,0,0,0,0,0,1,0,1,1,1,0,0,0,0,0,0,0,0,0,0,0,0,0,0,0,0,1,0,0,0,0,0,0,0,447.2300109863281,2025-09-30,
334,334,JD,2025-09-30,CNY,713529000000.0,379264000000,113069000000.0,113069000000.0,100999000000.0,41491000000.0,334265000000,2047000000.0,44878000000.0,44878000000.0,27594000000.0,85203000000.0,38502000000.0,409109000000,316549000000.0,190052000000.0,29506000000.0,92560000000.0,31518000000.0,59962000000.0,112089000000.0,89461000000.0,907000000.0,231933000000,3807700000.0,231933000000.0,1484000000,CNY,28472000000,299059000000,270587000000.0,270587000000.0,-1051000000,2990000000.0,5646000000.0,29523000000,-730000000.0,0.0,730000000.0,2255000000.0,6633000000,252000000.0,6381000000.0,6633000000.0,8888000000,5276000000,0,0,0,0,0,0,0,0,1,0,0,0,0,0,0,0,0,0,0,0,0,0,0,0,0,1,0,0,0,0,0,0,0,0,0,0,0,1,0,0,0,0,0,0,0,0,34.97999954223633,2025-09-30,
358,358,KHC,2025-09-30,USD,81695000000.0,9988000000,2114000000.0,2114000000.0,3530000000.0,2255000000.0,71707000000,2047000000.0,37545000000.0,37545000000.0,22167000000.0,1020000000.0,1069000000.0,40116000000,8863000000.0,4582000000.0,1905000000.0,31253000000.0,0.0,19287000000.0,21192000000.0,1045000000.0,1396000000.0,41450000000,-5280000000.0,12000000.0,1186000000,USD,1990000000,6237000000,4247000000.0,4247000000.0,1025000000,930000000.0,0.0,965000000,-206000000.0,34000000.0,240000000.0,245000000.0,807000000,194000000.0,613000000.0,1047000000.0,1292000000,615000000,0,0,0,0,0,0,0,0,1,0,0,0,0,0,0,0,0,0,0,1,0,0,0,0,0,0,0,0,0,0,0,0,0,0,1,0,0,0,0,0,0,0,0,0,0,0,25.63312530517578,2025-09-30,
854,854,KLAC,2025-09-30,USD,16317974000.0,10901160000,1946211000.0,1946211000.0,3297368000.0,2464594000.0,5416814000,2047000000.0,397366000.0,397366000.0,1791022000.0,2737380000.0,455607000.0,11332903000,4049970000.0,429836000.0,46763000.0,7282933000.0,202926000.0,5885193000.0,6088119000.0,1639229000.0,171454000.0,4985071000,2495279000.0,2489121000.0,132381000,USD,1966626000,3209696000,1243070000.0,1243070000.0,1337177000,268988000.0,360461000.0,629449000,-71075000.0,0.0,71075000.0,97016000.0,1309476000,188436000.0,1121040000.0,1380551000.0,1477567000,1121040000,0,0,0,0,0,0,0,0,1,0,0,0,0,0,0,0,0,0,0,0,0,0,0,0,0,0,0,0,0,0,0,0,0,0,0,0,0,1,0,0,0,0,0,0,0,0,1075.39599609375,2025-09-30,
1193,1193,LCID,2025-09-30,USD,8823038000.0,3800110000,1635120000.0,1635120000.0,981062000.0,137642000.0,5022928000,2047000000.0,986000000.0,986000000.0,4290000000.0,701906000.0,344380000.0,7022660000,2104984000.0,393029000.0,450564000.0,4917676000.0,459851000.0,2040363000.0,2813531000.0,1234281000.0,351373000.0,1800378000,-14796725000.0,32000.0,312166297,USD,-333617000,336580000,670197000.0,670197000.0,-942019000,283097000.0,325305000.0,608402000,9072000.0,34643000.0,10829000.0,120090000.0,-978791000,-363000.0,-978428000.0,-967962000.0,-847872000,-978428000,0,0,0,0,0,0,0,0,1,1,1,1,0,0,0,0,0,0,0,0,0,0,0,0,0,0,0,0,0,0,0,0,0,0,0,0,0,0,0,0,0,0,0,0,0,0,23.790000915527344,2025-09-30,
1169,1169,META,2025-09-30,USD,303844000000.0,73118000000,10187000000.0,10187000000.0,1478040500.0,17297000000.0,230726000000,2047000000.0,986000000.0,986000000.0,21158000000.0,34261000000.0,11373000000.0,109778000000,36958000000.0,7798000000.0,2113000000.0,72820000000.0,22226000000.0,28834000000.0,51060000000.0,15309000000.0,12135000000.0,194066000000,101577000000.0,8000000.0,2572000000,USD,42036000000,51242000000,9206000000.0,9206000000.0,20535000000,3512000000.0,15144000000.0,21501000000,1086000000.0,359000000.0,227000000.0,4963000000.0,21663000000,18954000000.0,2709000000.0,21890000000.0,26853000000,2709000000,0,0,0,0,0,1,0,0,1,1,1,0,0,0,0,0,0,0,0,0,0,0,0,0,0,0,1,0,0,0,0,0,0,0,0,0,0,0,0,0,0,0,0,0,0,0,733.7815551757812,2025-09-30,
925,925,MRNA,2025-09-30,USD,12135000000.0,6598000000,1132000000.0,1132000000.0,332000000.0,1394000000.0,5537000000,2047000000.0,47000000.0,47000000.0,52000000.0,3372000000.0,367000000.0,2805000000,1681000000.0,267000000.0,48000000.0,1124000000.0,734000000.0,0.0,1394000000.0,1203000000.0,42000000.0,9330000000,8049000000.0,8000000.0,390000000,USD,8000000,1016000000,1008000000.0,1008000000.0,-260000000,268000000.0,801000000.0,268000000,73000000.0,73000000.0,0.0,52000000.0,-187000000,13000000.0,-200000000.0,-187000000.0,-135000000,-200000000,0,0,0,0,0,0,0,0,1,0,0,0,0,0,0,0,0,0,0,0,1,0,0,0,0,0,1,0,0,0,0,0,0,0,0,0,0,0,0,0,0,0,0,0,0,0,25.82999992370605,2025-09-30,
25,25,MSFT,2025-09-30,USD,636351000000.0,189066000000,28849000000.0,28849000000.0,1130000000.0,52894000000.0,447285000000,255652000000.0,21236000000.0,21236000000.0,119497000000.0,73156000000.0,33037000000.0,273275000000,134996000000.0,32580000000.0,7832000000.0,138279000000.0,17348000000.0,35376000000.0,60556000000.0,31942000000.0,53588000000.0,363076000000,254873000000.0,110964000000.0,7466000000,USD,53630000000,77673000000,24043000000.0,24043000000.0,37961000000,1806000000.0,8146000000.0,15669000000,278000000.0,976000000.0,698000000.0,13061000000.0,34301000000,6554000000.0,27747000000.0,34999000000.0,48060000000,27747000000,0,0,0,0,0,0,0,0,0,0,0,0,0,0,0,0,0,0,0,0,0,0,0,0,0,0,0,0,0,0,0,0,0,0,0,0,0,0,0,0,0,0,0,0,0,0,515.8051147460938,2025-09-30,
901,901,MTCH,2025-09-30,USD,4543439000.0,1527769000,1053240000.0,1053240000.0,1478040500.0,344444000.0,3015670000,2047000000.0,198341000.0,198341000.0,2343305000.0,3561000.0,126524000.0,4767375000,1083904000.0,26252000.0,497588000.0,3683471000.0,0.0,3547718000.0,4045306000.0,368754000.0,91849000.0,-223936000,-6175956000.0,299000.0,260324000,USD,667232000,914275000,247043000.0,247043000.0,221334000,148021000.0,104969000.0,445898000,-31505000.0,5519000.0,37024000.0,23766000.0,193638000,32881999.0,160756000.0,230662000.0,254428000,160749000,0,0,0,0,0,1,0,0,1,0,0,0,0,0,0,0,0,0,0,1,0,0,0,0,0,0,0,0,0,0,0,0,0,0,0,0,0,0,0,0,0,0,0,0,0,0,34.921329498291016,2025-09-30,
405,405,NXPI,2025-09-30,USD,26354000000.0,8509000000,3454000000.0,3454000000.0,2452000000.0,1095000000.0,17845000000,2047000000.0,1139000000.0,1139000000.0,10121000000.0,500000000.0,1008000000.0,15927000000,3583000000.0,886000000.0,1264000000.0,12344000000.0,0.0,10971000000.0,12235000000.0,1433000000.0,1373000000.0,10045000000,-1063000000.0,56000000.0,254310000,USD,1787000000,3173000000,1386000000.0,1386000000.0,893000000,286000000.0,575000000.0,892000000,-98000000.0,37000000.0,135000000.0,201000000.0,795000000,148000000.0,646000000.0,930000000.0,1131000000,631000000,0,0,0,0,0,0,0,0,1,0,0,0,0,0,0,0,0,0,0,1,0,0,0,0,0,0,0,0,0,0,0,0,0,0,0,0,0,0,0,0,0,0,0,0,0,0,226.7174224853516,2025-09-30,
971,971,PDD,2025-09-30,CNY,613724318000.0,516359817000,92386547000.0,92386547000.0,1478040500.0,15147251000.0,97364501000,2047000000.0,16343000.0,16343000.0,4290000000.0,331382740000.0,77443279000.0,222321342000,219218182000.0,100578026000.0,7634015000.0,3103160000.0,5425275000.0,0.0,10673639000.0,107674520000.0,0.0,391402976000,262244881000.0,181000.0,1488449000,CNY,61436353000,108276512000,46840159000.0,46840159000.0,25025924000,1755309000.0,4332173000.0,36410429000,8565241000.0,8565241000.0,58000000.0,151000000.0,33314870000,3986686000.0,29328184000.0,645100000.0,25025924000,29328184000,0,0,0,0,0,1,0,0,1,0,0,1,0,0,0,0,0,0,0,0,1,0,0,1,0,0,0,0,0,0,0,0,0,0,0,0,0,0,1,1,0,0,0,1,0,0,132.1699981689453,2025-09-30,
429,429,PYPL,2025-09-30,USD,79801000000.0,60176000000,8995000000.0,8995000000.0,1478040500.0,47441000000.0,19625000000,2047000000.0,226000000.0,226000000.0,10941000000.0,1760000000.0,1980000000.0,59603000000,44924000000.0,40876000000.0,0.0,14679000000.0,0.0,11276000000.0,11276000000.0,4048000000.0,3403000000.0,20198000000,31163000000.0,8000000.0,978000000,USD,3871000000,8417000000,4546000000.0,4546000000.0,1520000000,513000000.0,801000000.0,2351000000,6000000.0,119000000.0,217000000.0,245000000.0,1533000000,285000000.0,1248000000.0,1589000000.0,1834000000,1248000000,0,0,0,0,0,1,0,0,1,0,0,0,0,0,0,0,0,1,0,1,0,0,0,0,0,0,1,0,0,0,0,0,0,0,0,0,0,0,0,0,0,0,0,0,0,0,66.70337677001953,2025-09-30,
453,453,QCOM,2025-09-30,USD,50143000000.0,25754000000,7843000000.0,7843000000.0,8026000000.0,4315000000.0,24389000000,2047000000.0,1148000000.0,1148000000.0,11358000000.0,4635000000.0,935000000.0,28937000000,9144000000.0,2791000000.0,102000000.0,19793000000.0,0.0,14811000000.0,16373000000.0,5893000000.0,4911000000.0,21206000000,20646000000.0,8000000.0,1105000000,USD,6237000000,11271000000,5034000000.0,5034000000.0,2918000000,910000000.0,2370000000.0,3319000000,-27000000.0,144000000.0,170000000.0,371000000.0,2971000000,6088000000.0,-3117000000.0,3141000000.0,3512000000,-3117000000,0,0,0,0,0,0,0,0,1,0,0,0,0,0,0,0,0,0,0,1,0,0,0,0,0,0,1,0,0,0,0,0,0,0,0,0,0,0,0,0,0,0,0,0,0,0,165.5142822265625,2025-09-30,
477,477,REGN,2025-09-30,USD,40169400000.0,17980700000,2506400000.0,2506400000.0,3254400000.0,5687100000.0,22188700000,2047000000.0,1380900000.0,1380900000.0,4290000000.0,5937200000.0,595600000.0,9211600000,4425100000.0,903800000.0,0.0,4786500000.0,720000000.0,1985500000.0,2705500000.0,2975700000.0,1861800000.0,30957800000,35045800000.0,100000.0,107200000,USD,3232700000,3754300000,521600000.0,521600000.0,1026800000,657800000.0,1558100000.0,2205900000,155800000.0,175100000.0,19300000.0,136700000.0,1763300000,303300000.0,1460000000.0,1782600000.0,1919300000,1460000000,0,0,0,0,0,0,0,0,1,0,0,1,0,0,0,0,0,1,0,0,0,0,0,0,0,0,0,0,0,0,0,0,0,0,0,0,0,0,0,0,0,0,0,0,0,0,560.8912353515625,2025-09-30,
572,572,SBUX,2025-09-30,USD,32019700000.0,7382300000,3219800000.0,3219800000.0,2185600000.0,1277500000.0,24637400000,2047000000.0,166800000.0,166800000.0,3368900000.0,247200000.0,452200000.0,40108900000,10210400000.0,1852800000.0,3063400000.0,29898500000.0,10536700000.0,14575900000.0,26611500000.0,3453600000.0,577800000.0,-8096600000,-8272500000.0,1100000.0,1140900000,USD,2211600000,9569000000,7357400000.0,7357400000.0,948000000,642000000.0,0.0,1263600000,-114300000.0,31500000.0,145800000.0,430800000.0,833700000,700600000.0,133200000.0,979500000.0,1410300000,133100000,0,0,0,0,0,0,0,0,1,0,0,0,0,0,0,0,0,0,0,0,0,0,0,0,0,0,0,0,0,0,0,0,0,0,1,0,0,0,0,0,0,0,0,0,0,0,83.45500183105469,2025-09-30,
524,524,SIRI,2025-09-30,USD,27401000000.0,1084000000,79000000.0,79000000.0,1478040500.0,703000000.0,26317000000,2047000000.0,1486000000.0,1486000000.0,12390000000.0,0.0,302000000.0,15845000000,3461000000.0,1175000000.0,1058000000.0,12384000000.0,0.0,9019000000.0,10077000000.0,223000000.0,1001000000.0,11556000000,11606000000.0,8000000.0,356000000,USD,1010000000,2159000000,1149000000.0,1149000000.0,493000000,119000000.0,62000000.0,517000000,-115000000.0,0.0,115000000.0,152000000.0,388000000,91000000.0,297000000.0,503000000.0,655000000,297000000,0,0,0,0,0,1,0,0,1,0,0,0,1,0,0,0,0,0,0,1,0,0,0,0,0,0,1,0,0,0,0,0,0,0,0,0,0,1,0,0,0,0,0,0,0,0,22.70116424560547,2025-09-30,
548,548,SWKS,2025-09-30,USD,7917000000.0,3077000000,1161300000.0,1161300000.0,754700000.0,598100000.0,4840000000,2047000000.0,809000000.0,809000000.0,2176700000.0,212900000.0,350000000.0,2159900000,1323200000.0,236000000.0,536200000.0,836700000.0,207300000.0,496400000.0,1203100000.0,479700000.0,84100000.0,5757100000,5656900000.0,37200000.0,155100000,USD,447500000,1100200000,652700000.0,652700000.0,111000000,111600000.0,223100000.0,336500000,-6900000.0,0.0,6900000.0,116900000.0,122000000,-19400000.0,141400000.0,128900000.0,245800000,141400000,0,0,0,0,0,0,0,0,1,0,0,0,0,0,0,0,0,0,0,0,0,0,0,0,0,0,0,0,0,0,0,0,0,0,0,0,0,1,0,0,0,0,0,0,0,0,75.21063995361328,2025-09-30,
145,145,ADI,2025-10-31,USD,47992712000.0,7108061000,2499406000.0,2499406000.0,1656323000.0,1436075000.0,40884651000,2047000000.0,8013815000.0,8013815000.0,26945180000.0,1152915000.0,363342000.0,14176957000,3245801000.0,543760000.0,519544000.0,10931156000.0,72905000.0,8145066000.0,8664610000.0,1572127000.0,521846000.0,33815755000,10539541000.0,81611000.0,493242000,USD,1941817000,3076117000,1134300000.0,1134300000.0,945211000,342168000.0,467021000.0,996606000,-55186000.0,32971000.0,88157000.0,495343000.0,887199000,99461000.0,787738000.0,975356000.0,1470699000,787738000,0,0,0,0,0,0,0,0,1,0,0,0,0,0,0,0,0,0,0,0,0,0,0,0,0,0,0,0,0,0,0,0,0,0,0,0,0,0,0,0,0,0,0,0,0,0,232.5777587890625,2025-10-31,
192,192,ADSK,2025-10-31,USD,11198000000.0,3895000000,1989000000.0,1989000000.0,1478040500.0,806000000.0,7303000000,2047000000.0,493000000.0,493000000.0,4278000000.0,300000000.0,800000000.0,8305000000,4735000000.0,384000000.0,57000000.0,3570000000.0,252000000.0,2482000000.0,2734000000.0,619000000.0,381000000.0,2893000000,-1432000000.0,4588000000.0,215000000,USD,1713000000,1853000000,140000000.0,140000000.0,475000000,172000000.0,416000000.0,1238000000,11000000.0,9000000.0,2000000.0,151000000.0,468000000,125000000.0,343000000.0,645100000.0,470000000,343000000,0,0,0,0,0,1,0,0,1,0,0,0,0,0,0,0,0,0,0,0,0,0,0,0,0,0,0,0,0,0,0,0,0,0,0,0,0,0,0,1,0,0,0,1,0,0,301.3399963378906,2025-10-31,
169,169,AMAT,2025-10-31,USD,36299000000.0,20881000000,7241000000.0,7241000000.0,5915000000.0,5333000000.0,15418000000,2047000000.0,226000000.0,226000000.0,3707000000.0,1332000000.0,1060000000.0,15884000000,7999000000.0,1978000000.0,191000000.0,7885000000.0,495000000.0,6455000000.0,7050000000.0,2908000000.0,519000000.0,20415000000,55227000000.0,8000000.0,798000000,USD,3265000000,6800000000,3535000000.0,3535000000.0,1712000000,243000000.0,917000000.0,1553000000,555000000.0,626000000.0,71000000.0,110000000.0,2267000000,370000000.0,1897000000.0,2338000000.0,2448000000,1897000000,0,0,0,0,0,0,0,0,1,0,0,0,0,0,0,0,0,0,0,0,0,0,0,0,0,0,0,0,0,0,0,0,0,0,0,0,0,0,0,0,0,0,0,0,0,0,232.35418701171875,2025-10-31,
688,688,AVGO,2025-10-31,USD,171092000000.0,31573000000,16178000000.0,16178000000.0,2270000000.0,7145000000.0,139519000000,2047000000.0,32273000000.0,32273000000.0,97801000000.0,0.0,5980000000.0,89800000000,18514000000.0,1560000000.0,3152000000.0,71286000000.0,0.0,61984000000.0,65136000000.0,3412000000.0,1423000000.0,81292000000,9761000000.0,5000000.0,4889000000,USD,12249000000,18015000000,5766000000.0,5766000000.0,7508000000,1107000000.0,2981000000.0,4741000000,-414000000.0,0.0,761000000.0,2233000000.0,6869000000,-1649000000.0,8518000000.0,7630000000.0,9863000000,8518000000,0,0,0,0,0,0,0,0,1,0,0,0,1,0,0,0,0,0,0,0,0,0,0,0,0,0,0,0,0,0,0,0,0,0,0,0,0,1,0,0,0,0,0,0,0,0,368.9241027832031,2025-10-31,
782,782,CPRT,2025-10-31,USD,10581014000.0,6202134000,5233590000.0,5233590000.0,40408000.0,760261000.0,4378880000,2047000000.0,59615000.0,59615000.0,518756000.0,9861000.0,158014000.0,961903000,781196000.0,607386000.0,17870000.0,180707000.0,99936000.0,0.0,99936000.0,549171000.0,0.0,9600157000,8495452999.0,97000.0,977100000,USD,536998000,1155030000,618032000.0,618032000.0,430694000,92268000.0,0.0,106304000,53505000.0,53505000.0,58000000.0,47390000.0,487123000,84913000.0,402210000.0,430694000.0,478084000,403714000,0,0,0,0,0,0,0,0,1,0,0,0,0,0,0,0,0,0,0,0,1,0,0,1,0,0,0,0,0,0,0,0,0,0,1,0,0,0,1,0,0,0,0,0,0,0,43.0099983215332,2025-10-31,
1073,1073,CRWD,2025-10-31,USD,9965347000.0,6519282000,4801083000.0,4801083000.0,1478040500.0,1013116000.0,3446065000,2047000000.0,144405000.0,144405000.0,1352927000.0,0.0,705083000.0,5906330000,3599895000.0,131596000.0,15929000.0,2306435000.0,72947000.0,745099000.0,818046000.0,600882000.0,292556000.0,4016497000,-1299986000.0,126000.0,251326000,USD,932999000,1234244000,301245000.0,301245000.0,-37627000,136641000.0,345153000.0,970626000,43952000.0,50883000.0,6931000.0,151000000.0,-23268000,10720000.0,-33988000.0,645100000.0,-16336999,-33997000,0,0,0,0,0,1,0,0,1,0,0,0,1,0,0,0,0,0,0,0,0,0,0,0,0,0,0,0,0,0,0,0,0,0,0,0,0,0,0,1,0,0,0,1,0,0,543.010009765625,2025-10-31,
1265,1265,CSCO,2025-10-31,USD,121102000000.0,32876000000,8400000000.0,8400000000.0,3395000000.0,7912000000.0,88226000000,3551000000.0,8713000000.0,8713000000.0,59119000000.0,7336000000.0,5833000000.0,74229000000,35451000000.0,2418000000.0,6725000000.0,38778000000.0,0.0,21364000000.0,28089000000.0,10507000000.0,3074000000.0,46873000000,-364000000.0,48167000000.0,3993000000,USD,9745000000,14883000000,5138000000.0,5138000000.0,3363000000,733000000.0,2400000000.0,6382000000,-128000000.0,222000000.0,350000000.0,606000000.0,3391000000,531000000.0,2860000000.0,3741000000.0,4347000000,2860000000,0,0,0,0,0,0,0,0,0,0,0,0,0,0,0,0,0,0,0,1,0,0,0,0,0,0,0,0,0,0,0,0,0,0,0,0,0,0,0,0,0,0,0,0,0,0,72.72086334228516,2025-10-31,
287,287,INTU,2025-10-31,USD,33191000000.0,10421000000,3506000000.0,3506000000.0,1478040500.0,2129000000.0,22770000000,2047000000.0,5136000000.0,5136000000.0,13980000000.0,190000000.0,4596000000.0,13869000000,7519000000.0,670000000.0,749000000.0,6350000000.0,721000000.0,5391000000.0,6783000000.0,5055000000.0,68000000.0,19322000000,19771000000.0,21996000000.0,281000000,USD,3061000000,3885000000,824000000.0,824000000.0,534000000,422000000.0,843000000.0,2527000000,-20000000.0,38000000.0,58000000.0,209000000.0,561000000,115000000.0,446000000.0,534000000.0,743000000,446000000,0,0,0,0,0,1,0,0,1,0,0,0,0,0,0,0,0,0,0,0,0,0,0,0,0,0,0,0,0,0,0,0,0,0,0,0,0,0,0,0,0,0,0,0,0,0,666.32275390625,2025-10-31,
877,877,MRVL,2025-10-31,USD,21579000000.0,5512500000,2028400000.0,2028400000.0,1014500000.0,1546300000.0,16066500000,2047000000.0,2294900000.0,2294900000.0,11062200000.0,686100000.0,237200000.0,7522400000,2736700000.0,633700000.0,631000000.0,4785700000.0,308600000.0,3969400000.0,5031600000.0,789300000.0,409600000.0,14056600000,1010500000.0,1700000.0,869900000,USD,1069800000,2074500000,1004700000.0,1004700000.0,357800000,189900000.0,512500000.0,712000000,1857600000.0,1908800000.0,51200000.0,315900000.0,2215400000,314100000.0,1901300000.0,2266600000.0,2582500000,1901300000,0,0,0,0,0,0,0,0,1,0,0,0,0,0,0,0,0,0,0,0,0,0,0,0,0,0,0,0,0,0,0,0,0,0,0,0,0,0,0,0,0,0,0,0,0,0,93.67259979248048,2025-10-31,
381,381,NVDA,2025-10-31,USD,161148000000.0,116492000000,11486000000.0,11486000000.0,19784000000.0,33391000000.0,44656000000,2047000000.0,936000000.0,936000000.0,6261000000.0,49122000000.0,2709000000.0,42251000000,26075000000.0,8624000000.0,1340000000.0,16176000000.0,2014000000.0,7468000000.0,10822000000.0,14863000000.0,376000000.0,118897000000,107908000000.0,24000000.0,24483000000,USD,41849000000,57006000000,15157000000.0,15157000000.0,36010000000,1134000000.0,4705000000.0,5839000000,563000000.0,624000000.0,61000000.0,751000000.0,37936000000,6026000000.0,31910000000.0,37997000000.0,38748000000,31910000000,0,0,0,0,0,0,0,0,1,0,0,0,0,0,0,0,0,0,0,0,0,0,0,0,0,0,0,0,0,0,0,0,0,0,0,0,0,0,0,0,0,0,0,0,0,0,202.47872924804688,2025-10-31,
948,948,OKTA,2025-10-31,USD,9229000000.0,3046000000,645000000.0,645000000.0,1478040500.0,463000000.0,6183000000,2047000000.0,106000000.0,106000000.0,5487000000.0,1818000000.0,120000000.0,2336000000,2184000000.0,13000000.0,350000000.0,152000000.0,73000000.0,0.0,423000000.0,264000000.0,50000000.0,6893000000,-2630000000.0,8000000.0,179393000,USD,572000000,742000000,170000000.0,170000000.0,23000000,118000000.0,160000000.0,549000000,27000000.0,28000000.0,1000000.0,24000000.0,50000000,7000000.0,43000000.0,51000000.0,75000000,43000000,0,0,0,0,0,1,0,0,1,0,0,0,0,0,0,0,0,0,0,0,1,0,0,0,0,0,1,0,0,0,0,0,0,0,0,0,0,0,0,0,0,0,0,0,0,0,91.52999877929688,2025-10-31,
1121,1121,PANW,2025-10-31,USD,23536000000.0,6895000000,3075000000.0,3075000000.0,1478040500.0,2080000000.0,16641000000,2047000000.0,723000000.0,723000000.0,4567000000.0,1144000000.0,596000000.0,14871000000,7418000000.0,223000000.0,0.0,7453000000.0,346000000.0,0.0,692000000.0,1063000000.0,913000000.0,8665000000,2818000000.0,5780000000.0,709000000,USD,1836000000,2474000000,638000000.0,638000000.0,309000000,179000000.0,528000000.0,1527000000,105000000.0,105000000.0,0.0,89000000.0,412000000,78000000.0,334000000.0,412000000.0,501000000,334000000,0,0,0,0,0,1,0,0,1,0,0,0,0,0,0,0,0,1,0,0,1,0,0,0,0,0,0,0,0,0,0,0,0,0,0,0,0,0,0,0,0,0,0,0,0,0,220.2400054931641,2025-10-31,
500,500,ROST,2025-10-31,USD,15414966000.0,7629652000,4061173000.0,4061173000.0,3128971000.0,203891000.0,7785314000,2047000000.0,986000000.0,986000000.0,4290000000.0,0.0,235617000.0,9530964000,5019786000.0,2645234000.0,1222944000.0,4511178000.0,3671617000.0,1017540000.0,5188589000.0,1128528000.0,295257000.0,5884002000,4467833000.0,3237000.0,325054000,USD,1568500000,5600946000,4032446000.0,4032446000.0,648498000,920002000.0,0.0,920002000,33900000.0,42871000.0,12459000.0,408050000.0,682398000,170463000.0,511935000.0,569284000.0,977334000,511935000,0,0,0,0,0,0,0,0,1,1,1,1,1,0,0,0,0,0,0,0,0,0,0,0,0,0,0,0,0,0,0,0,0,0,1,0,0,0,0,0,0,0,0,0,0,0,158.5587921142578,2025-10-31,
1026,1026,WDAY,2025-10-31,USD,17751000000.0,9175000000,2609000000.0,2609000000.0,1478040500.0,1750000000.0,8576000000,2047000000.0,549000000.0,549000000.0,4263000000.0,4234000000.0,582000000.0,8872000000,5017000000.0,103000000.0,117000000.0,3855000000.0,807000000.0,2986000000.0,3793000000.0,926000000.0,109000000.0,8879000000,-657000000.0,8000000.0,269700000,USD,1841000000,2432000000,591000000.0,591000000.0,259000000,234000000.0,666000000.0,1582000000,55000000.0,84000000.0,29000000.0,85000000.0,338000000,86000000.0,252000000.0,367000000.0,452000000,252000000,0,0,0,0,0,1,0,0,1,0,0,0,0,0,0,0,0,0,0,0,0,0,0,0,0,0,1,0,0,0,0,0,0,0,0,0,0,0,0,0,0,0,0,0,0,0,239.9199981689453,2025-10-31,
1050,1050,ZM,2025-10-31,USD,11390811000.0,8539920000,1227588000.0,1227588000.0,1478040500.0,417693000.0,2850890999,325721000.0,49330000.0,49330000.0,307295000.0,6727428000.0,167211000.0,2103971000,1959423000.0,12843000.0,20393000.0,144548000.0,48465000.0,0.0,48465000.0,494385000.0,5407000.0,9286840000,5025586000.0,296000.0,308702227,USD,958065000,1229835000,271770000.0,271770000.0,310414000,94740000.0,210097000.0,647651000,0.0,406060000.0,58000000.0,32391000.0,794709000,181836000.0,612873000.0,310414000.0,342805000,612873000,0,0,0,0,0,1,0,0,0,0,0,0,0,0,0,0,0,0,0,0,1,0,0,0,0,0,0,0,0,0,0,0,0,0,0,0,1,0,1,0,0,0,0,0,0,0,87.2300033569336,2025-10-31,
1145,1145,ZS,2025-10-31,USD,6503087000.0,4205961000,1338195000.0,1338195000.0,1478040500.0,530487000.0,2297126000,2047000000.0,215290000.0,215290000.0,994463000.0,1983077000.0,354202000.0,4520759000,2305734000.0,48400000.0,68399000.0,2215025000.0,134170000.0,1699871000.0,1834041000.0,242744000.0,44270000.0,1982328000,-1201173000.0,159000.0,158596000,USD,603359000,788112000,184753000.0,184753000.0,-36362000,65661000.0,200498000.0,639721000,31027000.0,33154000.0,2127000.0,41284000.0,-8374000,3241000.0,-11615000.0,-6247000.0,35037000,-11615000,0,0,0,0,0,1,0,0,1,0,0,0,0,0,0,0,0,0,0,0,0,0,0,0,0,0,0,0,0,0,0,0,0,0,0,0,0,0,0,0,0,0,0,0,0,0,331.1400146484375,2025-10-31,
48,48,ADBE,2025-11-30,USD,29496000000.0,10163000000,5431000000.0,5431000000.0,1478040500.0,2344000000.0,19333000000,2047000000.0,495000000.0,495000000.0,12857000000.0,1164000000.0,1224000000.0,17873000000,10200000000.0,417000000.0,77000000.0,7673000000.0,438000000.0,6210000000.0,6648000000.0,2648000000.0,508000000.0,11623000000,45354000000.0,8000000.0,417000000,USD,5508000000,6194000000,686000000.0,686000000.0,2261000000,421000000.0,1098000000.0,3247000000,198000000.0,0.0,66000000.0,184000000.0,2264000000,408000000.0,1856000000.0,2264000000.0,2448000000,1856000000,0,0,0,0,0,1,0,0,1,0,0,0,0,0,0,0,0,0,0,0,0,0,0,0,0,0,1,0,0,0,0,0,0,0,0,0,0,1,0,0,0,0,0,0,0,0,322.8500061035156,2025-12-01,
735,735,CTAS,2025-11-30,USD,10132881000.0,3540088000,200842000.0,200842000.0,447611000.0,1484328000.0,6592793000,2047000000.0,297729000.0,297729000.0,3483504000.0,0.0,1407307000.0,5677534000,2075985000.0,503273000.0,603476000.0,3601549000.0,259786000.0,2426529000.0,3237065000.0,965582000.0,0.0,4455347000,12421850000.0,2743927000.0,406433000,USD,1412485000,2799992000,1387507000.0,1387507000.0,655714000,756771000.0,0.0,756771000,-27210000.0,866000.0,28076000.0,151000000.0,628504000,133161000.0,495343000.0,645100000.0,656580000,495343000,0,0,0,0,0,0,0,0,1,0,0,0,1,0,0,0,0,0,0,0,0,0,0,1,0,0,0,0,0,0,0,0,0,0,1,0,0,0,0,1,0,0,0,1,0,0,185.0044860839844,2025-12-01,
758,758,STZ,2025-11-30,USD,21683400000.0,2909100000,152400000.0,152400000.0,1379200000.0,708300000.0,18774300000,8211500000.0,2532700000.0,2532700000.0,5190600000.0,0.0,669200000.0,13683100000,2173200000.0,976500000.0,378700000.0,11509900000.0,0.0,10285100000.0,10663800000.0,818000000.0,1224800000.0,7710800000,13550400000.0,2100000.0,174614000,USD,1183200000,2222800000,1039600000.0,1039600000.0,692000000,430400000.0,0.0,491200000,-82800000.0,59700000.0,86600000.0,99000000.0,632300000,110100000.0,522200000.0,718900000.0,817900000,502800000,0,0,0,0,0,0,0,0,0,0,0,0,1,0,0,0,0,0,0,1,0,0,0,0,0,0,0,0,0,0,0,0,0,0,1,0,0,0,0,0,0,0,0,0,0,0,136.97848510742188,2025-12-01,
1240,1240,AAPL,2025-12-31,USD,379297000000.0,158104000000,45317000000.0,45317000000.0,5875000000.0,70320000000.0,221193000000,50159000000.0,986000000.0,986000000.0,4290000000.0,21590000000.0,15002000000.0,291107000000,162367000000.0,70587000000.0,13824000000.0,128740000000.0,0.0,76685000000.0,90509000000.0,68543000000.0,52055000000.0,88190000000,-2177000000.0,95221000000.0,14810356000,USD,69231000000,143756000000,74525000000.0,74525000000.0,50852000000,2095000000.0,10887000000.0,18379000000,0.0,0.0,58000000.0,3214000000.0,51002000000,8905000000.0,42097000000.0,51002000000.0,54216000000,42097000000,0,0,0,0,0,0,0,0,0,1,1,1,0,0,0,0,0,0,0,1,0,0,0,0,0,0,0,0,0,0,0,0,0,0,0,0,1,1,1,0,0,0,0,0,0,0,272.82470703125,2025-12-30,
215,215,ADP,2025-12-31,USD,84639400000.0,74472100000,2424700000.0,2424700000.0,1478040500.0,3408500000.0,10167300000,2047000000.0,1622500000.0,1622500000.0,3294200000.0,45700000.0,68593200000.0,78246400000,72141500000.0,143100000.0,307500000.0,6104900000.0,347600000.0,3976400000.0,4631500000.0,71231900000.0,1051200000.0,6393000000,25992600000.0,63900000.0,404700000,USD,2469600000,5359300000,2889700000.0,2889700000.0,1277400000,1068100000.0,257800000.0,1192200000,-27300000.0,96800000.0,124100000.0,122900000.0,1383200000,321100000.0,1062000000.0,1507300000.0,1630200000,1062100000,0,0,0,0,0,1,0,0,1,0,0,0,0,0,0,0,0,0,0,0,0,0,0,0,0,0,0,0,0,0,0,0,0,0,0,0,0,0,0,0,0,0,0,0,0,0,259.5299987792969,2025-12-30,
643,643,AEP,2025-12-31,USD,117246000000.0,6052000000,268000000.0,268000000.0,1622000000.0,2867000000.0,111194000000,2047000000.0,986000000.0,986000000.0,53000000.0,220000000.0,1075000000.0,84990000000,13314000000.0,3429000000.0,4845000000.0,71676000000.0,678000000.0,44128000000.0,50241000000.0,5040000000.0,905000000.0,31138000000,15441000000.0,3523000000.0,520206000,USD,459000000,5045800000,4586800000.0,4586800000.0,920900000,368000000.0,0.0,-461900000,-533100000.0,0.0,534500000.0,922900000.0,742000000,136800000.0,605200000.0,779300000.0,1702200000,582000000,0,0,0,0,0,0,0,0,1,1,1,0,0,0,0,0,0,0,0,0,0,0,0,0,0,0,0,0,0,0,0,0,0,1,1,0,0,1,0,0,0,0,0,0,0,0,115.08008575439452,2025-12-30,
619,619,ALGN,2025-12-31,USD,6233693000.0,2616562000,1094908000.0,1094908000.0,226343000.0,1101757000.0,3617131000,2047000000.0,93933000.0,93933000.0,491833000.0,0.0,193554000.0,2184546000,1920015000.0,121450000.0,0.0,264531000.0,0.0,0.0,82507000.0,468549000.0,0.0,4049147000,3807700000.0,4049147000.0,71757000,USD,688146000,1047560999,359415000.0,359415000.0,159593000,368000000.0,83036000.0,528553000,0.0,0.0,58000000.0,151000000.0,176595000,40835000.0,471000000.0,645100000.0,159593000,135760000,0,0,0,0,0,0,0,0,1,0,0,0,1,0,0,0,0,1,0,1,1,0,0,1,0,1,0,0,0,0,0,0,0,1,0,0,1,1,1,1,0,0,1,1,0,0,158.13999938964844,2025-12-30,
595,595,AMD,2025-12-31,USD,76926000000.0,26947000000,5539000000.0,5539000000.0,7920000000.0,6315000000.0,49979000000,2312000000.0,16705000000.0,16705000000.0,25126000000.0,5013000000.0,2160000000.0,13927000000,9455000000.0,2929000000.0,874000000.0,4472000000.0,625000000.0,2348000000.0,4472000000.0,5652000000.0,1186000000.0,62999000000,6699000000.0,17000000.0,1649000000,USD,5577000000,10270000000,4693000000.0,4693000000.0,1753000000,1198000000.0,2330000000.0,3825000000,179000000.0,36000000.0,36000000.0,751000000.0,2075000000,455000000.0,1620000000.0,2110000000.0,2861000000,1511000000,0,0,0,0,0,0,0,0,0,0,0,0,0,0,0,0,0,0,0,0,0,0,0,0,0,0,0,0,0,0,0,0,0,0,0,0,0,0,0,0,0,0,0,0,0,0,215.33999633789065,2025-12-30,
120,120,AMGN,2025-12-31,USD,90586000000.0,29057000000,9129000000.0,9129000000.0,6225000000.0,9570000000.0,61529000000,2047000000.0,22276000000.0,22276000000.0,18680000000.0,0.0,4133000000.0,81928000000,25489000000.0,20890000000.0,4599000000.0,56439000000.0,0.0,50005000000.0,54604000000.0,1414000000.0,2378000000.0,8658000000,-25107000000.0,8658000000.0,543000000,USD,8106000000,9896000000,1790000000.0,1790000000.0,3942000000,1952000000.0,2151000000.0,4164000000,-653000000.0,0.0,653000000.0,1132000000.0,1514000000,181000000.0,1333000000.0,3942000000.0,5074000000,1333000000,0,0,0,0,0,0,0,0,1,0,0,0,1,0,0,0,0,0,0,1,0,0,1,0,0,0,0,0,0,0,0,0,0,0,0,0,0,1,0,0,0,0,0,0,0,0,326.4281311035156,2025-12-30,
96,96,AMZN,2025-12-31,USD,818042000000.0,229083000000,86810000000.0,86810000000.0,38325000000.0,67729000000.0,588959000000,443079000000.0,9197000000.0,9197000000.0,23273000000.0,36219000000.0,300000000.0,406977000000,218005000000.0,121909000000.0,455000000.0,188972000000.0,87339000000.0,65648000000.0,152987000000.0,75520000000.0,35985000000.0,411065000000,250536000000.0,112000000.0,10863000000,USD,103427000000,213386000000,109959000000.0,109959000000.0,24977000000,2704000000.0,29399000000.0,78450000000,451000000.0,451000000.0,679000000.0,19471000000.0,26138000000,4946000000.0,21192000000.0,27284000000.0,46755000000,21192000000,0,0,0,0,0,0,0,0,0,0,0,0,0,0,0,0,0,0,0,0,0,0,0,0,0,0,0,0,0,0,0,0,0,0,0,0,0,0,0,0,0,0,0,0,0,0,232.52999877929688,2025-12-30,
1216,1216,AZN,2025-12-31,USD,114074000000.0,28723000000,5711000000.0,5711000000.0,6557000000.0,15177000000.0,85351000000,14703000000.0,37846000000.0,37846000000.0,21242000000.0,30000000.0,1248000000.0,65355000000,30617000000.0,25280000000.0,3567000000.0,34738000000.0,1803000000.0,24715000000.0,29703000000.0,1770000000.0,0.0,48667000000,10972000000.0,388000000.0,3124000000,USD,12385000000,15503000000,3118000000.0,3118000000.0,2978000000,5492000000.0,3862000000.0,9407000000,-349000000.0,135000000.0,472000000.0,1511000000.0,2629000000,300000000.0,2329000000.0,3101000000.0,4612000000,2326000000,0,0,0,0,0,0,0,0,0,0,0,0,0,0,0,0,0,0,0,0,0,0,0,1,0,0,0,0,0,0,0,0,0,0,0,0,0,0,0,0,0,0,0,0,0,0,183.11102294921875,2025-12-30,
1288,1288,BIDU,2025-12-31,USD,449157000000.0,151970000000,24606000000.0,24606000000.0,1478040500.0,13733000000.0,297187000000,2047000000.0,9854000000.0,9854000000.0,36783000000.0,90661000000.0,22970000000.0,159431000000,86328000000.0,38891000000.0,31867000000.0,73103000000.0,0.0,0.0,97077000000.0,15570000000.0,0.0,266330000000,3807700000.0,266330000000.0,344750000,USD,14463000000,32740000000,18277000000.0,18277000000.0,1483000000,368000000.0,5591000000.0,12980000000,0.0,0.0,58000000.0,2286000000.0,2726000000,1029000000.0,471000000.0,2726000000.0,5012000000,1782000000,0,0,0,0,0,1,0,0,1,0,0,0,0,0,0,0,0,0,0,1,1,0,0,1,0,1,0,0,0,0,0,0,0,1,0,0,1,1,1,0,0,0,1,0,0,0,132.3800048828125,2025-12-30,
1312,1312,BIIB,2025-12-31,USD,29439500000.0,8974100000,3008500000.0,3008500000.0,2168100000.0,1867000000.0,20465400000,2047000000.0,9178500000.0,9178500000.0,6491100000.0,807200000.0,1123300000.0,11182700000,3349400000.0,432000000.0,80400000.0,7833300000.0,290400000.0,6286800000.0,6948000000.0,2722200000.0,748500000.0,18256800000,20552700000.0,100000.0,146700000,USD,1783000000,2279300000,496300000.0,496300000.0,-57000000,683000000.0,509300000.0,1840000000,-30300000.0,37200000.0,67500000.0,355700000.0,-211000000,-162589000.0,-48900000.0,-57000000.0,298700000,-48411000,0,0,0,0,0,0,0,0,1,0,0,0,0,0,0,0,0,0,0,0,0,0,0,0,0,0,0,0,0,0,0,0,0,0,0,0,0,0,0,0,0,0,0,0,0,0,176.39999389648438,2025-12-30,
711,711,CDNS,2025-12-31,USD,10153148000.0,4669673000,3001317000.0,3001317000.0,303545000.0,944939000.0,5483474999,2047000000.0,718223000.0,718223000.0,2749143000.0,154213000.0,419872000.0,4678967000,1635291000.0,856856000.0,0.0,3043675999.0,136289000.0,2480150000.0,2480150000.0,1414000000.0,0.0,5474181000,7100756000.0,8000000.0,272932000,USD,1651331000,1440114000,-211217000.0,-211217000.0,463335000,103225000.0,464582000.0,1187996000,-4683000.0,24757000.0,29440000.0,64559000.0,492961000,104825000.0,388136000.0,522401000.0,586960000,388136000,0,0,0,0,0,0,0,0,1,0,0,0,0,0,0,0,0,1,0,0,0,0,1,1,0,0,1,0,0,0,0,0,0,0,0,0,0,0,0,0,0,0,0,0,0,0,315.6000061035156,2025-12-30,
1336,1336,CHTR,2025-12-31,USD,154213000000.0,5144000000,477000000.0,477000000.0,1478040500.0,3680000000.0,149069000000,2047000000.0,67911000000.0,67911000000.0,29710000000.0,0.0,987000000.0,133694000000,13306000000.0,1034000000.0,1668000000.0,120388000000.0,0.0,95453000000.0,97121000000.0,10182000000.0,5094000000.0,16054000000,-5393000000.0,8000000.0,128928000,USD,5487000000,13601000000,8114000000.0,8114000000.0,3354000000,1042000000.0,0.0,2133000000,-1270000000.0,0.0,1270000000.0,2194000000.0,1961000000,415000000.0,1546000000.0,3231000000.0,5425000000,1332000000,0,0,0,0,0,1,0,0,1,0,0,0,1,0,0,0,0,0,0,1,0,0,0,0,0,0,1,0,0,0,0,0,0,0,1,0,0,1,0,0,0,0,0,0,0,0,209.6000061035156,2025-12-30,
1096,1096,DDOG,2025-12-31,USD,6643844000.0,5382280000,401305000.0,401305000.0,1478040500.0,741262000.0,1261564000,2047000000.0,14968000.0,14968000.0,530568000.0,4073531000.0,166182000.0,2911638000,1591401000.0,148791000.0,39369000.0,1320237000.0,295556000.0,983449000.0,1535192000.0,209595000.0,11890000.0,3732206000,137789000.0,3000.0,365516000,USD,766300000,953194000,186894000.0,186894000.0,9356000,74641000.0,417926000.0,756944000,44729000.0,47329000.0,2600000.0,35343000.0,53470000,6903000.0,46567000.0,9356000.0,44699000,46567000,0,0,0,0,0,1,0,0,1,0,0,0,0,0,0,0,0,0,0,0,0,0,0,0,0,0,0,0,0,0,0,0,0,0,0,0,0,0,0,0,0,0,0,0,0,0,137.47999572753906,2025-12-30,
239,239,FISV,2025-12-31,USD,80133000000.0,24654000000,798000000.0,798000000.0,1478040500.0,3981000000.0,55479000000,2047000000.0,5068000000.0,5068000000.0,37703000000.0,0.0,19875000000.0,54324000000,23890000000.0,5307000000.0,1239000000.0,30434000000.0,0.0,0.0,28997000000.0,16479000000.0,0.0,25809000000,3807700000.0,8000000.0,537000000,USD,3016000000,5284000000,2268000000.0,2268000000.0,1171000000,368000000.0,0.0,1845000000,0.0,0.0,375000000.0,1028000000.0,1015000000,202000000.0,471000000.0,1321000000.0,2349000000,811000000,0,0,0,0,0,1,0,0,1,0,0,0,1,0,0,0,0,0,0,1,1,0,0,1,0,1,1,0,0,0,0,0,0,1,1,0,1,1,0,0,0,0,1,0,0,0,67.54000091552734,2025-12-30,
805,805,FTNT,2025-12-31,USD,10389200000.0,5900200000,2495300000.0,2495300000.0,399500000.0,1691200000.0,4489000000,2047000000.0,354700000.0,354700000.0,354700000.0,1087200000.0,227000000.0,9151700000,5034000000.0,230800000.0,499700000.0,4117700000.0,0.0,0.0,996300000.0,667500000.0,0.0,1237500000,-507900000.0,700000.0,748000000,USD,1515800000,1905000000,389200000.0,389200000.0,625600000,57300000.0,205000000.0,891600000,0.0,0.0,4400000.0,39500000.0,650800000,144800000.0,471000000.0,655200000.0,694700000,506000000,0,0,0,0,0,0,0,0,1,0,0,0,0,0,0,0,0,0,0,1,1,0,0,1,0,0,0,0,0,0,0,0,0,0,0,0,1,1,0,0,0,0,1,0,0,0,80.30999755859375,2025-12-30,
263,263,GILD,2025-12-31,USD,59023000000.0,19886000000,2272900000.0,2272900000.0,4368000000.0,4913000000.0,39137000000,2047000000.0,16978000000.0,16978000000.0,8314000000.0,10605000000.0,501776500.0,36405000000,11813000000.0,582187500.0,0.0,24592000000.0,0.0,0.0,6120000000.0,11813000000.0,0.0,22618000000,3807700000.0,8000000.0,1253000000,USD,6882000000,7925000000,1043000000.0,1043000000.0,2964000000,368000000.0,1565000000.0,3918000000,0.0,0.0,255000000.0,151000000.0,2078000000,-105000000.0,471000000.0,645100000.0,2334000000,2183000000,0,0,0,1,1,0,0,0,1,0,0,0,0,1,0,0,1,1,0,1,1,1,0,1,0,1,1,0,0,0,0,0,0,1,0,0,1,1,0,1,0,0,1,1,0,0,123.18000030517578,2025-12-30,
72,72,GOOGL,2025-12-31,USD,595281000000.0,206038000000,30708000000.0,30708000000.0,1478040500.0,62886000000.0,389243000000,261818000000.0,986000000.0,986000000.0,33380000000.0,96135000000.0,16309000000.0,180016000000,102745000000.0,12200000000.0,0.0,77271000000.0,12744000000.0,46547000000.0,72035000000.0,74436000000.0,8449000000.0,415265000000,324055000000.0,12086000.0,12228000000,USD,68130000000,113896000000,45766000000.0,45766000000.0,36002000000,5341000000.0,18572000000.0,32128000000,911000000.0,3115000000.0,438000000.0,6040000000.0,39117000000,4662000000.0,34455000000.0,39415000000.0,45455000000,34455000000,0,0,0,0,0,1,0,0,0,1,1,0,0,0,0,0,0,0,0,0,0,0,0,0,0,0,0,0,0,0,0,0,0,0,0,0,0,0,0,0,0,0,0,0,0,0,313.8500061035156,2025-12-30,
829,829,IDXX,2025-12-31,USD,3350759000.0,1340264000,180070000.0,180070000.0,377756000.0,693191000.0,2010495000,2047000000.0,109843000.0,109843000.0,414004000.0,0.0,89247000.0,1745376000,1148814000.0,110408000.0,500069000.0,596561999.0,0.0,0.0,1077213000.0,503073000.0,0.0,1605383000,6391902000.0,10837000.0,80675000,USD,658114000,1090579000,432465000.0,432465000.0,315605000,108616000.0,66833000.0,342509000,0.0,0.0,10516000.0,38721000.0,306982000,58794000.0,471000000.0,317498000.0,356219000,248188000,0,0,0,0,0,0,0,0,1,0,0,0,1,0,0,0,0,0,0,1,1,0,0,1,0,0,0,0,0,0,0,0,0,0,0,0,1,1,0,0,0,0,1,0,0,0,682.3200073242188,2025-12-30,
0,0,INTC,2025-12-31,USD,211429000000.0,63688000000,14265000000.0,14265000000.0,11618000000.0,3839000000.0,147741000000,105414000000.0,2772000000.0,2772000000.0,23912000000.0,23151000000.0,22433000000.0,85069000000,31575000000.0,9882000000.0,2499000000.0,53494000000.0,0.0,44086000000.0,46585000000.0,18590000000.0,9408000000.0,114281000000,48983000000.0,65185000000.0,4856000000,USD,4943000000,13674000000,8731000000.0,8731000000.0,550000000,1174000000.0,3219000000.0,4393000000,186000000.0,242000000.0,283000000.0,3027000000.0,338000000,671000000.0,-333000000.0,621000000.0,3648000000,-591000000,0,0,0,0,0,0,0,0,0,0,0,0,0,0,0,0,0,0,0,1,0,0,0,0,0,0,0,0,0,0,0,0,0,0,0,0,0,0,0,0,0,0,0,0,0,0,37.29999923706055,2025-12-30,
310,310,ISRG,2025-12-31,USD,20631200000.0,9779500000,3368000000.0,3368000000.0,1840000000.0,1628200000.0,10851700000,2047000000.0,11100000.0,11100000.0,370300000.0,2566900000.0,376400000.0,2689500000,2006200000.0,255100000.0,39000000.0,683300000.0,0.0,0.0,302800000.0,1080000000.0,225800000.0,17824000000,7011800000.0,400000.0,360400000,USD,1904300000,2866200000,961900000.0,961900000.0,864300000,687100000.0,352900000.0,1040000000,91300000.0,91300000.0,58000000.0,220900000.0,955600000,156100000.0,799500000.0,864300000.0,1085200000,794800000,0,0,0,0,0,0,0,0,1,0,0,0,0,0,0,0,0,0,0,1,1,0,0,0,0,0,0,0,0,0,0,0,0,0,0,0,0,0,1,0,0,0,0,0,0,0,572.6300048828125,2025-12-30,
357,357,KHC,2025-12-31,USD,81786000000.0,10127000000,2615000000.0,2615000000.0,3167000000.0,2254000000.0,71659000000,2047000000.0,37529000000.0,37529000000.0,22179000000.0,1060000000.0,1031000000.0,39997000000,8778000000.0,4308000000.0,0.0,31219000000.0,0.0,19311000000.0,19311000000.0,3149000000.0,1434000000.0,41664000000,-4629000000.0,12000000.0,1187000000,USD,2072000000,6354000000,4282000000.0,4282000000.0,1084000000,837000000.0,0.0,988000000,-201000000.0,37000000.0,238000000.0,251000000.0,897000000,249000000.0,648000000.0,1135000000.0,1386000000,651000000,0,0,0,0,0,0,0,0,1,0,0,0,0,0,0,0,0,1,0,1,0,0,0,0,0,0,0,0,0,0,0,0,0,0,1,0,0,0,0,0,0,0,0,0,0,0,24.43000030517578,2025-12-30,
853,853,KLAC,2025-12-31,USD,16720228000.0,11033194000,2452124000.0,2452124000.0,3282605000.0,2166698000.0,5687034000,2047000000.0,348018000.0,348018000.0,1790597000.0,2755340000.0,376427000.0,11254497000,3982472000.0,425189000.0,50987000.0,7272025000.0,223350000.0,5886128000.0,6281841000.0,2048954000.0,181928000.0,5465731000,2860594000.0,2604177000.0,132205000,USD,2025936000,3297146000,1271210000.0,1271210000.0,1362146000,279919000.0,383871000.0,663790000,-69668000.0,0.0,69668000.0,99268000.0,1330303000,184621000.0,1145682000.0,1399971000.0,1499239000,1145682000,0,0,0,0,0,0,0,0,1,0,0,0,0,0,0,0,0,0,0,0,0,0,0,0,0,0,0,0,0,0,0,0,0,0,0,0,0,1,0,0,0,0,0,0,0,0,1242.0361328125,2025-12-30,
1192,1192,LCID,2025-12-31,USD,8386981000.0,3299651000,997827000.0,997827000.0,1109529000.0,177162000.0,5087330000,2047000000.0,986000000.0,986000000.0,4290000000.0,0.0,1015133000.0,7669694000,2636130000.0,487521000.0,755968000.0,5033564000.0,0.0,0.0,860527000.0,1392641000.0,0.0,717287000,-15610745000.0,33000.0,3134001360,USD,-421906000,522730000,944636000.0,944636000.0,-1064754000,368000000.0,361007000.0,642848000,0.0,0.0,22015000.0,1200000.0,-812258000,1762000.0,471000000.0,-790243000.0,-789043000,-814020000,0,0,0,0,0,0,0,0,1,1,1,1,1,0,0,0,0,0,0,1,1,0,0,1,0,0,0,0,0,0,0,0,0,1,0,0,1,1,0,0,0,0,1,0,0,0,10.899999618530272,2025-12-30,
1168,1168,META,2025-12-31,USD,366021000000.0,108722000000,35873000000.0,35873000000.0,1478040500.0,19769000000.0,257299000000,2047000000.0,3692000000.0,3692000000.0,24534000000.0,45719000000.0,7361000000.0,148778000000,41836000000.0,8894000000.0,2213000000.0,106942000000.0,25153000000.0,58744000000.0,83897000000.0,9724000000.0,4253000000.0,217243000000,121179000000.0,8000000.0,2574000000,USD,48988000000,59894000000,10906000000.0,10906000000.0,24745000000,3697000000.0,17136000000.0,24243000000,727000000.0,625000000.0,708000000.0,5411000000.0,25353000000,2585000000.0,22768000000.0,26061000000.0,31472000000,22768000000,0,0,0,0,0,1,0,0,1,0,0,0,0,0,0,0,0,0,0,0,0,0,0,0,0,0,1,0,0,0,0,0,0,0,0,0,0,0,0,0,0,0,0,0,0,0,665.9500122070312,2025-12-30,
924,924,MRNA,2025-12-31,USD,12338000000.0,6544000000,2595000000.0,2595000000.0,153000000.0,184000000.0,5794000000,2047000000.0,986000000.0,986000000.0,4290000000.0,3204000000.0,408000000.0,3688000000,1987000000.0,317000000.0,0.0,1701000000.0,0.0,0.0,1916000000.0,1571000000.0,0.0,8650000000,7223000000.0,8000000.0,392000000,USD,226000000,678000000,452000000.0,452000000.0,-857000000,368000000.0,775000000.0,1083000000,0.0,0.0,58000000.0,67000000.0,-799000000,27000000.0,471000000.0,-799000000.0,-732000000,-826000000,0,0,0,0,0,0,0,0,1,1,1,1,0,0,0,0,0,1,0,1,1,0,0,1,0,0,1,0,0,0,0,0,0,1,0,0,1,1,1,0,0,0,1,0,0,0,30.40999984741211,2025-12-30,
24,24,MSFT,2025-12-31,USD,665302000000.0,180190000000,24296000000.0,24296000000.0,1059000000.0,56535000000.0,485112000000,286229000000.0,20289000000.0,20289000000.0,119622000000.0,65166000000.0,33134000000.0,274427000000,130005000000.0,37328000000.0,4837000000.0,144422000000.0,17345000000.0,35425000000.0,57607000000.0,34414000000.0,58852000000.0,390875000000,280789000000.0,112788000000.0,7460000000,USD,55295000000,81273000000,25978000000.0,25978000000.0,38275000000,1932000000.0,8504000000.0,17020000000,104000000.0,840000000.0,736000000.0,9198000000.0,48246000000,9788000000.0,38458000000.0,48982000000.0,58180000000,38458000000,0,0,0,0,0,0,0,0,0,0,0,0,0,0,0,0,0,0,0,0,0,0,0,0,0,0,0,0,0,0,0,0,0,0,0,0,0,0,0,0,0,0,0,0,0,0,486.3699035644531,2025-12-30,
900,900,MTCH,2025-12-31,USD,4460811000.0,1427294000,1027838000.0,1027838000.0,1478040500.0,303495000.0,3033517000,2047000000.0,192929000.0,192929000.0,2339350000.0,3461000.0,92500000.0,4714315000,1006545000.0,9577000.0,423580000.0,3707770000.0,0.0,0.0,3972679000.0,378529000.0,0.0,-253504000,-5966307000.0,300000.0,254087000,USD,655521000,878006000,222485000.0,222485000.0,284681000,89489000.0,109174000.0,370840000,0.0,0.0,43111000.0,21128000.0,254707000,45051000.0,471000000.0,297818000.0,318946000,209649000,0,0,0,0,0,1,0,0,1,0,0,0,0,0,0,0,0,0,0,1,1,0,0,1,0,0,0,0,0,0,0,0,0,0,0,0,1,1,0,0,0,0,1,0,0,0,31.971755981445312,2025-12-30,
404,404,NXPI,2025-12-31,USD,26560000000.0,7940000000,3267000000.0,3267000000.0,2577000000.0,1055000000.0,18620000000,2047000000.0,1547000000.0,1547000000.0,10299000000.0,0.0,1041000000.0,16109000000,3881000000.0,997000000.0,1250000000.0,12228000000.0,0.0,0.0,12222000000.0,1634000000.0,0.0,10056000000,3807700000.0,8000000.0,254078000,USD,1786999999,3334999999,1548000000.0,1548000000.0,929999999,368000000.0,571999999.0,856999999,0.0,0.0,108000000.0,215000000.0,599000000,131000000.0,471000000.0,747999999.0,962999999,454999999,0,0,0,0,0,0,0,0,1,0,0,0,1,0,0,0,0,0,0,1,1,0,0,1,0,1,1,0,0,0,0,0,0,1,0,0,1,1,0,0,0,0,1,0,0,0,219.97999572753903,2025-12-30,
428,428,PYPL,2025-12-31,USD,80173000000.0,59759000000,8049000000.0,8049000000.0,1478040500.0,47510000000.0,20414000000,2047000000.0,208000000.0,208000000.0,10864000000.0,2373000000.0,1827000000.0,59917000000,46443000000.0,40438000000.0,0.0,13474000000.0,0.0,9987000000.0,9987000000.0,6005000000.0,3487000000.0,20256000000,32470000000.0,8000000.0,939000000,USD,3670000000,8758000000,5088000000.0,5088000000.0,1673000000,502000000.0,804000000.0,1997000000,7000000.0,118000000.0,111000000.0,234000000.0,1627000000,190000000.0,1437000000.0,1738000000.0,1972000000,1437000000,0,0,0,0,0,1,0,0,1,0,0,0,0,0,0,0,0,1,0,1,0,0,0,0,0,0,1,0,0,0,0,0,0,0,0,0,0,0,0,0,0,0,0,0,0,0,58.92160034179688,2025-12-30,
452,452,QCOM,2025-12-31,USD,53034000000.0,24608000000,7205000000.0,7205000000.0,6665000000.0,4153000000.0,28426000000,2047000000.0,1627000000.0,1627000000.0,14183000000.0,4617000000.0,1968000000.0,29961000000,9822000000.0,2709000000.0,0.0,20139000000.0,0.0,14817000000.0,14817000000.0,6734000000.0,5243000000.0,23073000000,22498000000.0,8000000.0,1079000000,USD,6684000000,12252000000,5568000000.0,5568000000.0,3366000000,865000000.0,2453000000.0,3318000000,-33000000.0,136000000.0,169000000.0,151000000.0,3547000000,543000000.0,3004000000.0,645100000.0,3366000000,3004000000,0,0,0,0,0,0,0,0,1,0,0,0,0,0,0,0,0,1,0,1,0,0,0,0,0,0,1,0,0,0,0,0,0,0,0,0,0,0,0,1,0,0,0,1,0,0,173.64999389648438,2025-12-30,
476,476,REGN,2025-12-31,USD,40558700000.0,18021900000,3118100000.0,3118100000.0,3200800000.0,5741100000.0,22536800000,2047000000.0,1257400000.0,1257400000.0,4290000000.0,5487100000.0,474800000.0,9301800000,4368400000.0,939000000.0,37800000.0,4933400000.0,720000000.0,1985900000.0,2705900000.0,2876400000.0,2018800000.0,31256900000,35797100000.0,100000.0,107500000,USD,3299700000,3884300000,584600000.0,584600000.0,879900000,775000000.0,1626100000.0,2419800000,181100000.0,193300000.0,12200000.0,145000000.0,1043700000,199100000.0,844600000.0,1055900000.0,1200900000,844600000,0,0,0,0,0,0,0,0,1,0,0,1,0,0,0,0,0,0,0,0,0,0,0,0,0,0,0,0,0,0,0,0,0,0,0,0,0,0,0,0,0,0,0,0,0,0,773.0101318359375,2025-12-30,
571,571,SBUX,2025-12-31,USD,32228300000.0,12022600000,3413400000.0,3413400000.0,2114400000.0,1219200000.0,20205700000,2047000000.0,167200000.0,167200000.0,1311100000.0,184900000.0,5090700000.0,40609600000,11486600000.0,1682200000.0,2842400000.0,29123000000.0,9390500000.0,14580900000.0,33518500000.0,4840300000.0,746500000.0,-8388700000,-8685400000.0,1100000.0,1141900000,USD,1548600000,9908400000,8359799999.0,8359799999.0,909800000,638800000.0,0.0,638800000,-126000000.0,13000000.0,165000000.0,431900000.0,764800000,471600000.0,293200000.0,929800000.0,1361700000,293300000,0,0,0,0,0,0,0,0,1,0,0,0,0,0,0,0,0,0,0,0,0,0,0,0,0,0,0,0,0,0,0,0,0,0,1,0,0,0,0,0,0,0,0,0,0,0,84.70375061035156,2025-12-30,
523,523,SIRI,2025-12-31,USD,27237000000.0,1098000000,94000000.0,94000000.0,1478040500.0,761000000.0,26139000000,2047000000.0,1455000000.0,1455000000.0,12390000000.0,0.0,243000000.0,15674000000,3653000000.0,1290000000.0,1058000000.0,12021000000.0,0.0,8648000000.0,9706000000.0,329000000.0,1043000000.0,11563000000,11614000000.0,-1000000.0,356000000,USD,1052000000,2193000000,1141000000.0,1141000000.0,226000000,142000000.0,72000000.0,826000000,-111000000.0,0.0,111000000.0,151000000.0,135000000,36000000.0,99000000.0,246000000.0,397000000,99000000,0,0,0,0,0,1,0,0,1,0,0,0,1,0,0,0,0,0,0,1,0,0,0,0,0,0,0,0,0,0,0,0,0,0,0,0,0,1,0,0,0,0,0,0,0,0,19.964170455932617,2025-12-30,
547,547,SWKS,2025-12-31,USD,7867900000.0,3103000000,1550400000.0,1550400000.0,767500000.0,398400000.0,4764900000,2047000000.0,764500000.0,764500000.0,2176700000.0,8300000.0,378400000.0,2109000000,1295000000.0,209300000.0,538000000.0,814000000.0,196700000.0,496600000.0,1192900000.0,452800000.0,68800000.0,5758900000,5629700000.0,37500000.0,150500000,USD,427200000,1035400000,608200000.0,608200000.0,115200000,108400000.0,203400000.0,311800000,-6300000.0,0.0,6300000.0,117400000.0,109700000,30500000.0,79200000.0,116000000.0,233400000,79200000,0,0,0,0,0,0,0,0,1,0,0,0,0,0,0,0,0,0,0,0,0,0,0,0,0,0,0,0,0,0,0,0,0,0,0,0,0,1,0,0,0,0,0,0,0,0,63.69441604614258,2025-12-30,
144,144,ADI,2026-01-31,USD,47991190000.0,7602526000,2905860000.0,2905860000.0,1767104000.0,1360184000.0,40388664000,2047000000.0,7629200000.0,7629200000.0,26945180000.0,1142987000.0,426391000.0,14203931000,4330623000.0,549058000.0,1441942000.0,9873308000.0,0.0,0.0,8682221000.0,1583794000.0,0.0,33787259000,10886107000.0,81369000.0,491656000,USD,2044976000,3160263000,1115287000.0,1115287000.0,997026000,368000000.0,467400000.0,1047950000,0.0,0.0,86345000.0,490501000.0,945871000,115045000.0,471000000.0,1032216000.0,1522717000,830826000,0,0,0,0,0,0,0,0,1,0,0,0,0,0,0,0,0,0,0,1,1,0,0,1,0,0,0,0,0,0,0,0,0,1,0,0,1,1,0,0,0,0,1,0,0,0,309.9096374511719,2026-01-30,
168,168,AMAT,2026-01-31,USD,37644000000.0,21049000000,7218000000.0,7218000000.0,5997000000.0,4977000000.0,16595000000,2047000000.0,215000000.0,215000000.0,3707000000.0,1293000000.0,1564000000.0,15927000000,7753000000.0,1924000000.0,201000000.0,8174000000.0,0.0,0.0,7190000000.0,2649000000.0,0.0,21717000000,56888000000.0,8000000.0,799000000,USD,3435000000,7012000000,3577000000.0,3577000000.0,2096000000,189000000.0,928000000.0,1339000000,0.0,0.0,69000000.0,127000000.0,2328000000,302000000.0,471000000.0,2096000000.0,2223000000,2026000000,0,0,0,0,0,0,0,0,1,0,0,0,0,0,0,0,0,0,0,1,1,0,0,1,0,0,0,0,0,0,0,0,0,0,0,0,1,1,0,0,0,0,1,0,0,0,321.91851806640625,2026-01-30,
781,781,CPRT,2026-01-31,USD,10594962000.0,6176180000,5101821000.0,5101821000.0,41870000.0,861630000.0,4418782000,2047000000.0,57292000.0,57292000.0,523473000.0,0.0,170859000.0,787728000,613873000.0,582187500.0,16692000.0,173855000.0,0.0,0.0,96136000.0,549171000.0,0.0,9789045000,8634076000.0,96000.0,976095000,USD,492812000,1121674000,628862000.0,628862000.0,388710000,89393000.0,0.0,104102000,0.0,0.0,58000000.0,55387000.0,441049000,91082000.0,471000000.0,388710000.0,444097000,350732000,0,0,0,0,0,0,0,0,1,0,0,0,1,0,0,0,1,0,0,1,1,0,0,1,0,0,0,0,0,0,0,0,0,0,1,0,1,1,1,0,0,0,1,0,0,0,40.58000183105469,2026-01-30,
1264,1264,CSCO,2026-01-31,USD,123371000000.0,35131000000,7458000000.0,7458000000.0,3920000000.0,9550000000.0,88240000000,2351000000.0,8307000000.0,8307000000.0,59234000000.0,8319000000.0,5884000000.0,75648000000,36786000000.0,2762000000.0,8719000000.0,38862000000.0,0.0,21367000000.0,30086000000.0,8911000000.0,3167000000.0,47723000000,66000000.0,48493000000.0,3987000000,USD,9972000000,15349000000,5377000000.0,5377000000.0,3781000000,688000000.0,2355000000.0,6191000000,0.0,160000000.0,370000000.0,659000000.0,3646000000,471000000.0,471000000.0,4016000000.0,4675000000,3175000000,0,0,0,0,0,0,0,0,0,0,0,0,0,0,0,0,0,0,0,1,0,0,0,0,0,0,0,0,0,0,0,0,0,0,0,0,1,0,0,0,0,0,1,0,0,0,78.31999969482422,2026-01-30,
1120,1120,PANW,2026-01-31,USD,24979000000.0,8369000000,4158000000.0,4158000000.0,1478040500.0,2116000000.0,16610000000,2047000000.0,1249000000.0,1249000000.0,6931000000.0,378000000.0,1717000000.0,15586000000,8009000000.0,262000000.0,0.0,7577000000.0,372000000.0,0.0,372000000.0,1499000000.0,949000000.0,9393000000,3250000000.0,6097000000.0,713000000,USD,1909000000,2594000000,685000000.0,685000000.0,400000000,178000000.0,511000000.0,1512000000,109000000.0,109000000.0,0.0,226000000.0,549000000,117000000.0,432000000.0,400000000.0,626000000,432000000,0,0,0,0,0,1,0,0,1,0,0,0,0,0,0,0,0,1,0,0,1,0,0,0,0,0,0,0,0,0,0,0,0,0,0,0,0,0,0,0,0,0,0,0,0,0,176.97000122070312,2026-01-30,
1025,1025,WDAY,2026-01-31,USD,18074000000.0,8429000000,1501000000.0,1501000000.0,1478040500.0,2332000000.0,9645000000,2047000000.0,681000000.0,681000000.0,5229000000.0,3942000000.0,654000000.0,10269000000,6378000000.0,142000000.0,130000000.0,3891000000.0,0.0,0.0,834000000.0,1096000000.0,0.0,7805000000,-512000000.0,8000000.0,263411000,USD,1921000000,2532000000,611000000.0,611000000.0,304000000,251000000.0,691000000.0,1617000000,0.0,0.0,58000000.0,97000000.0,264000000,119000000.0,471000000.0,264000000.0,361000000,145000000,0,0,0,0,0,1,0,0,1,0,0,0,0,0,0,0,0,0,0,1,1,0,0,1,0,0,1,0,0,0,0,0,0,0,0,0,1,1,1,0,0,0,1,0,0,0,175.6300048828125,2026-01-30,
1049,1049,ZM,2026-01-31,USD,11960416000.0,8657959000,1272877000.0,1272877000.0,1478040500.0,497339000.0,3302457000,2047000000.0,986000000.0,986000000.0,400392000.0,6544031000.0,343712000.0,2152158000,1999190000.0,6268000.0,0.0,152968000.0,0.0,0.0,30710000.0,581773000.0,0.0,9808258000,5699666000.0,295000.0,303087489,USD,951293000,1246992000,295699000.0,295699000.0,249892000,118968000.0,222915000.0,701401000,0.0,0.0,58000000.0,32961000.0,863649000,189569000.0,471000000.0,863649000.0,896610000,674080000,0,0,0,0,0,1,0,0,1,1,1,0,0,0,0,0,0,1,0,1,1,0,0,1,0,0,0,0,0,0,0,0,0,0,0,0,1,1,1,0,0,0,1,0,0,0,92.0999984741211,2026-01-30,
1144,1144,ZS,2026-01-31,USD,6753828000.0,4450763000,1202751000.0,1202751000.0,1478040500.0,551820000.0,2303065000,2047000000.0,193376000.0,193376000.0,1001401000.0,2310000000.0,386192000.0,4557880000,2340966000.0,29031000.0,67587000.0,2216914000.0,0.0,0.0,1864388000.0,260779000.0,0.0,2195948000,-1235485000.0,161000.0,159683000,USD,624491000,815751000,191260000.0,191260000.0,-51773000,78181000.0,229137000.0,676264000,0.0,0.0,4221000.0,46058000.0,-21298000,13014000.0,471000000.0,-17077000.0,28981000,-34312000,0,0,0,0,0,1,0,0,1,0,0,0,0,0,0,0,0,0,0,1,1,0,0,1,0,0,0,0,0,0,0,0,0,0,0,0,1,1,0,0,0,0,1,0,0,0,200.00999450683597,2026-01-30,
